#include "thai_font.h"


#if (THAILAND_FUN_EN == 1)



//**************************************************

//大字体  Cordia New 25

//1：电脑检测完成，请按运行按键 ! >> 点击此处 ???????????????????? ??????????????！》????????
unsigned short const Thai_Font25_Pic_1[] = { 
582,56,
////////0x0000,0x0000,0x0000,0x0000,0x0000,0x0000,0x0000,0x0000,0x0000,0x0000,0x0000,0x0000,0x0000,0x0000,0x0000,0x0000,
////////0x0000,0x0000,0x0000,0x0000,0x0000,0x0000,0x0000,0x0000,0x0000,0x0000,0x0000,0x0000,0x0000,0x0000,0x0000,0x0000,
////////0x0000,0x0000,0x0000,0xe000,0x0000,0x0000,0x0000,0x0000,0x0000,0x0000,0x0000,0x0000,0x0000,0x0000,0x0000,0x0000,
////////0x0000,0x0000,0x0000,0x0000,0x0000,0x0000,0x0000,0x0000,0x0000,0x0000,0x0000,0x0000,0x0000,0x0000,0x0000,0x0000,
////////0x0000,0x0000,0x0000,0x0000,0x0000,0x0000,0x0000,0x0001,0x2100,0x0000,0x0000,0x0000,0x0000,0x0000,0x0000,0x0000,
////////0x0000,0x0000,0x0000,0x0000,0x0000,0x0000,0x0000,0x0000,0x0000,0x0000,0x0000,0x0000,0x0000,0x0000,0x0000,0x0000,
////////0x0000,0x0000,0x0000,0x0000,0x0000,0x0000,0x0000,0x0000,0x0000,0x0000,0x0000,0x0000,0x0001,0x2300,0x0000,0x0000,
////////0x0000,0x0000,0x0000,0x0000,0x0000,0x0000,0x0000,0x0000,0x0000,0x0000,0x0000,0x0000,0x0000,0x0000,0x0000,0x0000,
////////0x0000,0x0000,0x0000,0x0000,0x0000,0x0000,0x0000,0x0000,0x0000,0x0000,0x0000,0x0000,0x0000,0x0000,0x0000,0x0000,
////////0x0000,0x0000,0xe200,0x0000,0x0000,0x0000,0x0000,0x0000,0x0000,0x0000,0x0000,0x0000,0x0000,0x0000,0x0000,0x0000,
////////0x0000,0x0000,0x0000,0x0000,0x0000,0x0000,0x0000,0x0000,0x0000,0x0000,0x0000,0x0000,0x0000,0x0000,0x0000,0x0000,
////////0x0000,0x0000,0x0000,0x0000,0x0000,0x0000,0x0000,0x6400,0x0000,0x0000,0x0000,0x0000,0x0000,0x0000,0x0000,0x0000,
////////0x0000,0x0000,0x0000,0x0000,0x0000,0x0000,0x0000,0x0000,0x0000,0x0000,0x0000,0x0000,0x0000,0x0000,0x0000,0x0000,
////////0x0000,0x0000,0x0000,0x0000,0x0000,0x0000,0x0000,0x0000,0x0000,0x0000,0x0000,0x0000,0xd800,0x0000,0x0000,0x0000,
////////0x0000,0x0000,0x0000,0x0000,0x0000,0x0000,0x0000,0x0000,0x0000,0x0000,0x0000,0x0000,0x0000,0x0000,0x0000,0x0000,
////////0x0000,0x0000,0x0000,0x0000,0x0000,0x0000,0x0000,0x0000,0x0000,0x0000,0x0000,0x0000,0x0000,0x0000,0x0000,0x0000,
////////0x0000,0xf000,0x0000,0x0000,0x0000,0x0000,0x0000,0x0000,0x0000,0x0000,0x0000,0x0000,0x0000,0x0000,0x0000,0x0000,
////////0x0000,0x0000,0x0000,0x0000,0x0000,0x0000,0x0000,0x0000,0x0000,0x0000,0x0000,0x0000,0x0000,0x0000,0x0000,0x0000,
////////0x0000,0x0000,0x0000,0x0000,0x0000,0x0000,0x0000,0x0000,0x0000,0x0000,0x0000,0x0000,0x0000,0x0000,0x0000,0x0000,
////////0x0000,0x0000,0x0000,0x0c00,0x0000,0x0000,0x0000,0x0000,0x0000,0x0000,0x0000,0x0000,0x0000,0x0000,0x0000,0x0000,
////////0x000c,0x0000,0x0000,0x0000,0x0000,0x0000,0x0000,0x0000,0x0000,0x0000,0x0000,0x3000,0x0000,0x0000,0x0000,0x0000,
////////0x0000,0x0000,0x0000,0x0000,0x0000,0x0000,0x0000,0x0000,0x0c00,0x0000,0x001e,0x0000,0x0000,0x0000,0x0000,0x0000,
////////0x0000,0x0000,0x0000,0x0000,0x0000,0x000c,0xc003,0xc000,0x0000,0x0000,0x0000,0x0000,0x0000,0x0000,0x0000,0x0000,
////////0x3000,0x0000,0x0000,0x0000,0x0000,0x0000,0x0000,0x0000,0x0000,0x0000,0x0000,0x0000,0x0007,0xcc00,0x0000,0x0012,
////////0x1800,0x0000,0x0000,0x0000,0x0000,0x2000,0x0000,0x7800,0x0000,0x0000,0x000c,0xc002,0x4300,0x0000,0x0000,0x0000,
////////0x0000,0x0000,0x0000,0x0000,0x001f,0x3000,0x0000,0x0000,0x0000,0x0000,0x0000,0x0000,0x0000,0x0000,0x0000,0x0000,
////////0x0000,0x0018,0x3c00,0x0000,0x0012,0x1000,0x0000,0x0000,0x0000,0x0006,0x2000,0x0000,0x4c00,0x0000,0x0000,0x000d,
////////0xc002,0x4200,0x0000,0x0000,0x0000,0x0000,0x0000,0x0000,0x0000,0x0060,0xf000,0x0000,0x0000,0x0000,0x0000,0x0000,
////////0x0000,0x0000,0x0000,0x0000,0x0000,0x0000,0x0030,0x1c00,0x0000,0x001e,0x2000,0x0000,0x0000,0x0000,0x0006,0x2000,
////////0x0000,0xc400,0x0000,0x0000,0x000d,0x4003,0xc400,0x0000,0x0000,0x0000,0x0000,0x0000,0x0000,0x0000,0x00c0,0x7000,
////////0x0000,0x0000,0x0000,0x0000,0x0000,0x0000,0x0000,0x0000,0x0000,0x0000,0x0000,0x003f,0xcc00,0x0000,0x0006,0x6000,
////////0x0000,0x0000,0x0000,0x0006,0x2000,0x0000,0x4c00,0x0000,0x0000,0x000e,0x4000,0xcc00,0x0000,0x0000,0x0000,0x0000,
////////0x0000,0x0000,0x0000,0x00ff,0x3000,0x0000,0x0000,0x0000,0x0000,0x0000,0x0000,0x0000,0x0000,0x0000,0x0000,0x0000,
////////0x0000,0x3400,0x0000,0x000d,0x8000,0x0000,0x0000,0x0000,0x0006,0x2000,0x0000,0x7800,0x0000,0x0000,0x000e,0x4001,
////////0xb000,0x0000,0x0000,0x0000,0x0000,0x0000,0x0000,0x0000,0x0000,0xd000,0x0000,0x0000,0x0000,0x0000,0x0000,0x0000,
////////0x0000,0x0000,0x0000,0x0000,0x0000,0x0000,0x0c00,0x0000,0x001f,0x0000,0x0000,0x0000,0x0000,0x0006,0x2000,0x0000,
////////0x0000,0x0000,0x0000,0x000c,0x4003,0xe001,0x8000,0x0000,0x0000,0x0000,0x0000,0x0000,0x0000,0x0000,0x3000,0x0000,
////////0x0000,0x0000,0x0000,0x0000,0x0600,0x0000,0x0000,0x0000,0x0000,0x0000,0x0000,0x0000,0x0000,0x0000,0x0000,0x0000,
////////0x0000,0x0000,0x0000,0x2000,0x0000,0x0000,0x0000,0x0000,0x0000,0x4000,0x0001,0x8000,0x0000,0x0000,0x0000,0x0000,
////////0x0000,0x0000,0x0000,0x0000,0x0000,0x0000,0x0000,0x0000,0x0000,0x0600,0x0000,0x0000,0x0000,0x0000,0x0000,0x0000,
////////0x0000,0x0000,0x0000,0x0000,0x0000,0x0000,0x0000,0x0000,0x2000,0x0000,0x0000,0x0000,0x0000,0x0000,0x4000,0x0001,
////////0x8000,0x0000,0x0000,0x0000,0x0000,0x0000,0x0000,0x0000,0x0000,0x0000,0x0079,0xc078,0x0f00,0x7c00,0xfc03,0xe01c,
////////0x0203,0xc1e0,0x8e01,0x0700,0x8300,0xf03c,0x30e0,0x101e,0x03e0,0x0f0c,0x001f,0x801f,0x01c0,0x20e0,0x30e1,0xc07c,
////////0x0070,0x3e03,0x80c0,0x401f,0x0001,0x8000,0x0000,0x0000,0x03f0,0x03e0,0x1e70,0x1e00,0xe0e0,0x3000,0x0000,0x00ce,
////////0x6186,0x30c1,0x8703,0x0c06,0x1826,0x020c,0x3321,0x9301,0x0980,0x8303,0x0c66,0x3130,0x1061,0x8618,0x198c,0x0070,
////////0xe030,0xc260,0x2190,0x3131,0x20c3,0x0090,0x6184,0xc0c0,0x4030,0xc001,0x8004,0x0004,0x0000,0x0e1c,0x0618,0x3398,
////////0x6181,0x2130,0x3000,0x0000,0x00c4,0x2102,0x2041,0x0106,0x1a0c,0x0c26,0x0208,0x1323,0x1301,0x0980,0x8302,0x04e6,
////////0x3130,0x1040,0x8c0c,0x398c,0x00c0,0x2060,0x6260,0x2190,0x3133,0x3181,0x0098,0xc084,0xc0c0,0x4060,0x6001,0x8003,
////////0x0003,0x0000,0x1804,0x0c0c,0x3108,0x4081,0x3130,0x3000,0x0000,0x00c0,0x2303,0x6063,0x0184,0x3318,0x0426,0x0218,
////////0x192e,0x1301,0x0980,0x8306,0x06e6,0x3130,0x10c0,0xd804,0x398c,0x0038,0x30ce,0x2260,0x2190,0x3133,0x3101,0x8098,
////////0x80c4,0xc0c0,0x40ce,0x2001,0x8000,0xe000,0xe000,0x0706,0x19c4,0x3008,0xc0c1,0x3130,0x3000,0x0000,0x00c0,0x23fb,
////////0x6063,0x3884,0x631b,0xc41e,0x021f,0xd8f8,0x0f01,0x0780,0x8307,0xf6dc,0x30f0,0x10fe,0xdbc4,0x370c,0x0030,0x30c9,
////////0x21e0,0x20f0,0x30f2,0x3001,0x80f8,0x00c3,0xc0c0,0x40c9,0x2001,0x8000,0x1800,0x1800,0x0606,0x1924,0x3008,0xfec1,
////////0xf0f0,0x3000,0x0000,0x00ce,0x2018,0x6062,0x6c8c,0xf112,0x4606,0x0200,0xc000,0x0301,0x0180,0x8300,0x30c0,0x3030,
////////0x1006,0x1246,0x300c,0x0060,0x30d9,0x2060,0x2010,0x3036,0x3001,0x8018,0x00c0,0xc0c0,0x40d9,0x2001,0x8000,0x0700,
////////0x0700,0x0c06,0x1b24,0x3388,0x0600,0x3030,0x3000,0x0000,0x00db,0x2018,0x6062,0x448d,0x9912,0x6606,0x0200,0xc000,
////////0x0301,0x0180,0x8300,0x3060,0x3030,0x1006,0x1266,0x180c,0x0060,0x30d9,0x2060,0x2010,0x3036,0x3001,0x9818,0x00c0,
////////0xc0c0,0x40d9,0x2001,0x8000,0x0080,0x0080,0x0c06,0x1b24,0x36c8,0x0630,0x3030,0x3000,0x0000,0x00d1,0x2018,0x0060,
////////0x6c81,0x0902,0x4606,0x0200,0xc000,0x0301,0x0180,0x8300,0x301e,0x3030,0x1006,0x0246,0x078c,0x0060,0x30cf,0x2060,
////////0x2010,0x3034,0x3001,0x8c18,0x00c0,0xc0c0,0x40cf,0x2001,0x8000,0x0700,0x0700,0x0c06,0x19e4,0x3448,0x0618,0x3030,
////////0x3000,0x0000,0x00d9,0x2018,0x0060,0x3e83,0x0903,0xc606,0x0200,0xc000,0x0301,0x0180,0x8300,0x3030,0x3030,0x1006,
////////0x03c6,0x0c0c,0x0060,0x30c6,0x2060,0x2010,0x303c,0x3001,0x8618,0x00c0,0xc0c0,0x40c6,0x2001,0x8000,0x1800,0x1800,
////////0x0c06,0x18c4,0x3648,0x060c,0x3030,0x3000,0x0000,0x00ce,0x2018,0x0060,0x0282,0x0502,0x0606,0x0200,0xc000,0x0301,
////////0x0180,0x8300,0x3020,0x3030,0x1006,0x0206,0x080c,0x0060,0x30cc,0x2060,0x207c,0x3038,0x3001,0x8318,0x00c0,0xc0c0,
////////0x40cc,0x2001,0x8000,0xe000,0xe000,0x0c06,0x1984,0x3388,0x0606,0x3030,0x3000,0x0000,0x00cc,0x2078,0x01e0,0x0283,
////////0xc502,0x0606,0x0203,0xc1e0,0x8301,0x0180,0x83e0,0xf020,0x3030,0x101e,0x0206,0x080c,0x0060,0x30d8,0x2060,0x2096,
////////0x3038,0x3001,0x8198,0x00c0,0xc3c0,0x78d8,0x2001,0x8003,0x0003,0x0000,0x0c06,0x1b04,0x3308,0x1e03,0x3030,0xf000,
////////0x0000,0x00d8,0x2098,0x0360,0x0386,0x4302,0x0606,0x0204,0xc321,0x8301,0x0180,0x8321,0x3020,0x3030,0x1026,0x0206,
////////0x080c,0x0060,0x30d0,0x2060,0x2191,0xb038,0x3001,0x80d8,0x00c0,0xce20,0x4cd0,0x2000,0x0004,0x0004,0x0000,0x0c06,
////////0x1a04,0x3608,0x2601,0xb033,0x8800,0x0000,0x00f0,0x2098,0x0260,0x0186,0x4302,0x0606,0x0204,0xc323,0x0301,0x0180,
////////0x8321,0x3020,0x3030,0x1026,0x0206,0x080c,0x0060,0x30f0,0x2060,0x2190,0xf030,0x3001,0x8078,0x00c0,0xd230,0x4cf0,
////////0x2000,0x0000,0x0000,0x0000,0x0c06,0x1e04,0x3c08,0x2600,0xf034,0x8c00,0x0000,0x00e0,0x2098,0x0360,0x0182,0x4302,
////////0x0606,0x0204,0xc12e,0x0301,0x0180,0x8121,0x3020,0x3030,0x1026,0x0206,0x080c,0x0060,0x30e0,0x2060,0x20d0,0x7030,
////////0x3001,0x8038,0x00c0,0xe220,0x4ce0,0x2001,0x8000,0x0000,0x0000,0x0c06,0x1c04,0x3808,0x2600,0x7038,0x8800,0x0000,
////////0x00c0,0x2070,0x01c0,0x0183,0x8303,0xfe1f,0xfe03,0x80f8,0x0fff,0x07ff,0x81e0,0xe03f,0xf0ff,0xf01c,0x03fe,0x0ffc,
////////0x0060,0x30c0,0x21ff,0xe070,0x3030,0x3001,0x8038,0x00c0,0xc1e0,0x78c0,0x2001,0x8000,0x0000,0x0000,0x0c06,0x1804,
////////0x3008,0x1c00,0x7030,0x7800,0x0000,0x0000,0x0000,0x0000,0x0000,0x0000,0x0000,0x0000,0x0000,0x0000,0x0000,0x0000,
////////0x0000,0x0000,0x0000,0x0000,0x0000,0x0000,0x0000,0x0000,0x0000,0x0000,0x0000,0x0000,0x0000,0x0000,0x0000,0x0000,
////////0x0000,0x0000,0x0000,0x0000,0x0000,0x0000,0x0000,0x0000,0x0000,0x0000,0x0000,0x0000,0x0000,0x0000,0x0000,0x0000,
////////0x0000,0x0000,0x0000,0x0000,0x0000,0x0000,0x0000,0x0000,0x0000,0x0000,0x0000,0x0000,0x0000,0x7000,0x0000,0x0000,
////////0x0000,0x0000,0x0000,0x0000,0x0000,0x0000,0x0000,0x0000,0x0000,0x0000,0x0000,0x0000,0x0000,0x0000,0x0000,0x0000,
////////0x0000,0x0000,0x0000,0x0000,0x0000,0x0000,0x0000,0x0000,0x0000,0x0000,0x0000,0x0000,0x0000,0x0000,0x0000,0x0000,
////////0x0000,0x0000,0xc800,0x0000,0x0000,0x0000,0x0000,0x0000,0x0000,0x0000,0x0000,0x0000,0x0000,0x0000,0x0000,0x0000,
////////0x0000,0x0000,0x0000,0x0000,0x0000,0x0000,0x0000,0x0000,0x0000,0x0000,0x0000,0x0000,0x0000,0x0000,0x0000,0x0000,
////////0x0000,0x0000,0x0000,0x0000,0x0000,0x0000,0x0000,0xc800,0x0000,0x0000,0x0000,0x0000,0x0000,0x0000,0x0000,0x0000,
////////0x0000,0x0000,0x0000,0x0000,0x0000,0x0000,0x0000,0x0000,0x0000,0x0000,0x0000,0x0000,0x0000,0x0000,0x0000,0x0000,
////////0x0000,0x0000,0x0000,0x0000,0x0000,0x0000,0x0000,0x0000,0x0000,0x0000,0x0000,0x0000,0x7800,0x0000,0x0000,0x0000,
////////0x0000,0x0000,0x0000,0x0000,0x0000,0x0000,0x0000,0x0000,0x0000,0x0000,0x0000,0x0000,0x0000,0x0000,0x0000,0x0000,
////////0x0000,0x0000,0x0000,0x0000,0x0000,0x0000,0x0000,0x0000,0x0000,0x0000,0x0000,0x0000,0x0000,0x0000,0x0000,0x0000,
////////0x0000,0x0800,0x0000,0x0000,0x0000,0x0000,0x0000,0x0000,0x0000,0x0000,0x0000,0x0000,0x0000,0x0000,0x0000,0x0000,
////////0x0000,0x0000,0x0000,0x0000,0x0000,0x0000,0x0000,0x0000,0x0000,0x0000,0x0000,0x0000,0x0000,0x0000,0x0000,0x0000,
////////0x0000,0x0000,0x0000,0x0000,0x0000,0x0000,0x0800,0x0000,0x0000,0x0000,0x0000,0x0000,0x0000,0x0000,0x0000,0x0000,
////////0x0000,0x0000,0x0000,0x0000,0x0000,0x0000,0x0000,0x0000,0x0000,0x0000,0x0000,0x0000,0x0000,0x0000,0x0000,0x0000,
////////0x0000,0x0000,0x0000,0x0000,0x0000,0x0000,0x0000,0x0000,0x0000,0x0000,0x0000,0x0800,0x0000,0x0000,0x0000,0x0000,
////////0x0000,0x0000,0x0000,0x0000,0x0000,0x0000,0x0000,0x0000,0x0000,0x0000,0x0000,0x0000,0x0000,0x0000,0x0000,0x0000,
////////0x0000,0x0000,0x0000,0x0000,0x0000,0x0000,0x0000,0x0000,0x0000,0x0000,0x0000,0x0000,0x0000,0x0000,0x0000,0x0000,
////////0x0000,0x0000,0x0000,0x0000,0x0000,0x0000,0x0000,0x0000,0x0000,0x0000,0x0000,0x0000,0x0000,0x0000,0x0000,0x0000,
////////0x0000,0x0000,0x0000,0x0000,0x0000,0x0000,0x0000,0x0000,0x0000,0x0000,0x0000,0x0000,0x0000,0x0000,0x0000,0x0000,
////////0x0000,0x0000,0x0000,0x0000,0x0000,0x0000,0x0000,0x0000,0x0000,0x0000,0x0000,0x0000,0x0000,0x0000,0x0000,0x0000,
////////0x0000,0x0000,0x0000,0x0000,0x0000,0x0000,0x0000,0x0000,0x0000,0x0000,0x0000,0x0000,0x0000,0x0000,0x0000,0x0000,
////////0x0000,0x0000,0x0000,0x0000,0x0000,0x0000,0x0000,0x0000,0x0000,0x0000,0x0000,0x0000,0x0000,0x0000,0x0000,0x0000,
////////0x0000,0x0000,0x0000,0x0000,0x0000,0x0000,0x0000,0x0000,0x0000,0x0000,0x0000,0x0000,0x0000,0x0000,0x0000,0x0000,
////////0x0000,0x0000,0x0000,0x0000,0x0000,0x0000,0x0000,0x0000,0x0000,0x0000,0x0000,0x0000,0x0000,0x0000,0x0000,0x0000,
////////0x0000,0x0000,0x0000,0x0000,0x0000,0x0000,0x0000,0x0000,0x0000,0x0000,0x0000,0x0000,0x0000,0x0000,0x0000,0x0000,
////////0x0000,0x0000,0x0000,0x0000,0x0000,0x0000,0x0000,0x0000,0x0000,0x0000,0x0000,0x0000,0x0000,0x0000,0x0000,0x0000,
////////0x0000,0x0000,0x0000,0x0000,0x0000,0x0000,0x0000,0x0000,0x0000,0x0000,0x0000,0x0000,0x0000,0x0000,0x0000,0x0000,
////////0x0000,0x0000,0x0000,0x0000,0x0000,0x0000,0x0000,0x0000,0x0000,0x0000,0x0000,0x0000,0x0000,0x0000,0x0000,0x0000,
////////0x0000,0x0000,0x0000,0x0000,0x0000,0x0000,0x0000,0x0000,0x0000,0x0000,0x0000,0x0000,0x0000,0x0000,0x0000,0x0000,
////////0x0000,0x0000,0x0000,0x0000,0x0000,0x0000,0x0000,0x0000,0x0000,0x0000,0x0000,0x0000,0x0000,0x0000,0x0000,0x0000,
////////0x0000,0x0000,0x0000,0x0000,0x0000,0x0000,0x0000,0x0000,0x0000,0x0000,0x0000,0x0000,0x0000,0x0000,0x0000,0x0000,
////////0x0000,0x0000,0x0000,0x0000,0x0000,0x0000,0x0000,0x0000,0x0000,0x0000,0x0000,0x0000,0x0000,0x0000,0x0000,0x0000,
////////0x0000,0x0000,0x0000,0x0000,0x0000,0x0000,0x0000,0x0000,0x0000,0x0000,0x0000,0x0000,0x0000,0x0000,0x0000,0x0000,
////////0x0000,0x0000,0x0000,0x0000,0x0000,0x0000,0x0000,0x0000,0x0000,0x0000,0x0000,0x0000,0x0000,0x0000,0x0000,0x0000,
////////0x0000,0x0000,0x0000,0x0000,0x0000,0x0000,0x0000,0x0000,0x0000,0x0000,0x0000,0x0000,0x0000,0x0000,0x0000,0x0000,
////////0x0000,0x0000,0x0000,0x0000,0x0000,0x0000,0x0000,0x0000,0x0000,0x0000,0x0000,0x0000,0x0000,0x0000,0x0000,0x0000,
////////0x0000,0x0000,0x0000,0x0000,0x0000,0x0000,0x0000,0x0000,0x0000,0x0000,0x0000,0x0000,0x0000,0x0000,0x0000,0x0000,
////////0x0000,0x0000,0x0000,0x0000,0x0000,0x0000,0x0000,0x0000,0x0000,0x0000,0x0000,0x0000,0x0000,0x0000,0x0000,0x0000,
////////0x0000,0x0000,0x0000,0x0000,0x0000,0x0000,0x0000,0x0000,0x0000,0x0000,0x0000,0x0000,0x0000,0x0000,0x0000,0x0000,
////////0x0000,0x0000,0x0000,0x0000,0x0000,0x0000,0x0000,0x0000,0x0000,0x0000,0x0000,0x0000,0x0000,0x0000,0x0000,0x0000,
////////0x0000,0x0000,0x0000,0x0000,0x0000,0x0000,0x0000,0x0000,0x0000,0x0000,0x0000,0x0000,0x0000,0x0000,0x0000,0x0000,
////////0x0000,0x0000,0x0000,0x0000,0x0000,0x0000,0x0000,0x0000,0x0000,0x0000,0x0000,0x0000,0x0000,0x0000,0x0000,0x0000,
////////0x0000,0x0000,0x0000,0x0000,0x0000,0x0000,0x0000,0x0000,0x0000,0x0000,0x0000,0x0000,0x0000,0x0000,0x0000,0x0000,
////////0x0000,0x0000,0x0000,0x0000,0x0000,0x0000,0x0000,0x0000,0x0000,0x0000,0x0000,0x0000,0x0000,0x0000,0x0000,0x0000,
////////0x0000,0x0000,0x0000,0x0000,0x0000,0x0000,0x0000,0x0000,0x0000,0x0000,0x0000,0x0000,0x0000,0x0000,0x0000,0x0000,
////////0x0000,0x0000,0x0000,0x0000,0x0000,0x0000,0x0000,0x0000,0x0000,0x0000,0x0000,0x0000,0x0000,0x0000,0x0000,0x0000,
////////0x0000,0x0000,0x0000,0x0000,0x0000,0x0000,0x0000,0x0000,0x0000,0x0000,0x0000,0x0000,0x0000,0x0000,0x0000,0x0000,
////////0x0000,0x0000,0x0000,0x0000,0x0000,0x0000,0x0000,0x0000,0x0000,0x0000,0x0000,0x0000,0x0000,0x0000,0x0000,0x0000,
////////0x0000,0x0000,0x0000,0x0000,0x0000,0x0000,0x0000,0x0000,0x0000,0x0000,0x0000,0x0000,0x0000,0x0000,0x0000,0x0000,
////////0x0000,0x0000,0x0000,0x0000,0x0000,0x0000,0x0000,0x0000,0x0000,0x0000,0x0000,0x0000,0x0000,0x0000,0x0000,0x0000,
////////0x0000,0x0000,0x0000,0x0000,0x0000,0x0000,0x0000,0x0000
};

//2：程序     ???????
unsigned short const Thai_Font25_Pic_2[] = { 
107,56,
//////0x0000,0x0000,0x0000,0x0000,0x0000,0x0000,0x0000,0x0000,0x0000,0x0000,0x0000,0x0000,0x0000,0x0000,0x0000,0x0000,
//////0x0000,0x0000,0x0000,0x0000,0x0000,0x0000,0x0000,0x0000,0x0000,0x0000,0x0000,0x0000,0x0000,0x0000,0x0000,0x0000,
//////0x0000,0x0000,0x0000,0x0000,0x0000,0x0000,0x0000,0x0000,0x0000,0x0000,0x0000,0x0000,0x0000,0x0000,0x0000,0x0000,
//////0x0000,0x0000,0x0000,0x0000,0x0000,0x0000,0x0000,0x0000,0x0000,0x0000,0x0000,0x0000,0x0000,0x0000,0x0000,0x00f8,
//////0x0000,0x0000,0x0000,0x0000,0x0000,0x0000,0x018c,0x0008,0x0000,0x0000,0x0000,0x0000,0x0000,0x0306,0x0008,0x0000,
//////0x0000,0x0000,0x0000,0x0000,0x0302,0x0008,0x0000,0x0000,0x0000,0x0000,0x0000,0x0180,0x0008,0x0000,0x0000,0x0000,
//////0x0000,0x0000,0x00e0,0x0008,0x0000,0x0000,0x0000,0x0000,0x0000,0x0030,0x0008,0x0000,0x0000,0x0000,0x0000,0x0000,
//////0x0030,0x0008,0x0000,0x0000,0x0000,0x0000,0x0000,0x0030,0x0008,0x0000,0x0000,0x0000,0x0000,0x0000,0x0030,0x7008,
//////0x0f02,0x0807,0xe00f,0x0701,0x8000,0x0030,0x9808,0x30c2,0x081c,0x3830,0xcc81,0x8000,0x0030,0x9808,0x2042,0x0830,
//////0x0820,0x4c81,0x8000,0x0030,0x9808,0x6062,0x080e,0x0c60,0x6c81,0x8000,0x0030,0x7808,0x7f62,0x080c,0x0c7f,0x6781,
//////0x8000,0x0030,0x1808,0x0302,0x0818,0x0c03,0x0081,0x8000,0x0030,0x1808,0x0302,0x0818,0x0c03,0x0081,0x8000,0x0030,
//////0x1808,0x0302,0x0818,0x0c03,0x0081,0x8000,0x0030,0x1808,0x0302,0x0818,0x0c03,0x0081,0x8000,0x0030,0x1808,0x0302,
//////0x0818,0x0c03,0x03e1,0x8000,0x003c,0x1808,0x0f03,0xcf18,0x0c0f,0x04b1,0x8000,0x0036,0x1808,0x1302,0x4d98,0x0c13,
//////0x0c8d,0x8000,0x0022,0x1808,0x1302,0x6998,0x0c13,0x0c87,0x8000,0x0036,0x1808,0x1302,0x4d98,0x0c13,0x0683,0x8000,
//////0x001c,0x7ff8,0x0e03,0xc718,0x0c0e,0x0381,0x8000,0x0000,0x0000,0x0000,0x0000,0x0000,0x0000,0x0000,0x0000,0x0000,
//////0x0000,0x0000,0x0000,0x0000,0x0000,0x0000,0x0000,0x0000,0x0000,0x0000,0x0000,0x0000,0x0000,0x0000,0x0000,0x0000,
//////0x0000,0x0000,0x0000,0x0000,0x0000,0x0000,0x0000,0x0000,0x0000,0x0000,0x0000,0x0000,0x0000,0x0000,0x0000,0x0000,
//////0x0000,0x0000,0x0000,0x0000,0x0000,0x0000,0x0000,0x0000,0x0000,0x0000,0x0000,0x0000,0x0000,0x0000,0x0000,0x0000,
//////0x0000,0x0000,0x0000,0x0000,0x0000,0x0000,0x0000,0x0000,0x0000,0x0000,0x0000,0x0000,0x0000,0x0000,0x0000,0x0000,
//////0x0000,0x0000,0x0000,0x0000,0x0000,0x0000,0x0000,0x0000,0x0000,0x0000,0x0000,0x0000,0x0000,0x0000,0x0000,0x0000,
//////0x0000,0x0000,0x0000,0x0000,0x0000,0x0000,0x0000,0x0000,0x0000,0x0000,0x0000,0x0000,0x0000,0x0000,0x0000,0x0000,
//////0x0000,0x0000,0x0000,0x0000,0x0000,0x0000,0x0000,0x0000,0x0000,0x0000,0x0000,0x0000,0x0000,0x0000,0x0000,0x0000,
//////0x0000,0x0000,0x0000,0x0000,0x0000,0x0000,0x0000,0x0000,0x0000,0x0000,0x0000,0x0000,0x0000,0x0000,0x0000,0x0000,
//////0x0000,0x0000,0x0000,0x0000,0x0000,0x0000,0x0000,0x0000,0x0000,0x0000,0x0000,0x0000,0x0000,0x0000,0x0000,0x0000,
//////0x0000,0x0000,0x0000,0x0000,0x0000,0x0000,0x0000,0x0000
};

//3：步骤   ???????
unsigned short const Thai_Font25_Pic_3[] = { 
90,56,
////////0x0007,0x0000,0x0000,0x0000,0x0000,0x0000,0x0009,0x0800,0x0000,0x0000,0x0000,0x0000,0x0009,0x1800,0x0000,0x0000,
////////0x0000,0x0000,0x0007,0x1000,0x0000,0x0000,0x0000,0x0000,0x0003,0x2000,0x0000,0x0000,0x0000,0x0000,0x0006,0xc000,
////////0x0000,0x0000,0x0000,0x0000,0x0007,0x8000,0x0000,0x0000,0x0000,0x0000,0x0000,0x0000,0x0000,0x0000,0x0000,0x0000,
////////0x0000,0x0000,0x0000,0x0000,0x0000,0x0000,0x0000,0x0000,0x0000,0x0000,0x0000,0x0000,0x0000,0x0000,0x0000,0x0000,
////////0x0000,0x0000,0x0000,0x0200,0x0000,0x0000,0x0000,0x0000,0x0007,0x8600,0x0000,0x0000,0x0000,0x0000,0x0004,0x8c00,
////////0x0000,0x0000,0x0000,0x0000,0x0004,0xb800,0x0000,0x0000,0x0000,0x0000,0x0003,0xe000,0x0000,0x0000,0x0000,0x0000,
////////0x0000,0x0000,0x0000,0x0000,0x0000,0x0000,0x0000,0x0000,0x0000,0x0000,0x0000,0x0000,0x0078,0xc380,0xc1e7,0x01f0,
////////0x0e03,0x0000,0x00cc,0xc4c0,0xc339,0x830c,0x1303,0x0000,0x01e6,0xc4c0,0xc310,0x8606,0x1303,0x0000,0x0136,0xc4c0,
////////0xc300,0x8c02,0x1303,0x0000,0x0134,0xc3c0,0xc300,0x8de2,0x0f03,0x0000,0x012c,0xc0c0,0xc338,0x8923,0x0303,0x0000,
////////0x00ec,0xc0c0,0xc36c,0x8933,0x0303,0x0000,0x0008,0xc0c0,0xc344,0x8123,0x0303,0x0000,0x0008,0xc0c0,0xc364,0x81e3,
////////0x0303,0x0000,0x0008,0xc0c0,0xc338,0x8103,0x0303,0x0000,0x0008,0xc0c3,0xc330,0x8103,0x030f,0x0000,0x0008,0xc0ce,
////////0x2360,0x8103,0x0338,0x8000,0x0008,0xc0d2,0x33c0,0x8103,0x0348,0xc000,0x0008,0xc0e2,0x2380,0x8103,0x0388,0x8000,
////////0x003f,0xc0c1,0xe300,0x81ff,0x0307,0x8000,0x0000,0x0000,0x0000,0x0000,0x0000,0x0000,0x0000,0x0000,0x0000,0x0000,
////////0x0000,0x0000,0x0000,0x0000,0x0000,0x0000,0x0000,0x0000,0x0000,0x0000,0x0000,0x0000,0x0000,0x0000,0x0000,0x0000,
////////0x0000,0x0000,0x0000,0x0000,0x0000,0x0000,0x0000,0x0000,0x0000,0x0000,0x0000,0x0000,0x0000,0x0000,0x0000,0x0000,
////////0x0000,0x0000,0x0000,0x0000,0x0000,0x0000,0x0000,0x0000,0x0000,0x0000,0x0000,0x0000,0x0000,0x0000,0x0000,0x0000,
////////0x0000,0x0000,0x0000,0x0000,0x0000,0x0000,0x0000,0x0000,0x0000,0x0000,0x0000,0x0000,0x0000,0x0000,0x0000,0x0000,
////////0x0000,0x0000,0x0000,0x0000,0x0000,0x0000,0x0000,0x0000,0x0000,0x0000,0x0000,0x0000,0x0000,0x0000,0x0000,0x0000,
////////0x0000,0x0000,0x0000,0x0000,0x0000,0x0000,0x0000,0x0000,0x0000,0x0000,0x0000,0x0000,0x0000,0x0000,0x0000,0x0000,
////////0x0000,0x0000,0x0000,0x0000,0x0000,0x0000,0x0000,0x0000,0x0000,0x0000,0x0000,0x0000,0x0000,0x0000,0x0000,0x0000,
////////0x0000,0x0000,0x0000,0x0000,0x0000,0x0000,0x0000,0x0000,0x0000,0x0000,0x0000,0x0000,0x0000,0x0000,0x0000,0x0000,

};

//4：标称位置   ??????????????
unsigned short const Thai_Font25_Pic_4[] = { 
180,56,
//////0x0000,0x0000,0x0000,0x0000,0x0000,0x0000,0x0000,0x0000,0x0000,0x0000,0x0000,0x0000,0x0000,0x0000,0x0000,0x0000,
//////0x0000,0x0000,0x0000,0x0000,0x0000,0x0000,0x0000,0x0000,0x0000,0x0000,0x0000,0x0000,0x0000,0x0000,0x0000,0x0000,
//////0x0000,0x0000,0x0000,0x0000,0x0000,0x0000,0x0000,0x0000,0x0000,0x0000,0x0000,0x0000,0x0000,0x0000,0x0000,0x0000,
//////0x0000,0x0000,0x0000,0x0000,0x0000,0x0000,0x0000,0x0000,0x0000,0x0000,0x0000,0x0000,0x0000,0x0000,0x0000,0x0000,
//////0x0000,0x0000,0x0000,0x0000,0x0000,0x0000,0x0000,0x0000,0x0000,0x0000,0x0000,0x0000,0x0000,0x0000,0x0000,0x0000,
//////0x0000,0x0000,0x0000,0x0000,0x0000,0x0000,0x0000,0x0000,0x0000,0x0000,0x0000,0x0000,0x0000,0x0000,0x0000,0x0000,
//////0x0000,0x0000,0x0000,0x0000,0x0000,0x0000,0x0000,0x0000,0x0000,0x0000,0x0000,0x0000,0x0000,0x0000,0x0000,0x0000,
//////0x0000,0x0000,0x0000,0x0000,0x0000,0x0000,0x0000,0x0000,0x0000,0x7800,0x0000,0x0000,0x0000,0x0000,0x0000,0x0000,
//////0x0000,0x0000,0x0000,0x0000,0x0000,0x4c00,0x0000,0x0000,0x000c,0x0000,0x0000,0x0000,0x0006,0x0000,0x0000,0x0000,
//////0x0000,0xc400,0x0000,0x0000,0x000c,0x0000,0x0000,0x0000,0x0006,0x0000,0x0000,0x0000,0x0000,0x4c00,0x0000,0x0000,
//////0x000c,0x0000,0x0000,0x0000,0x0006,0x0000,0x0000,0x0000,0x0000,0x7800,0x0000,0x0000,0x000c,0x0000,0x0000,0x0000,
//////0x0006,0x0000,0x0000,0x0000,0x0000,0x0000,0x0000,0x0000,0x000c,0x0000,0x0000,0x0000,0x0006,0x0000,0x0000,0x0000,
//////0x0000,0x0000,0x0000,0x0000,0x0000,0x0000,0x0000,0x0000,0x0000,0x0000,0x0000,0x0000,0x0000,0x0000,0x0000,0x0000,
//////0x0000,0x0000,0x0000,0x0000,0x0002,0x0000,0x0000,0x0000,0x0079,0xc0f8,0x0410,0x383c,0x380c,0x0381,0xe701,0xe07c,
//////0x03c6,0x0f80,0x0e00,0x0000,0x00ce,0x6186,0x0410,0x4824,0x4c0c,0x0483,0x3986,0x18c3,0x0c7c,0x1860,0x1200,0x0000,
//////0x00c4,0x2302,0x0410,0x4c24,0x4c0c,0x04c3,0x1084,0x0981,0x0f1c,0x3020,0x1300,0x0000,0x00c0,0x2203,0x0410,0x4c3c,
//////0x4c0c,0x04c3,0x008c,0x0d01,0x8936,0x2030,0x1300,0x0000,0x00c0,0x2003,0x0410,0x3c18,0x3c0c,0x07c3,0x008f,0xec01,
//////0x9966,0x0030,0x1f00,0x0000,0x00ce,0x2003,0x0410,0x0c1c,0x0c0c,0x00c3,0x3880,0x6001,0x8966,0x0030,0x0300,0x0000,
//////0x00db,0x2003,0x0410,0x0c3c,0x0c0c,0xc0c3,0x6c80,0x6001,0x8e66,0x0033,0x0300,0x0000,0x00d1,0x2003,0x0410,0x0c6c,
//////0x0c0c,0x60c3,0x4480,0x6001,0x8066,0x0031,0x8300,0x0000,0x00d9,0x2003,0x0410,0x0ccc,0x0c0c,0x30c3,0x6480,0x6001,
//////0x8066,0x0030,0xc300,0x0000,0x00ce,0x2003,0x0410,0x0c8c,0x0c0c,0x18c3,0x3880,0x6001,0x8066,0x0030,0x6300,0x0000,
//////0x00cc,0x2003,0x079e,0x0d8c,0x0c3c,0x0cc3,0x3081,0xe001,0x8066,0x0030,0x3300,0x0000,0x00d8,0x2003,0x049b,0x0f0c,
//////0x0ce2,0x06c3,0x6082,0x6001,0x8066,0x0030,0x1b00,0x0000,0x00f0,0x2003,0x04d3,0x0e0c,0x0d23,0x03c3,0xc082,0x6001,
//////0x8066,0x0030,0x0f00,0x0000,0x00e0,0x2003,0x049b,0x0e0c,0x0e22,0x01c3,0x8082,0x6001,0x8066,0x0030,0x0700,0x0000,
//////0x00c0,0x2003,0x078e,0x0c0c,0x0c1e,0x01c3,0x0081,0xc001,0x80fe,0x0030,0x0700,0x0000,0x0000,0x0000,0x0000,0x0000,
//////0x0000,0x0000,0x0000,0x0000,0x0000,0x0000,0x0000,0x0000,0x0000,0x0000,0x0000,0x0000,0x0000,0x0000,0x0000,0x0000,
//////0x0000,0x0000,0x0000,0x0000,0x0000,0x0000,0x0000,0x0000,0x0000,0x0000,0x0000,0x0000,0x0000,0x0000,0x0000,0x0000,
//////0x0000,0x0000,0x0000,0x0000,0x0000,0x0000,0x0000,0x0000,0x0000,0x0000,0x0000,0x0000,0x0000,0x0000,0x0000,0x0000,
//////0x0000,0x0000,0x0000,0x0000,0x0000,0x0000,0x0000,0x0000,0x0000,0x0000,0x0000,0x0000,0x0000,0x0000,0x0000,0x0000,
//////0x0000,0x0000,0x0000,0x0000,0x0000,0x0000,0x0000,0x0000,0x0000,0x0000,0x0000,0x0000,0x0000,0x0000,0x0000,0x0000,
//////0x0000,0x0000,0x0000,0x0000,0x0000,0x0000,0x0000,0x0000,0x0000,0x0000,0x0000,0x0000,0x0000,0x0000,0x0000,0x0000,
//////0x0000,0x0000,0x0000,0x0000,0x0000,0x0000,0x0000,0x0000,0x0000,0x0000,0x0000,0x0000,0x0000,0x0000,0x0000,0x0000,
//////0x0000,0x0000,0x0000,0x0000,0x0000,0x0000,0x0000,0x0000,0x0000,0x0000,0x0000,0x0000,0x0000,0x0000,0x0000,0x0000,
//////0x0000,0x0000,0x0000,0x0000,0x0000,0x0000,0x0000,0x0000,0x0000,0x0000,0x0000,0x0000,0x0000,0x0000,0x0000,0x0000,
//////0x0000,0x0000,0x0000,0x0000,0x0000,0x0000,0x0000,0x0000,0x0000,0x0000,0x0000,0x0000,0x0000,0x0000,0x0000,0x0000,
//////0x0000,0x0000,0x0000,0x0000,0x0000,0x0000,0x0000,0x0000,0x0000,0x0000,0x0000,0x0000,0x0000,0x0000,0x0000,0x0000,
//////0x0000,0x0000,0x0000,0x0000,0x0000,0x0000,0x0000,0x0000,0x0000,0x0000,0x0000,0x0000,0x0000,0x0000,0x0000,0x0000,
//////0x0000,0x0000,0x0000,0x0000,0x0000,0x0000,0x0000,0x0000,0x0000,0x0000,0x0000,0x0000,0x0000,0x0000,0x0000,0x0000,
//////0x0000,0x0000,0x0000,0x0000,0x0000,0x0000,0x0000,0x0000,0x0000,0x0000,0x0000,0x0000,0x0000,0x0000,0x0000,0x0000,
//////0x0000,0x0000,0x0000,0x0000,0x0000,0x0000,0x0000,0x0000,0x0000,0x0000,0x0000,0x0000,0x0000,0x0000,0x0000,0x0000,
//////0x0000,0x0000,0x0000,0x0000,0x0000,0x0000,0x0000,0x0000,0x0000,0x0000,0x0000,0x0000,0x0000,0x0000,0x0000,0x0000,
//////0x0000,0x0000,0x0000,0x0000,0x0000,0x0000,0x0000,0x0000,0x0000,0x0000,0x0000,0x0000,0x0000,0x0000,0x0000,0x0000,

};

//5：手动模式      ?????????
unsigned short const Thai_Font25_Pic_5[] = { 
145,56,
////////0x0000,0x0000,0x0000,0x0000,0x0000,0x0000,0x0000,0x0000,0x0000,0x0000,0x0000,0x0000,0x0000,0x0000,0x0000,0x0000,
////////0x0000,0x0000,0x0000,0x0000,0x0000,0x0000,0x0000,0x0000,0x0000,0x0000,0x0000,0x0000,0x0000,0x0000,0x0000,0x0000,
////////0x0000,0x0000,0x0000,0x0000,0x0000,0x0000,0x0000,0x0000,0x0000,0x0000,0x0000,0x0000,0x0000,0x0000,0x0000,0x0000,
////////0x0000,0x0000,0x0000,0x0000,0x0000,0x0000,0x0000,0x0000,0x0000,0x0000,0x0000,0x0000,0x0000,0x0000,0x0000,0x0000,
////////0x0000,0x0000,0x0000,0x0000,0x0000,0x0000,0x0000,0x0000,0x0000,0x0000,0x0000,0x0000,0x0000,0x0000,0x0000,0x0000,
////////0x0000,0x0000,0x0000,0x0000,0x0000,0x0000,0x0000,0x0000,0x0000,0x0000,0x00f8,0x0000,0x0000,0x0000,0x0000,0x0000,
////////0x0000,0x0000,0x0000,0x0000,0x018c,0x0000,0x0000,0x0000,0x0000,0x0000,0x0000,0x0000,0x0000,0x0000,0x0306,0x0000,
////////0x0000,0x0000,0x0000,0x0000,0x0000,0x0000,0x0000,0x0000,0x0302,0x0000,0x0000,0x0000,0x0000,0x0000,0x0000,0x0000,
////////0x0000,0x0000,0x0180,0x0000,0x0000,0x0000,0x0000,0x0000,0x0000,0x0000,0x0000,0x0000,0x00e0,0x0000,0x0000,0x0000,
////////0x0000,0x0000,0x0000,0x0000,0x0000,0x0000,0x0030,0x0000,0x0000,0x0000,0x0000,0x0000,0x0000,0x0000,0x0000,0x0000,
////////0x0030,0x0000,0x0000,0x0000,0x0000,0x0000,0x0000,0x0000,0x0000,0x0000,0x0030,0x0000,0x0000,0x0000,0x0000,0x0000,
////////0x0000,0x0000,0x0000,0x0000,0x0030,0x7078,0x7018,0x0f80,0x4103,0x80c3,0x80c0,0xf003,0xe000,0x0000,0x0030,0x9048,
////////0xc818,0x1860,0x4106,0x40c4,0xc0c3,0x0c0c,0x3000,0x0000,0x0030,0x9848,0xc818,0x3030,0x4106,0x40c4,0xc0c2,0x0418,
////////0x1800,0x0000,0x0030,0x9878,0xc818,0x6710,0x4106,0x40c4,0xc0c6,0x0610,0x8c00,0x0000,0x0030,0x7830,0x7818,0x6490,
////////0x4103,0xc0c3,0xc0c6,0x0611,0xcc00,0x0000,0x0030,0x1838,0x0818,0x6c90,0x4100,0x40c0,0xc0c6,0x0632,0x4c00,0x0000,
////////0x0030,0x1878,0x0818,0x6c90,0x4100,0x40c0,0xc0c6,0x0636,0x2c00,0x0000,0x0030,0x18d8,0x0818,0x6790,0x4100,0x40c0,
////////0xc0c0,0x0604,0x2c00,0x0000,0x0030,0x1998,0x0818,0x6310,0x4100,0x40c0,0xc0c0,0x060c,0x1c00,0x0000,0x0030,0x1918,
////////0x3e18,0x6610,0x4101,0xf0c0,0xc0c0,0x0608,0x1400,0x0000,0x003c,0x1b18,0x4b18,0x6c10,0x79e2,0x58c0,0xc3c0,0x1e0e,
////////0x1c00,0x0000,0x0036,0x1e18,0xc8d8,0x6810,0x49b6,0x46c0,0xce20,0x3619,0x0c00,0x0000,0x0022,0x1c18,0xc878,0x7810,
////////0x4d36,0x43c0,0xd230,0x2619,0x0c00,0x0000,0x0036,0x1c18,0x6838,0x7010,0x49b3,0x41c0,0xe220,0x3609,0x0c00,0x0000,
////////0x001c,0x1818,0x3818,0x6010,0x78e1,0xc0c0,0xc1e0,0x1c0e,0x0c00,0x0000,0x0000,0x0000,0x0000,0x0000,0x0000,0x0000,
////////0x0000,0x0000,0x0000,0x0000,0x0000,0x0000,0x0000,0x0000,0x0000,0x0000,0x0000,0x0000,0x0000,0x0000,0x0000,0x0000,
////////0x0000,0x0000,0x0000,0x0000,0x0000,0x0000,0x0000,0x0000,0x0000,0x0000,0x0000,0x0000,0x0000,0x0000,0x0000,0x0000,
////////0x0000,0x0000,0x0000,0x0000,0x0000,0x0000,0x0000,0x0000,0x0000,0x0000,0x0000,0x0000,0x0000,0x0000,0x0000,0x0000,
////////0x0000,0x0000,0x0000,0x0000,0x0000,0x0000,0x0000,0x0000,0x0000,0x0000,0x0000,0x0000,0x0000,0x0000,0x0000,0x0000,
////////0x0000,0x0000,0x0000,0x0000,0x0000,0x0000,0x0000,0x0000,0x0000,0x0000,0x0000,0x0000,0x0000,0x0000,0x0000,0x0000,
////////0x0000,0x0000,0x0000,0x0000,0x0000,0x0000,0x0000,0x0000,0x0000,0x0000,0x0000,0x0000,0x0000,0x0000,0x0000,0x0000,
////////0x0000,0x0000,0x0000,0x0000,0x0000,0x0000,0x0000,0x0000,0x0000,0x0000,0x0000,0x0000,0x0000,0x0000,0x0000,0x0000,
////////0x0000,0x0000,0x0000,0x0000,0x0000,0x0000,0x0000,0x0000,0x0000,0x0000,0x0000,0x0000,0x0000,0x0000,0x0000,0x0000,
////////0x0000,0x0000,0x0000,0x0000,0x0000,0x0000,0x0000,0x0000,0x0000,0x0000,0x0000,0x0000,0x0000,0x0000,0x0000,0x0000,
////////0x0000,0x0000,0x0000,0x0000,0x0000,0x0000,0x0000,0x0000,0x0000,0x0000,0x0000,0x0000,0x0000,0x0000,0x0000,0x0000,
////////0x0000,0x0000,0x0000,0x0000,0x0000,0x0000,0x0000,0x0000,0x0000,0x0000,0x0000,0x0000,0x0000,0x0000,0x0000,0x0000,
////////0x0000,0x0000,0x0000,0x0000,0x0000,0x0000,0x0000,0x0000,0x0000,0x0000,0x0000,0x0000,0x0000,0x0000,0x0000,0x0000,
////////0x0000,0x0000,0x0000,0x0000,0x0000,0x0000,0x0000,0x0000,0x0000,0x0000,0x0000,0x0000,0x0000,0x0000,0x0000,0x0000,
////////0x0000,0x0000,0x0000,0x0000,0x0000,0x0000,0x0000,0x0000,0x0000,0x0000,0x0000,0x0000,0x0000,0x0000,0x0000,0x0000,

};

//6：自动模式    ?????????
unsigned short const Thai_Font25_Pic_6[] = { 
125,56,
////////0x0000,0x0000,0x0000,0x0000,0x0000,0x0000,0x0000,0x0000,0x0000,0x0000,0x0000,0x0000,0x0000,0x0000,0x0000,0x0000,
////////0x0000,0x0000,0x0000,0x0000,0x0000,0x0000,0x0000,0x0000,0x0000,0x0000,0x0000,0x0000,0x0000,0x0000,0x0000,0x0000,
////////0x0000,0x0000,0x0000,0x0000,0x0000,0x0000,0x0000,0x0000,0x0000,0x0000,0x0000,0x0000,0x0000,0x0000,0x0000,0x0000,
////////0x0000,0x0000,0x0000,0x0000,0x0000,0x0000,0x0000,0x0000,0x0000,0x0000,0x0000,0x0000,0x0000,0x0000,0x0000,0x0000,
////////0x0000,0x0000,0x0000,0x0000,0x0000,0x0000,0x0000,0x0000,0x00f8,0x0000,0x0000,0x0000,0x0000,0x0003,0xe007,0x8000,
////////0x018c,0x0000,0x0000,0x0000,0x0000,0x0006,0x3004,0x8600,0x0306,0x0000,0x0000,0x0000,0x0000,0x000c,0x1804,0x8400,
////////0x0302,0x0000,0x0000,0x0000,0x0000,0x000c,0x0807,0x8800,0x0180,0x0000,0x0000,0x0000,0x0000,0x0006,0x0001,0x9800,
////////0x00e0,0x0000,0x0000,0x0000,0x0000,0x0003,0x8003,0x6000,0x0030,0x0000,0x0000,0x0000,0x0000,0x0000,0xc007,0xc000,
////////0x0030,0x0000,0x0000,0x0000,0x0000,0x0000,0xc000,0x0000,0x0030,0x0000,0x0000,0x0000,0x0000,0x0000,0xc000,0x0000,
////////0x0030,0x7078,0x7018,0x0f80,0x3e00,0x7c00,0xc0f3,0x8000,0x0030,0x9048,0xc818,0x1860,0x6180,0xc300,0xc19c,0xc000,
////////0x0030,0x9848,0xc818,0x3030,0xc0c1,0x8180,0xc188,0x4000,0x0030,0x9878,0xc818,0x6711,0x8043,0x0080,0xc180,0x4000,
////////0x0030,0x7830,0x7818,0x6491,0xbc43,0x7880,0xc180,0x4000,0x0030,0x1838,0x0818,0x6c91,0x2462,0x48c0,0xc19c,0x4000,
////////0x0030,0x1878,0x0818,0x6c91,0x2662,0x4cc0,0xc1b6,0x4000,0x0030,0x18d8,0x0818,0x6790,0x2460,0x48c0,0xc1a2,0x4000,
////////0x0030,0x1998,0x0818,0x6310,0x3c60,0x78c0,0xc1b2,0x4000,0x0030,0x1918,0x3e18,0x6610,0x2060,0x40c0,0xc19c,0x4000,
////////0x003c,0x1b18,0x4b18,0x6c10,0x2060,0x40c0,0xf198,0x4000,0x0036,0x1e18,0xc8d8,0x6810,0x2060,0x40c0,0xd9b0,0x4000,
////////0x0022,0x1c18,0xc878,0x7810,0x2060,0x40c0,0x89e0,0x4000,0x0036,0x1c18,0x6838,0x7010,0x2060,0x40c0,0xd9c0,0x4000,
////////0x001c,0x1818,0x3818,0x6010,0x3fe0,0x7fc0,0x7180,0x4000,0x0000,0x0000,0x0000,0x0000,0x0000,0x0000,0x0000,0x0000,
////////0x0000,0x0000,0x0000,0x0000,0x0000,0x0000,0x0000,0x0000,0x0000,0x0000,0x0000,0x0000,0x0000,0x0000,0x0000,0x0000,
////////0x0000,0x0000,0x0000,0x0000,0x0000,0x0000,0x0000,0x0000,0x0000,0x0000,0x0000,0x0000,0x0000,0x0000,0x0000,0x0000,
////////0x0000,0x0000,0x0000,0x0000,0x0000,0x0000,0x0000,0x0000,0x0000,0x0000,0x0000,0x0000,0x0000,0x0000,0x0000,0x0000,
////////0x0000,0x0000,0x0000,0x0000,0x0000,0x0000,0x0000,0x0000,0x0000,0x0000,0x0000,0x0000,0x0000,0x0000,0x0000,0x0000,
////////0x0000,0x0000,0x0000,0x0000,0x0000,0x0000,0x0000,0x0000,0x0000,0x0000,0x0000,0x0000,0x0000,0x0000,0x0000,0x0000,
////////0x0000,0x0000,0x0000,0x0000,0x0000,0x0000,0x0000,0x0000,0x0000,0x0000,0x0000,0x0000,0x0000,0x0000,0x0000,0x0000,
////////0x0000,0x0000,0x0000,0x0000,0x0000,0x0000,0x0000,0x0000,0x0000,0x0000,0x0000,0x0000,0x0000,0x0000,0x0000,0x0000,
////////0x0000,0x0000,0x0000,0x0000,0x0000,0x0000,0x0000,0x0000,0x0000,0x0000,0x0000,0x0000,0x0000,0x0000,0x0000,0x0000,
////////0x0000,0x0000,0x0000,0x0000,0x0000,0x0000,0x0000,0x0000,0x0000,0x0000,0x0000,0x0000,0x0000,0x0000,0x0000,0x0000,
////////0x0000,0x0000,0x0000,0x0000,0x0000,0x0000,0x0000,0x0000,0x0000,0x0000,0x0000,0x0000,0x0000,0x0000,0x0000,0x0000,
////////0x0000,0x0000,0x0000,0x0000,0x0000,0x0000,0x0000,0x0000,0x0000,0x0000,0x0000,0x0000,0x0000,0x0000,0x0000,0x0000,

};

//7：自刀模式    ????????????
unsigned short const Thai_Font25_Pic_7[] = { 
157,56,
////////0x0000,0x0000,0x0000,0x0000,0x0000,0x0000,0x0000,0x0000,0x0000,0x0000,0x0000,0x0000,0x0000,0x0000,0x0000,0x0000,
////////0x0000,0x0000,0x0000,0x0000,0x0000,0x0000,0x0000,0x0000,0x0000,0x0000,0x0000,0x0000,0x0000,0x0000,0x0000,0x0000,
////////0x0000,0x0000,0x0000,0x0000,0x0000,0x0000,0x0000,0x0000,0x0000,0x0000,0x0000,0x0000,0x0000,0x0000,0x0000,0x0000,
////////0x0000,0x0000,0x0000,0x0000,0x0000,0x0000,0x0000,0x0000,0x0000,0x0000,0x0000,0x0000,0x0000,0x0000,0x0000,0x0000,
////////0x0000,0x0000,0x0000,0x0000,0x0000,0x0000,0x0000,0x0000,0x0000,0x0000,0x0000,0x0000,0x0000,0x0000,0x0000,0x0000,
////////0x0000,0x0000,0x0000,0x0000,0x0000,0x0000,0x0000,0x0000,0x0000,0x0000,0x00f8,0x0000,0x0000,0x0000,0x0000,0x0000,
////////0x0000,0x000f,0x801e,0x0000,0x018c,0x0000,0x0000,0x0000,0x0000,0x0000,0x0000,0x0018,0xc012,0x1800,0x0306,0x0000,
////////0x0000,0x0000,0x0000,0x8000,0x0000,0x0030,0x6012,0x1000,0x0302,0x0000,0x0000,0x0000,0x01e1,0x8000,0x0000,0x0030,
////////0x201e,0x2000,0x0180,0x0000,0x0000,0x0000,0x0123,0x0000,0x0000,0x0018,0x0006,0x6000,0x00e0,0x0000,0x0000,0x0000,
////////0x012e,0x0000,0x0000,0x000e,0x000d,0x8000,0x0030,0x0000,0x0000,0x0000,0x00f8,0x0000,0x0000,0x0003,0x001f,0x0000,
////////0x0030,0x0000,0x0000,0x0000,0x0000,0x0000,0x0000,0x0003,0x0000,0x0000,0x0030,0x0000,0x0000,0x0000,0x0000,0x0000,
////////0x0000,0x0003,0x0000,0x0000,0x0030,0x7078,0x7018,0x0f80,0x79c0,0x3e00,0xf801,0xf003,0x03ce,0x0000,0x0030,0x9048,
////////0xc818,0x1860,0xce60,0x6181,0x8603,0x0c03,0x0673,0x0000,0x0030,0x9848,0xc818,0x3030,0xc420,0xc0c3,0x0306,0x0603,
////////0x0621,0x0000,0x0030,0x9878,0xc818,0x6710,0xc021,0x9c46,0x010c,0x0203,0x0601,0x0000,0x0030,0x7830,0x7818,0x6490,
////////0xc021,0x9246,0xf10d,0xe203,0x0601,0x0000,0x0030,0x1838,0x0818,0x6c90,0xce21,0xb244,0x9189,0x2303,0x0671,0x0000,
////////0x0030,0x1878,0x0818,0x6c90,0xdb21,0xb244,0x9989,0x3303,0x06d9,0x0000,0x0030,0x18d8,0x0818,0x6790,0xd121,0x9e40,
////////0x9181,0x2303,0x0689,0x0000,0x0030,0x1998,0x0818,0x6310,0xd921,0x8c40,0xf181,0xe303,0x06c9,0x0000,0x0030,0x1918,
////////0x3e18,0x6610,0xce21,0x9840,0x8181,0x0303,0x0671,0x0000,0x003c,0x1b18,0x4b18,0x6c10,0xcc21,0xb040,0x8181,0x0303,
////////0xc661,0x0000,0x0036,0x1e18,0xc8d8,0x6810,0xd821,0xa040,0x8181,0x0303,0x66c1,0x0000,0x0022,0x1c18,0xc878,0x7810,
////////0xf021,0xe040,0x8181,0x0302,0x2781,0x0000,0x0036,0x1c18,0x6838,0x7010,0xe021,0xc040,0x8181,0x0303,0x6701,0x0000,
////////0x001c,0x1818,0x3818,0x6010,0xc021,0x8040,0xff81,0xff01,0xc601,0x0000,0x0000,0x0000,0x0000,0x0000,0x0000,0x0000,
////////0x0000,0x0000,0x0000,0x0000,0x0000,0x0000,0x0000,0x0000,0x0000,0x0000,0x0000,0x0000,0x0000,0x0000,0x0000,0x0000,
////////0x0000,0x0000,0x0000,0x0000,0x0000,0x0000,0x0000,0x0000,0x0000,0x0000,0x0000,0x0000,0x0000,0x0000,0x0000,0x0000,
////////0x0000,0x0000,0x0000,0x0000,0x0000,0x0000,0x0000,0x0000,0x0000,0x0000,0x0000,0x0000,0x0000,0x0000,0x0000,0x0000,
////////0x0000,0x0000,0x0000,0x0000,0x0000,0x0000,0x0000,0x0000,0x0000,0x0000,0x0000,0x0000,0x0000,0x0000,0x0000,0x0000,
////////0x0000,0x0000,0x0000,0x0000,0x0000,0x0000,0x0000,0x0000,0x0000,0x0000,0x0000,0x0000,0x0000,0x0000,0x0000,0x0000,
////////0x0000,0x0000,0x0000,0x0000,0x0000,0x0000,0x0000,0x0000,0x0000,0x0000,0x0000,0x0000,0x0000,0x0000,0x0000,0x0000,
////////0x0000,0x0000,0x0000,0x0000,0x0000,0x0000,0x0000,0x0000,0x0000,0x0000,0x0000,0x0000,0x0000,0x0000,0x0000,0x0000,
////////0x0000,0x0000,0x0000,0x0000,0x0000,0x0000,0x0000,0x0000,0x0000,0x0000,0x0000,0x0000,0x0000,0x0000,0x0000,0x0000,
////////0x0000,0x0000,0x0000,0x0000,0x0000,0x0000,0x0000,0x0000,0x0000,0x0000,0x0000,0x0000,0x0000,0x0000,0x0000,0x0000,
////////0x0000,0x0000,0x0000,0x0000,0x0000,0x0000,0x0000,0x0000,0x0000,0x0000,0x0000,0x0000,0x0000,0x0000,0x0000,0x0000,
////////0x0000,0x0000,0x0000,0x0000,0x0000,0x0000,0x0000,0x0000,0x0000,0x0000,0x0000,0x0000,0x0000,0x0000,0x0000,0x0000,
////////0x0000,0x0000,0x0000,0x0000,0x0000,0x0000,0x0000,0x0000,0x0000,0x0000,0x0000,0x0000,0x0000,0x0000,0x0000,0x0000,
////////0x0000,0x0000,0x0000,0x0000,0x0000,0x0000,0x0000,0x0000,0x0000,0x0000,0x0000,0x0000,0x0000,0x0000,0x0000,0x0000,
////////0x0000,0x0000,0x0000,0x0000,0x0000,0x0000,0x0000,0x0000,0x0000,0x0000,0x0000,0x0000,0x0000,0x0000,0x0000,0x0000,

};

//8：示教模式   ?????????????
unsigned short const Thai_Font25_Pic_8[] = { 
183,56,
////////0x0000,0x0000,0x0000,0x0000,0x0000,0x0000,0x0000,0x0000,0x0000,0x0000,0x0000,0x0000,0x0000,0x0000,0x0000,0x0000,
////////0x0000,0x0000,0x0000,0x0000,0x0000,0x0000,0x0000,0x0000,0x0000,0x0000,0x0000,0x0000,0x0000,0x0000,0x0000,0x0000,
////////0x0000,0x0000,0x0000,0x0000,0x0000,0x0000,0x0000,0x0000,0x0000,0x0000,0x0000,0x0000,0x0000,0x0000,0x0000,0x0000,
////////0x0000,0x0000,0x0000,0x0000,0x0000,0x0000,0x0000,0x0000,0x0000,0x0000,0x0000,0x0000,0x0000,0x0000,0x0000,0x0000,
////////0x0000,0x0000,0x0000,0x0000,0x0000,0x0000,0x0000,0x0000,0x0000,0x0000,0x0000,0x0000,0x0000,0x0000,0x0000,0x0000,
////////0x0000,0x0000,0x0000,0x0000,0x0000,0x0000,0x0000,0x0000,0x0000,0x0000,0x0000,0x0000,0x0000,0x0000,0x0000,0x0000,
////////0x0000,0x0000,0x0000,0x0000,0x0000,0x0000,0x0000,0x0000,0x0000,0x0000,0x0000,0x0000,0x00f8,0x0000,0x0000,0x0000,
////////0x0000,0x0000,0x0003,0x800f,0x0000,0x0000,0x0000,0x0000,0x018c,0x0000,0x0000,0x0000,0x0000,0x0000,0x0004,0x4009,
////////0x0c00,0x0000,0x0000,0x0000,0x0306,0x0000,0x0000,0x0000,0x0000,0x0000,0x000f,0x6009,0x0800,0x0000,0x0000,0x0000,
////////0x0302,0x0000,0x0000,0x0000,0x0000,0x0000,0x0009,0x600f,0x1000,0x0000,0x0000,0x0000,0x0180,0x0000,0x0000,0x0000,
////////0x0000,0x0000,0x0009,0x6003,0x3000,0x0000,0x0000,0x0000,0x00e0,0x0000,0x0000,0x0000,0x0000,0x0000,0x0007,0x6006,
////////0xc000,0x0000,0x0000,0x0000,0x0030,0x0000,0x0000,0x0000,0x0000,0x0000,0x0000,0x600f,0x8000,0x0000,0x0000,0x0000,
////////0x0030,0x0000,0x0000,0x0000,0x00c0,0x0000,0x0000,0x6000,0x0000,0x0000,0x0000,0x0000,0x0030,0x0000,0x0000,0x0000,
////////0x00c0,0x0000,0x0000,0x6000,0x4000,0x0000,0x0000,0x0000,0x0030,0x7078,0x7018,0x0f80,0x1f80,0x7c03,0x80c0,0x6078,
////////0xc038,0x1f01,0xc060,0x0000,0x0030,0x9048,0xc818,0x1860,0x6180,0xc304,0xc0c0,0x618f,0x8048,0x30c2,0x6060,0x0000,
////////0x0030,0x9848,0xc818,0x3030,0xc341,0x8184,0xc0c0,0x61e3,0x804c,0x6042,0x6060,0x0000,0x0030,0x9878,0xc818,0x6710,
////////0x8663,0x0084,0xc0c0,0x6126,0xc04c,0x4062,0x6060,0x0000,0x0030,0x7830,0x7818,0x6490,0x8c63,0x7883,0xc0c0,0x632c,
////////0xc07c,0x0061,0xe060,0x0000,0x0030,0x1838,0x0818,0x6c91,0x9e22,0x48c0,0xc0c0,0x612c,0xc00c,0x0060,0x6060,0x0000,
////////0x0030,0x1878,0x0818,0x6c91,0xb322,0x4cc0,0xc0c0,0x61cc,0xcc0c,0x0060,0x6060,0x0000,0x0030,0x18d8,0x0818,0x6790,
////////0x2120,0x48c0,0xc0c0,0x600c,0xc60c,0x0060,0x6060,0x0000,0x0030,0x1998,0x0818,0x6310,0x6120,0x78c0,0xc0c0,0x600c,
////////0xc30c,0x0060,0x6060,0x0000,0x0030,0x1918,0x3e18,0x6610,0x40a0,0x40c0,0xc0c0,0x600c,0xc18c,0x0060,0x6060,0x0000,
////////0x003c,0x1b18,0x4b18,0x6c10,0x78a0,0x40c0,0xc3c0,0x7c0c,0xc0cc,0x0060,0x61e0,0x0000,0x0036,0x1e18,0xc8d8,0x6810,
////////0xc860,0x40c0,0xce20,0x640c,0xc06c,0x0060,0x6710,0x0000,0x0022,0x1c18,0xc878,0x7810,0xc860,0x40c0,0xd230,0x640c,
////////0xc03c,0x0060,0x6918,0x0000,0x0036,0x1c18,0x6838,0x7010,0x4860,0x40c0,0xe220,0x240c,0xc01c,0x0060,0x7110,0x0000,
////////0x001c,0x1818,0x3818,0x6010,0x7060,0x7fc0,0xc1e0,0x3c1f,0xc01c,0x0060,0x60f0,0x0000,0x0000,0x0000,0x0000,0x0000,
////////0x0000,0x0000,0x0000,0x0000,0x0000,0x0000,0x0000,0x0000,0x0000,0x0000,0x0000,0x0000,0x0000,0x0000,0x0000,0x0000,
////////0x0000,0x0000,0x0000,0x0000,0x0000,0x0000,0x0000,0x0000,0x0000,0x0000,0x0000,0x0000,0x0000,0x0000,0x0000,0x0000,
////////0x0000,0x0000,0x0000,0x0000,0x0000,0x0000,0x0000,0x0000,0x0000,0x0000,0x0000,0x0000,0x0000,0x0000,0x0000,0x0000,
////////0x0000,0x0000,0x0000,0x0000,0x0000,0x0000,0x0000,0x0000,0x0000,0x0000,0x0000,0x0000,0x0000,0x0000,0x0000,0x0000,
////////0x0000,0x0000,0x0000,0x0000,0x0000,0x0000,0x0000,0x0000,0x0000,0x0000,0x0000,0x0000,0x0000,0x0000,0x0000,0x0000,
////////0x0000,0x0000,0x0000,0x0000,0x0000,0x0000,0x0000,0x0000,0x0000,0x0000,0x0000,0x0000,0x0000,0x0000,0x0000,0x0000,
////////0x0000,0x0000,0x0000,0x0000,0x0000,0x0000,0x0000,0x0000,0x0000,0x0000,0x0000,0x0000,0x0000,0x0000,0x0000,0x0000,
////////0x0000,0x0000,0x0000,0x0000,0x0000,0x0000,0x0000,0x0000,0x0000,0x0000,0x0000,0x0000,0x0000,0x0000,0x0000,0x0000,
////////0x0000,0x0000,0x0000,0x0000,0x0000,0x0000,0x0000,0x0000,0x0000,0x0000,0x0000,0x0000,0x0000,0x0000,0x0000,0x0000,
////////0x0000,0x0000,0x0000,0x0000,0x0000,0x0000,0x0000,0x0000,0x0000,0x0000,0x0000,0x0000,0x0000,0x0000,0x0000,0x0000,
////////0x0000,0x0000,0x0000,0x0000,0x0000,0x0000,0x0000,0x0000,0x0000,0x0000,0x0000,0x0000,0x0000,0x0000,0x0000,0x0000,
////////0x0000,0x0000,0x0000,0x0000,0x0000,0x0000,0x0000,0x0000,0x0000,0x0000,0x0000,0x0000,0x0000,0x0000,0x0000,0x0000,
////////0x0000,0x0000,0x0000,0x0000,0x0000,0x0000,0x0000,0x0000,0x0000,0x0000,0x0000,0x0000,0x0000,0x0000,0x0000,0x0000,
////////0x0000,0x0000,0x0000,0x0000,0x0000,0x0000,0x0000,0x0000,0x0000,0x0000,0x0000,0x0000,0x0000,0x0000,0x0000,0x0000,
////////0x0000,0x0000,0x0000,0x0000,0x0000,0x0000,0x0000,0x0000,0x0000,0x0000,0x0000,0x0000,0x0000,0x0000,0x0000,0x0000,
////////0x0000,0x0000,0x0000,0x0000,0x0000,0x0000,0x0000,0x0000,0x0000,0x0000,0x0000,0x0000,0x0000,0x0000,0x0000,0x0000,
////////0x0000,0x0000,0x0000,0x0000,0x0000,0x0000,0x0000,0x0000,0x0000,0x0000,0x0000,0x0000,0x0000,0x0000,0x0000,0x0000,

};

//9：输入数据范围：????????????????????
unsigned short const Thai_Font25_Pic_9[] = { 
203,56,
////////////0x0000,0x0000,0x0000,0x0000,0x0000,0x0000,0x0000,0x0000,0x0000,0x0000,0x0000,0x0000,0x0000,0x0000,0x0000,0x0000,
////////////0x0000,0x0000,0x0000,0x0000,0x0600,0x0000,0x0000,0x0000,0x0000,0x0000,0x0000,0x0000,0x0000,0x0000,0x0000,0x0000,
////////////0x0000,0x0600,0x0000,0x0000,0x0000,0x0000,0x0000,0x0000,0x0000,0x0000,0x0000,0x0000,0x0000,0x0000,0x0600,0x0000,
////////////0x0000,0x0000,0x0000,0x0000,0x0000,0x0000,0x0000,0x0000,0x0000,0x0000,0x0000,0x0600,0x0000,0x0000,0x0000,0x0000,
////////////0x0000,0x0000,0x0000,0x0000,0x0000,0x0000,0x0000,0x0000,0x0600,0x0000,0x0000,0x0000,0x0000,0x0000,0x0000,0x0000,
////////////0x0000,0x0000,0x0000,0x0000,0x0000,0x0000,0x0000,0x0000,0x0000,0x0000,0x0000,0x0000,0x0000,0x0000,0x0000,0x0000,
////////////0x0000,0x0000,0x0000,0x0000,0x0000,0x0000,0x0000,0x0000,0x0000,0x0000,0x0000,0x0000,0x0000,0x0000,0x0000,0x0600,
////////////0x0000,0x0000,0x0060,0x0000,0x0000,0x0000,0x0000,0x0000,0x1e00,0x0000,0x0000,0x0000,0x0600,0xf000,0x0000,0x0066,
////////////0x001e,0x0000,0x0000,0x0000,0x0000,0x1218,0x0000,0x0000,0x0003,0xe600,0x92c0,0x0000,0x0066,0x0012,0x1800,0x0000,
////////////0xc000,0x0000,0x1210,0x0000,0x0000,0x000c,0x1e00,0x9280,0x0000,0x006e,0x0012,0x1000,0x0000,0xc000,0x0000,0x1e20,
////////////0x0000,0x0000,0x0018,0x0e00,0xf300,0x0000,0x006a,0x001e,0x2000,0x0000,0xc000,0x0000,0x0660,0x0000,0x0000,0x001f,
////////////0xe600,0x3300,0x0000,0x0072,0x0006,0x6000,0x0000,0xc000,0x0000,0x0d80,0x0000,0x0000,0x0000,0x1a00,0x6e00,0x0000,
////////////0x0072,0x000d,0x8000,0x0000,0xc000,0x0000,0x1f00,0x0000,0x0000,0x0000,0x0600,0xfa00,0x0000,0x0062,0x001f,0x0000,
////////////0x0000,0x0000,0x0000,0x0000,0x0000,0x0000,0x0000,0x0000,0x0200,0x0000,0x0002,0x0000,0x0000,0x0000,0x4000,0x0000,
////////////0x0000,0x0000,0x0000,0x0000,0x0000,0x0200,0x0000,0x0002,0x0000,0x0000,0x0078,0xc0f0,0x01c0,0xf181,0xf00e,0x0301,
////////////0xf01c,0x381c,0x0203,0xe01c,0x0602,0x00f8,0x0000,0x018f,0x830c,0x0241,0x9983,0x0c19,0x0306,0x1826,0x2426,0x0206,
////////////0x1826,0x0602,0x0186,0x0000,0x01e3,0x8204,0x0263,0xcd86,0x0619,0x030c,0x0c26,0x6626,0x020c,0x0c26,0x0602,0x0303,
////////////0x0000,0x0126,0xc606,0x0262,0x6d8c,0x0219,0x0308,0x4626,0x6626,0x0218,0x0426,0x0602,0x0671,0x0000,0x032c,0xc606,
////////////0x03e2,0x698d,0xe20f,0x0308,0xe61e,0x461e,0x021b,0xc41e,0x0602,0x0649,0x0000,0x012c,0xc606,0x0062,0x5989,0x2301,
////////////0x0319,0x2606,0xc606,0x0212,0x4606,0x0602,0x06c9,0x0000,0x01cc,0xc606,0x6061,0xd989,0x3301,0x031b,0x1606,0xc606,
////////////0x0212,0x6606,0x0602,0x06c9,0x0000,0x000c,0xc006,0x3060,0x1181,0x2301,0x0302,0x1606,0x8606,0x0202,0x4606,0x0602,
////////////0x0679,0x0000,0x000c,0xc006,0x1860,0x1181,0xe301,0x0306,0x0e07,0x8606,0x0203,0xc606,0x0602,0x0631,0x0000,0x000c,
////////////0xc006,0x0c60,0x1181,0x0307,0xc304,0x0a07,0x0606,0x0202,0x0606,0x0602,0x0661,0x0000,0x000c,0xc01e,0x0660,0x1181,
////////////0x0309,0x6307,0x0e07,0x0606,0x0202,0x0606,0x1e03,0xc6c1,0x0000,0x000c,0xc036,0x0360,0x1181,0x0319,0x1b0c,0x8607,
////////////0x0606,0x0202,0x0606,0x7102,0x6681,0x0000,0x000c,0xc026,0x01e0,0x1181,0x0319,0x0f0c,0x8606,0x0606,0x0202,0x0606,
////////////0x9182,0x6781,0x0000,0x000c,0xc036,0x00e0,0x1181,0x030d,0x0704,0x8606,0x0606,0x0202,0x0607,0x1102,0x6701,0x0000,
////////////0x001f,0xc01c,0x00e0,0x7f81,0xff07,0x0307,0x0606,0x061f,0xfe03,0xfe06,0x0f03,0xc601,0x0000,0x0000,0x0000,0x0000,
////////////0x0000,0x0000,0x0000,0x0000,0x0000,0x0000,0x0000,0x0000,0x0000,0x0000,0x0000,0x0000,0x0000,0x0000,0x0000,0x3880,
////////////0x0000,0x0000,0x0000,0x0000,0x0000,0x0000,0x0000,0x0000,0x0000,0x0000,0x0000,0x0000,0x6c80,0x0000,0x0000,0x0000,
////////////0x0000,0x0000,0x0000,0x0000,0x0000,0x0000,0x0000,0x0000,0x0000,0x6c80,0x0000,0x0000,0x0000,0x0000,0x0000,0x0000,
////////////0x0000,0x0000,0x0000,0x0000,0x0000,0x0000,0x3c80,0x0000,0x0000,0x0000,0x0000,0x0000,0x0000,0x0000,0x0000,0x0000,
////////////0x0000,0x0000,0x0000,0x0480,0x0000,0x0000,0x0000,0x0000,0x0000,0x0000,0x0000,0x0000,0x0000,0x0000,0x0000,0x0000,
////////////0x0c80,0x0000,0x0000,0x0000,0x0000,0x0000,0x0000,0x0000,0x0000,0x0000,0x0000,0x0000,0x0000,0x0f80,0x0000,0x0000,
////////////0x0000,0x0000,0x0000,0x0000,0x0000,0x0000,0x0000,0x0000,0x0000,0x0000,0x0000,0x0000,0x0000,0x0000,0x0000,0x0000,
////////////0x0000,0x0000,0x0000,0x0000,0x0000,0x0000,0x0000,0x0000,0x0000,0x0000,0x0000,0x0000,0x0000,0x0000,0x0000,0x0000,
////////////0x0000,0x0000,0x0000,0x0000,0x0000,0x0000,0x0000,0x0000,0x0000,0x0000,0x0000,0x0000,0x0000,0x0000,0x0000,0x0000,
////////////0x0000,0x0000,0x0000,0x0000,0x0000,0x0000,0x0000,0x0000,0x0000,0x0000,0x0000,0x0000,0x0000,0x0000,0x0000,0x0000,
////////////0x0000,0x0000,0x0000,0x0000,0x0000,0x0000,0x0000,0x0000,0x0000,0x0000,0x0000,0x0000,0x0000,0x0000,0x0000,0x0000,
////////////0x0000,0x0000,0x0000,0x0000,0x0000,0x0000,0x0000,0x0000,0x0000,0x0000,0x0000,0x0000,0x0000,0x0000,0x0000,0x0000,
////////////0x0000,0x0000,0x0000,0x0000,0x0000,0x0000,0x0000,0x0000,0x0000,0x0000,0x0000,0x0000,0x0000,0x0000,0x0000,0x0000,
////////////0x0000,0x0000,0x0000,0x0000,0x0000,0x0000,0x0000,0x0000,0x0000,0x0000,0x0000,0x0000,0x0000,0x0000,0x0000,0x0000,
////////////0x0000,0x0000,0x0000,0x0000,0x0000,0x0000,0x0000,0x0000,0x0000,0x0000,0x0000,0x0000,0x0000,0x0000,0x0000,0x0000,
////////////0x0000,0x0000,0x0000,0x0000,0x0000,0x0000,0x0000,0x0000,0x0000,0x0000,0x0000,0x0000,0x0000,0x0000,0x0000,0x0000,
////////////0x0000,0x0000,0x0000,0x0000,0x0000,0x0000,0x0000,0x0000,0x0000,0x0000,0x0000,0x0000,0x0000,0x0000,0x0000,0x0000,
////////////0x0000,0x0000,0x0000,0x0000,0x0000,0x0000,0x0000,0x0000,0x0000,0x0000,0x0000,0x0000,0x0000,0x0000,0x0000,0x0000,
////////////0x0000,0x0000,0x0000,0x0000,0x0000,0x0000,0x0000,0x0000
};

//10：查找模式 ?????????
unsigned short const Thai_Font25_Pic_10[] = { 
131,56,
////////0x0000,0x0000,0x0000,0x0000,0x0000,0x0000,0x0000,0x0000,0x0000,0x0000,0x0000,0x0000,0x0000,0x0000,0x0000,0x0000,
////////0x0000,0x0000,0x0000,0x0000,0x0000,0x0000,0x0000,0x0000,0x0000,0x0000,0x0000,0x0000,0x0000,0x0000,0x0000,0x0000,
////////0x0000,0x0000,0x0000,0x0000,0x0000,0x0000,0x0000,0x0000,0x0000,0x0000,0x0000,0x0000,0x0000,0x0000,0x0000,0x0000,
////////0x0000,0x0000,0x0000,0x0000,0x0000,0x0000,0x0000,0x0000,0x0000,0x0000,0x0000,0x0000,0x0000,0x0000,0x0000,0x0000,
////////0x0000,0x0000,0x0000,0x0000,0x0000,0x0000,0x0000,0x0000,0x0000,0x0000,0x0000,0x0000,0x0000,0x0000,0x0000,0x0000,
////////0x0000,0x00f8,0x0000,0x0000,0x0000,0x03c0,0x0000,0x0000,0x0000,0x0000,0x018c,0x0000,0x0000,0x0000,0x0243,0x0000,
////////0x0000,0x0000,0x0000,0x0306,0x0000,0x0000,0x0000,0x0242,0x0000,0x0000,0x0000,0x0000,0x0302,0x0000,0x0000,0x0000,
////////0x03c4,0x0000,0x0000,0x0000,0x0000,0x0180,0x0000,0x0000,0x0000,0x00cc,0x0000,0x0000,0x0000,0x0000,0x00e0,0x0000,
////////0x0000,0x0000,0x01b0,0x0000,0x0000,0x0000,0x0000,0x0030,0x0000,0x0000,0x0000,0x03e0,0x0000,0x0000,0x0000,0x0000,
////////0x0030,0x0000,0x0000,0x0000,0x0000,0x0000,0x0000,0x0000,0x0000,0x0030,0x0000,0x0000,0x0000,0x0000,0x0000,0x0000,
////////0x0000,0x0000,0x0030,0x7078,0x7018,0x0f80,0x1f01,0xc061,0xc1e0,0xf800,0x0000,0x0030,0x9048,0xc818,0x1860,0x30c2,
////////0x6062,0x4121,0x8600,0x0000,0x0030,0x9848,0xc818,0x3030,0x6062,0x6062,0x6123,0x0200,0x0000,0x0030,0x9878,0xc818,
////////0x6710,0xce22,0x6062,0x61e2,0x0300,0x0000,0x0030,0x7830,0x7818,0x6490,0xc921,0xe061,0xe0c0,0x0300,0x0000,0x0030,
////////0x1838,0x0818,0x6c90,0x9920,0x6060,0x60e0,0x0300,0x0000,0x0030,0x1878,0x0818,0x6c90,0x9920,0x6060,0x61e0,0x0300,
////////0x0000,0x0030,0x18d8,0x0818,0x6790,0x9e20,0x6060,0x6360,0x0300,0x0000,0x0030,0x1998,0x0818,0x6310,0xb020,0x6060,
////////0x6660,0x0300,0x0000,0x0030,0x1918,0x3e18,0x6610,0xa020,0x6060,0x6460,0x0300,0x0000,0x003c,0x1b18,0x4b18,0x6c10,
////////0xa020,0x61e0,0x6c60,0x0300,0x0000,0x0036,0x1e18,0xc8d8,0x6810,0xe020,0x6710,0x7860,0x0300,0x0000,0x0022,0x1c18,
////////0xc878,0x7810,0xc020,0x6918,0x7060,0x0300,0x0000,0x0036,0x1c18,0x6838,0x7010,0xc020,0x7110,0x7060,0x0300,0x0000,
////////0x001c,0x1818,0x3818,0x6010,0xc020,0x60f0,0x6060,0x0300,0x0000,0x0000,0x0000,0x0000,0x0000,0x0000,0x0000,0x0000,
////////0x0000,0x0000,0x0000,0x0000,0x0000,0x0000,0x0000,0x0000,0x0000,0x0000,0x0000,0x0000,0x0000,0x0000,0x0000,0x0000,
////////0x0000,0x0000,0x0000,0x0000,0x0000,0x0000,0x0000,0x0000,0x0000,0x0000,0x0000,0x0000,0x0000,0x0000,0x0000,0x0000,
////////0x0000,0x0000,0x0000,0x0000,0x0000,0x0000,0x0000,0x0000,0x0000,0x0000,0x0000,0x0000,0x0000,0x0000,0x0000,0x0000,
////////0x0000,0x0000,0x0000,0x0000,0x0000,0x0000,0x0000,0x0000,0x0000,0x0000,0x0000,0x0000,0x0000,0x0000,0x0000,0x0000,
////////0x0000,0x0000,0x0000,0x0000,0x0000,0x0000,0x0000,0x0000,0x0000,0x0000,0x0000,0x0000,0x0000,0x0000,0x0000,0x0000,
////////0x0000,0x0000,0x0000,0x0000,0x0000,0x0000,0x0000,0x0000,0x0000,0x0000,0x0000,0x0000,0x0000,0x0000,0x0000,0x0000,
////////0x0000,0x0000,0x0000,0x0000,0x0000,0x0000,0x0000,0x0000,0x0000,0x0000,0x0000,0x0000,0x0000,0x0000,0x0000,0x0000,
////////0x0000,0x0000,0x0000,0x0000,0x0000,0x0000,0x0000,0x0000,0x0000,0x0000,0x0000,0x0000,0x0000,0x0000,0x0000,0x0000,
////////0x0000,0x0000,0x0000,0x0000,0x0000,0x0000,0x0000,0x0000,0x0000,0x0000,0x0000,0x0000,0x0000,0x0000,0x0000,0x0000,
////////0x0000,0x0000,0x0000,0x0000,0x0000,0x0000,0x0000,0x0000,0x0000,0x0000,0x0000,0x0000,0x0000,0x0000,0x0000,0x0000,
////////0x0000,0x0000,0x0000,0x0000,0x0000,0x0000,0x0000,0x0000,0x0000,0x0000,0x0000,0x0000,0x0000,0x0000,0x0000,0x0000,
////////0x0000,0x0000,0x0000,0x0000,0x0000,0x0000,0x0000,0x0000,0x0000,0x0000,0x0000,0x0000,0x0000,0x0000,0x0000,0x0000,
////////0x0000,0x0000,0x0000,0x0000,0x0000,0x0000,0x0000,0x0000
};

//11：序号 ?????
unsigned short const Thai_Font25_Pic_11[] = { 
73,56,
//////////0x0000,0x0000,0x0000,0x0000,0x0000,0x0000,0x0000,0x0000,0x0000,0x0000,0x0000,0x0000,0x0000,0x0000,0x0000,0x0000,
//////////0x0000,0x0000,0x0000,0x0000,0x0000,0x0000,0x0000,0x0000,0x0000,0x0000,0x0000,0x0000,0x0000,0x0000,0x0000,0x0000,
//////////0x0000,0x0000,0x0000,0x0000,0x0000,0x0000,0x0000,0x0000,0x0000,0x0000,0x0000,0x0000,0x0000,0x0000,0x0000,0x0000,
//////////0x0000,0x0000,0x0000,0xf000,0x0000,0x0000,0x0000,0x0000,0x9800,0x0000,0x0800,0x0000,0x0001,0x8800,0x001e,0x1800,
//////////0x0000,0x0000,0x9800,0x0012,0x3000,0x0000,0x0000,0xf000,0x0012,0xe000,0x0000,0x0000,0x0000,0x000f,0x8000,0x0000,
//////////0x0000,0x0000,0x0000,0x0000,0x0000,0x0000,0x0000,0x0000,0x0000,0x0000,0x001f,0x00f8,0x01f0,0x1c02,0x0000,0x0061,
//////////0x8186,0x030c,0x2602,0x0000,0x00c0,0xc302,0x0606,0x2602,0x0000,0x0084,0x6203,0x0ce2,0x2602,0x0000,0x008e,0x6003,
//////////0x0c92,0x1e02,0x0000,0x0192,0x6003,0x0d92,0x0602,0x0000,0x01b1,0x6003,0x0d92,0x0602,0x0000,0x0021,0x6003,0x0cf2,
//////////0x0602,0x0000,0x0060,0xe003,0x0c62,0x0602,0x0000,0x0040,0xa003,0x0cc2,0x0602,0x0000,0x0070,0xe003,0x0d82,0x0602,
//////////0x0000,0x00c8,0x6003,0x0d02,0x0602,0x0000,0x00c8,0x6003,0x0f02,0x0602,0x0000,0x0048,0x6003,0x0e02,0x0602,0x0000,
//////////0x0070,0x6003,0x0c02,0x1ffe,0x0000,0x0000,0x0000,0x0000,0x0000,0x0000,0x0000,0x0000,0x0000,0x0000,0x0000,0x0000,
//////////0x0000,0x0000,0x0000,0x0000,0x0000,0x0000,0x0000,0x0000,0x0000,0x0000,0x0000,0x0000,0x0000,0x0000,0x0000,0x0000,
//////////0x0000,0x0000,0x0000,0x0000,0x0000,0x0000,0x0000,0x0000,0x0000,0x0000,0x0000,0x0000,0x0000,0x0000,0x0000,0x0000,
//////////0x0000,0x0000,0x0000,0x0000,0x0000,0x0000,0x0000,0x0000,0x0000,0x0000,0x0000,0x0000,0x0000,0x0000,0x0000,0x0000,
//////////0x0000,0x0000,0x0000,0x0000,0x0000,0x0000,0x0000,0x0000,0x0000,0x0000,0x0000,0x0000,0x0000,0x0000,0x0000,0x0000,
//////////0x0000,0x0000,0x0000,0x0000,0x0000,0x0000,0x0000,0x0000,0x0000,0x0000,0x0000,0x0000,0x0000,0x0000,0x0000,0x0000,
//////////0x0000,0x0000,0x0000,0x0000,0x0000,0x0000,0x0000,0x0000,0x0000,0x0000,0x0000,0x0000,0x0000,0x0000,0x0000,0x0000,
//////////0x0000,0x0000,0x0000,0x0000,0x0000,0x0000,0x0000,0x0000
};

//12：名称 ????
unsigned short const Thai_Font25_Pic_12[] = { 
42,56,
////////0x0000,0x0000,0x0000,0x0000,0xc000,0x0000,0x0000,0xc000,0x0000,0x0000,0xc000,0x0000,0x0000,0xc000,0x0000,0x0000,
////////0xc000,0x0000,0x0000,0x0000,0x0000,0x0000,0x0000,0x0000,0x0002,0xc000,0x0000,0x0002,0xc000,0x0000,0x007e,0xc000,
////////0x0000,0x0182,0xc000,0x0000,0x0301,0xc000,0x0000,0x03fc,0xc000,0x0000,0x0003,0x4000,0x0000,0x0000,0xc000,0x0000,
////////0x0000,0x0000,0x0000,0x0000,0x4000,0x0000,0x0078,0xc0f8,0x0000,0x018f,0x8186,0x0000,0x01e3,0x8303,0x0000,0x0126,
////////0xc601,0x0000,0x032c,0xc6f1,0x0000,0x012c,0xc491,0x8000,0x01cc,0xc499,0x8000,0x000c,0xc091,0x8000,0x000c,0xc0f1,
////////0x8000,0x000c,0xc081,0x8000,0x000c,0xc081,0x8000,0x000c,0xc081,0x8000,0x000c,0xc081,0x8000,0x000c,0xc081,0x8000,
////////0x001f,0xc0ff,0x8000,0x0000,0x0000,0x0000,0x0000,0x0000,0x0000,0x0000,0x0000,0x0000,0x0000,0x0000,0x0000,0x0000,
////////0x0000,0x0000,0x0000,0x0000,0x0000,0x0000,0x0000,0x0000,0x0000,0x0000,0x0000,0x0000,0x0000,0x0000,0x0000,0x0000,
////////0x0000,0x0000,0x0000,0x0000,0x0000,0x0000,0x0000,0x0000,0x0000,0x0000,0x0000,0x0000,0x0000,0x0000,0x0000,0x0000,
////////0x0000,0x0000,0x0000,0x0000,0x0000,0x0000,0x0000,0x0000,0x0000,0x0000,0x0000,0x0000,0x0000,0x0000,0x0000,0x0000,
////////0x0000,0x0000,0x0000,0x0000,0x0000,0x0000,0x0000,0x0000
};

//13：修改日期 ?????????????
unsigned short const Thai_Font25_Pic_13[] = { 
129,56,
//////////0x0000,0x0000,0x0000,0x0000,0x0000,0x0000,0x0000,0x0000,0x0000,0x0000,0x0000,0x0030,0x0000,0x0000,0x0000,0x0000,
//////////0x0300,0x0000,0x0000,0x0000,0x0030,0x0000,0x0000,0x0000,0x0000,0x0300,0x0000,0x0000,0x0000,0x0030,0x0000,0x0000,
//////////0x0000,0x0000,0x0300,0x0000,0x0000,0x0000,0x0030,0x0000,0x0000,0x0000,0x0000,0x0300,0x0000,0x0000,0x0000,0x0030,
//////////0x0000,0x0000,0x0000,0x0000,0x0300,0x0000,0x0000,0x0000,0x0000,0x0000,0x0000,0x0000,0x0000,0x0000,0x0000,0x0000,
//////////0x0000,0x0000,0x0000,0x0000,0x0000,0x0000,0x0000,0x0000,0x0000,0x0000,0x0030,0x0000,0x0000,0x0000,0x0000,0x0300,
//////////0x0000,0x0000,0x0000,0x0030,0x0000,0x0000,0x0000,0x0000,0x0300,0x0000,0x0000,0x0010,0x1f30,0x0000,0x0000,0x0000,
//////////0x0001,0xf300,0x0000,0x0000,0x0010,0x60f0,0x0000,0x0000,0x0008,0x0006,0x0f00,0x0000,0x0000,0x0010,0xc070,0x0000,
//////////0x0000,0x1e18,0x000c,0x0700,0x0000,0x0000,0x0010,0xff30,0x0000,0x0000,0x1230,0x000f,0xf300,0x0000,0x0000,0x0010,
//////////0x00d0,0x0000,0x0000,0x12e0,0x0000,0x0d00,0x0000,0x0000,0x0010,0x0030,0x0000,0x0000,0x0f80,0x0000,0x0300,0x0000,
//////////0x0000,0x0010,0x0000,0x0000,0x0000,0x0000,0x0000,0x0000,0x0000,0x0000,0x0010,0x0000,0x0000,0x0000,0x0000,0x0000,
//////////0x0000,0x0000,0x00c0,0xe010,0x0f80,0x7861,0xc060,0x780e,0x030e,0x1c00,0x0000,0x00c1,0x3010,0x30c0,0xcc62,0x6061,
//////////0x8613,0x0313,0x1200,0x0000,0x00c1,0x3010,0x6061,0xcc62,0x6061,0x0213,0x0313,0x3300,0x0000,0x00c1,0x3010,0x4231,
//////////0xcc62,0x6063,0x0313,0x0313,0x3300,0x0000,0x00c0,0xf010,0x4731,0xb861,0xe063,0x030f,0x030f,0x2300,0x0000,0x00c0,
//////////0x3010,0xc931,0x8060,0x6063,0x0303,0x0303,0x6300,0x0000,0x00c0,0x3010,0xd8b0,0xc060,0x6063,0x0303,0x0303,0x6300,
//////////0x0000,0x00c0,0x3010,0x10b0,0x3c60,0x6060,0x0303,0x0303,0x4300,0x0000,0x00c0,0x3010,0x3070,0x6060,0x6060,0x0303,
//////////0x0303,0xc300,0x0000,0x00c0,0x3010,0x2050,0x4060,0x6060,0x0303,0x0303,0x8300,0x0000,0x00f8,0x3010,0x3870,0x4060,
//////////0x61e0,0x0f03,0x0f03,0x8300,0x0000,0x00c8,0x3010,0x6430,0x4060,0x6710,0x1b03,0x3883,0x8300,0x0000,0x00c8,0x3010,
//////////0x6430,0x4060,0x6918,0x1303,0x48c3,0x0300,0x0000,0x0048,0x3010,0x2430,0x4060,0x7110,0x1b03,0x8883,0x0300,0x0000,
//////////0x0078,0xfff0,0x3830,0x7fe0,0x60f0,0x0e03,0x0783,0x0300,0x0000,0x0000,0x0000,0x0000,0x0000,0x0000,0x0000,0x0000,
//////////0x0000,0x0000,0x0000,0x0000,0x0000,0x0000,0x0000,0x0000,0x0000,0x0000,0x0000,0x0000,0x0000,0x0000,0x0000,0x0000,
//////////0x0000,0x0000,0x0000,0x0000,0x0000,0x0000,0x0000,0x0000,0x0000,0x0000,0x0000,0x0000,0x0000,0x0000,0x0000,0x0000,
//////////0x0000,0x0000,0x0000,0x0000,0x0000,0x0000,0x0000,0x0000,0x0000,0x0000,0x0000,0x0000,0x0000,0x0000,0x0000,0x0000,
//////////0x0000,0x0000,0x0000,0x0000,0x0000,0x0000,0x0000,0x0000,0x0000,0x0000,0x0000,0x0000,0x0000,0x0000,0x0000,0x0000,
//////////0x0000,0x0000,0x0000,0x0000,0x0000,0x0000,0x0000,0x0000,0x0000,0x0000,0x0000,0x0000,0x0000,0x0000,0x0000,0x0000,
//////////0x0000,0x0000,0x0000,0x0000,0x0000,0x0000,0x0000,0x0000,0x0000,0x0000,0x0000,0x0000,0x0000,0x0000,0x0000,0x0000,
//////////0x0000,0x0000,0x0000,0x0000,0x0000,0x0000,0x0000,0x0000,0x0000,0x0000,0x0000,0x0000,0x0000,0x0000,0x0000,0x0000,
//////////0x0000,0x0000,0x0000,0x0000,0x0000,0x0000,0x0000,0x0000,0x0000,0x0000,0x0000,0x0000,0x0000,0x0000,0x0000,0x0000,
//////////0x0000,0x0000,0x0000,0x0000,0x0000,0x0000,0x0000,0x0000,0x0000,0x0000,0x0000,0x0000,0x0000,0x0000,0x0000,0x0000,
//////////0x0000,0x0000,0x0000,0x0000,0x0000,0x0000,0x0000,0x0000,0x0000,0x0000,0x0000,0x0000,0x0000,0x0000,0x0000,0x0000,
//////////0x0000,0x0000,0x0000,0x0000,0x0000,0x0000,0x0000,0x0000,0x0000,0x0000,0x0000,0x0000,0x0000,0x0000,0x0000,0x0000,
//////////0x0000,0x0000,0x0000,0x0000,0x0000,0x0000,0x0000,0x0000,0x0000,0x0000,0x0000,0x0000,0x0000,0x0000,0x0000,0x0000,
//////////0x0000,0x0000,0x0000,0x0000,0x0000,0x0000,0x0000,0x0000
};

//14：确认 ????
unsigned short const Thai_Font25_Pic_14[] = { 
70,56,
//////////0x0000,0x0000,0x0000,0x0000,0x0000,0x0000,0x0000,0x0000,0x0000,0x0000,0x0000,0x0000,0x0000,0x0000,0x0000,0x0000,
//////////0x0000,0x0000,0x0000,0x0000,0x0000,0x0000,0x0000,0x0000,0x0000,0x0000,0x0000,0x0000,0x0000,0x0000,0x0000,0x0000,
//////////0x0000,0x0000,0x0000,0x0000,0x0000,0x0000,0x0000,0x0000,0x0000,0x0000,0x0000,0x0000,0x0000,0x0000,0x0000,0x0000,
//////////0x0000,0x0000,0x0000,0x0000,0x0000,0x0000,0x0000,0x0000,0x0000,0x0000,0x0000,0x0000,0x0000,0x0000,0x0000,0x0000,
//////////0x0000,0x0000,0x0000,0x0000,0x0000,0x0000,0x0000,0x0000,0x0000,0x0000,0x0000,0x0000,0x0000,0x0000,0x0000,0x0000,
//////////0x0000,0x0000,0x0000,0x0000,0x0000,0x0000,0x0000,0x0000,0x0000,0x0000,0x0079,0xc07e,0x007c,0x0070,0x0000,0x00ce,
//////////0x61c3,0x8186,0x0090,0x0000,0x00c4,0x2300,0x8303,0x0098,0x0000,0x00c0,0x20e0,0xc211,0x8098,0x0000,0x00c0,0x20c0,
//////////0xc239,0x80f8,0x0000,0x00ce,0x2180,0xc649,0x8018,0x0000,0x00db,0x2180,0xc6c5,0x9818,0x0000,0x00d1,0x2180,0xc085,
//////////0x8c18,0x0000,0x00d9,0x2180,0xc183,0x8618,0x0000,0x00ce,0x2180,0xc102,0x8318,0x0000,0x00cc,0x2180,0xc1c3,0x8198,
//////////0x0000,0x00d8,0x2180,0xc321,0x80d8,0x0000,0x00f0,0x2180,0xc321,0x8078,0x0000,0x00e0,0x2180,0xc121,0x8038,0x0000,
//////////0x00c0,0x2180,0xc1c1,0x8038,0x0000,0x0000,0x0000,0x0000,0x0000,0x0000,0x0000,0x0000,0x0000,0x0000,0x0000,0x0000,
//////////0x0000,0x0000,0x0000,0x0000,0x0000,0x0000,0x0000,0x0000,0x0000,0x0000,0x0000,0x0000,0x0000,0x0000,0x0000,0x0000,
//////////0x0000,0x0000,0x0000,0x0000,0x0000,0x0000,0x0000,0x0000,0x0000,0x0000,0x0000,0x0000,0x0000,0x0000,0x0000,0x0000,
//////////0x0000,0x0000,0x0000,0x0000,0x0000,0x0000,0x0000,0x0000,0x0000,0x0000,0x0000,0x0000,0x0000,0x0000,0x0000,0x0000,
//////////0x0000,0x0000,0x0000,0x0000,0x0000,0x0000,0x0000,0x0000,0x0000,0x0000,0x0000,0x0000,0x0000,0x0000,0x0000,0x0000,
//////////0x0000,0x0000,0x0000,0x0000,0x0000,0x0000,0x0000,0x0000,0x0000,0x0000,0x0000,0x0000,0x0000,0x0000,0x0000,0x0000,
//////////0x0000,0x0000,0x0000,0x0000,0x0000,0x0000,0x0000,0x0000,0x0000,0x0000,0x0000,0x0000,0x0000,0x0000,0x0000,0x0000,
//////////0x0000,0x0000,0x0000,0x0000,0x0000,0x0000,0x0000,0x0000
};

//15：取消 ??????
unsigned short const Thai_Font25_Pic_15[] = { 
81,56,
//////////0x0000,0x0000,0x0000,0x0000,0x0000,0x0000,0x0000,0x0000,0x0000,0x0000,0x0000,0x0000,0x0000,0x0000,0x0000,0x0000,
//////////0x0000,0x0000,0x0000,0x0000,0x0000,0x0000,0x0000,0x0000,0x0000,0x0000,0x0000,0x0000,0x0000,0x0000,0x0000,0x0000,
//////////0x0000,0x0000,0x0000,0x0000,0x0000,0x0000,0x0000,0x0000,0x0000,0x0000,0x0000,0x0000,0x0000,0x0000,0x0000,0x0000,
//////////0x0000,0x0000,0x0000,0x0000,0x0000,0x0000,0x0000,0x0000,0x0000,0x0000,0x0000,0x0000,0x0000,0x0000,0x0000,0xf800,
//////////0x0000,0x0000,0x0000,0x0000,0x0003,0x0600,0x0000,0x0000,0x0000,0x0000,0x0006,0x0300,0x0000,0x0000,0x0000,0x0000,
//////////0x0007,0xf900,0x0000,0x0000,0x0000,0x0000,0x0000,0x0680,0x0000,0x0000,0x0000,0x0000,0x0000,0x0180,0x0000,0x0000,
//////////0x0000,0x0000,0x0000,0x0000,0x0000,0x0000,0x0000,0x0000,0x0000,0x0000,0x0000,0x0000,0x0078,0x607e,0x0300,0x7c01,
//////////0xf800,0x0000,0x00cc,0x61c3,0x8301,0x8607,0x0e00,0x0000,0x01cc,0x6300,0x8303,0x030c,0x0200,0x0000,0x01cc,0x60e0,
//////////0xc302,0x1183,0x8300,0x0000,0x01b8,0x60c0,0xc302,0x3983,0x0300,0x0000,0x0180,0x6180,0xc306,0x4986,0x0300,0x0000,
//////////0x00c0,0x6180,0xc306,0xc586,0x0300,0x0000,0x003c,0x6180,0xc300,0x8586,0x0300,0x0000,0x0060,0x6180,0xc301,0x8386,
//////////0x0300,0x0000,0x0040,0x6180,0xc301,0x0286,0x0300,0x0000,0x0040,0x6180,0xc3e1,0xc386,0x0300,0x0000,0x0040,0x6180,
//////////0xc323,0x2186,0x0300,0x0000,0x0040,0x6180,0xc323,0x2186,0x0300,0x0000,0x0040,0x6180,0xc121,0x2186,0x0300,0x0000,
//////////0x007f,0xe180,0xc1e1,0xc186,0x0300,0x0000,0x0000,0x0000,0x0000,0x0000,0x0000,0x0000,0x0000,0x0000,0x0000,0x0000,
//////////0x0000,0x0000,0x0000,0x0000,0x0000,0x0000,0x0000,0x0000,0x0000,0x0000,0x0000,0x0000,0x0000,0x0000,0x0000,0x0000,
//////////0x0000,0x0000,0x0000,0x0000,0x0000,0x0000,0x0000,0x0000,0x0000,0x0000,0x0000,0x0000,0x0000,0x0000,0x0000,0x0000,
//////////0x0000,0x0000,0x0000,0x0000,0x0000,0x0000,0x0000,0x0000,0x0000,0x0000,0x0000,0x0000,0x0000,0x0000,0x0000,0x0000,
//////////0x0000,0x0000,0x0000,0x0000,0x0000,0x0000,0x0000,0x0000,0x0000,0x0000,0x0000,0x0000,0x0000,0x0000,0x0000,0x0000,
//////////0x0000,0x0000,0x0000,0x0000,0x0000,0x0000,0x0000,0x0000,0x0000,0x0000,0x0000,0x0000,0x0000,0x0000,0x0000,0x0000,
//////////0x0000,0x0000,0x0000,0x0000,0x0000,0x0000,0x0000,0x0000,0x0000,0x0000,0x0000,0x0000,0x0000,0x0000,0x0000,0x0000,
//////////0x0000,0x0000,0x0000,0x0000,0x0000,0x0000,0x0000,0x0000,0x0000,0x0000,0x0000,0x0000,0x0000,0x0000,0x0000,0x0000,
//////////0x0000,0x0000,0x0000,0x0000,0x0000,0x0000,0x0000,0x0000,0x0000,0x0000,0x0000,0x0000,0x0000,0x0000,0x0000,0x0000,

};

//16：自刀模式高度危险，请按确认按键进入！?????????????????????????????????  ???????????????
unsigned short const Thai_Font25_Pic_16[] = { 
604,56,
////////0x0000,0x0000,0x0000,0x0000,0x0000,0x0000,0x0000,0x0000,0x0000,0x0000,0x0000,0x0000,0x0000,0x0000,0x0000,0x0000,
////////0x0000,0x0000,0x0000,0x0000,0x0000,0x0000,0x0000,0x0000,0x0000,0x0000,0x0000,0x0000,0x0000,0x0000,0x0000,0x0000,
////////0x0000,0x0000,0x0000,0x0000,0x0000,0x0000,0x0000,0x0000,0x0000,0x0000,0x0000,0x0000,0x0000,0x0000,0x0000,0x0000,
////////0x0000,0x0000,0x0000,0x0000,0x0000,0x0000,0x0000,0x0000,0x0000,0x0000,0x0000,0x0000,0x0000,0x0000,0x0000,0x0000,
////////0x0000,0x0000,0x0000,0x0000,0x0000,0x0000,0x0000,0x0000,0x0000,0x0000,0x0000,0x0000,0x0000,0x0000,0x0000,0x0000,
////////0x0000,0x0000,0x0000,0x0000,0x0000,0x0000,0x0000,0x0000,0x0000,0x0000,0x0000,0x0000,0x0000,0x0000,0x0000,0x0000,
////////0x0000,0x0000,0x0000,0x0000,0x0000,0x0000,0x0000,0x0000,0x0000,0x0000,0x0000,0x0000,0x0000,0x0000,0x0000,0x0000,
////////0x0000,0x0000,0x0000,0x0000,0x0000,0x0000,0x0000,0x0000,0x0000,0x0000,0x0000,0x0000,0x0000,0x0000,0x0000,0x0000,
////////0x0000,0x0000,0x0000,0x0000,0x0000,0x0000,0x0000,0x0000,0x0000,0x0000,0x0000,0x0000,0x0000,0x0000,0x0000,0x0000,
////////0x0000,0x0000,0x0000,0x0000,0x0000,0x0000,0x0000,0x0000,0x0000,0x0000,0x0000,0x0000,0x0000,0x0000,0x0000,0x0000,
////////0x0000,0x0000,0x0000,0x0000,0x0000,0x0000,0x0000,0x0000,0x0000,0x0000,0x0000,0x0000,0x0000,0x0000,0x0000,0x0000,
////////0x0000,0x0000,0x0000,0x0000,0x0000,0x0000,0x0000,0x0000,0x0000,0x0000,0x0000,0x0000,0x0000,0x0000,0x0000,0x0000,
////////0x0000,0x0000,0x0000,0x0000,0x0000,0x0000,0x0000,0x0000,0x0000,0x0000,0x0000,0x0000,0x0000,0x0000,0x0000,0x0000,
////////0x0000,0x0000,0x0000,0x0000,0x0000,0x0000,0x0000,0x0000,0x0000,0x0000,0x0000,0x0000,0x0000,0x0000,0x0000,0x0000,
////////0x0000,0x0000,0x0000,0x0000,0x0000,0x0000,0x0000,0x0000,0x0000,0x0000,0x0000,0x0000,0x0000,0x0000,0x0000,0x0000,
////////0x0000,0x0000,0x0000,0x0000,0x0000,0x0000,0x0000,0x0000,0x0000,0x0000,0x0000,0x0000,0x0000,0x0000,0x0000,0x0000,
////////0x0000,0x0000,0x0000,0x0000,0x0000,0x0000,0x0000,0x0000,0x0000,0x0000,0x0000,0x0000,0x0000,0x0000,0x0000,0x0000,
////////0x0000,0x0000,0x0000,0x0000,0x0000,0x0000,0x0000,0x0000,0x0000,0x0000,0x0000,0x0000,0x0000,0x0000,0x0000,0x0000,
////////0x0000,0x0000,0x0000,0x0000,0x0000,0x0000,0x0000,0x0000,0x0000,0x0000,0x0000,0x0000,0x0000,0x0000,0x0000,0x0000,
////////0x0000,0x0000,0x0000,0x0000,0x0030,0x0000,0x0000,0x0000,0x0000,0x0000,0x0000,0x0000,0x0000,0x0000,0x0000,0x0000,
////////0x0000,0x0000,0x0000,0x0000,0x0000,0x0000,0x0000,0x0000,0x0000,0x0000,0x0000,0x0000,0x0000,0x0000,0x0000,0x0000,
////////0x0000,0x0000,0x0000,0x0000,0x0000,0x0000,0x00f8,0x0000,0x0000,0x0000,0x0030,0x0000,0x0000,0x0000,0x0000,0x00f8,
////////0x0000,0x0000,0x0000,0x0000,0x0000,0x0000,0x0000,0x0000,0x0000,0x0000,0x0000,0x0000,0x0000,0x0000,0x0000,0x0000,
////////0x0000,0x0000,0x0000,0x0000,0x0000,0x0000,0x0000,0x0000,0x0000,0x0000,0x0000,0x0000,0x018c,0x0000,0x0000,0x0000,
////////0x1f30,0x0000,0x0000,0x0000,0x0000,0x018c,0x0000,0x0000,0x0f80,0x0000,0x0000,0x0000,0x0000,0x0000,0x0000,0x0000,
////////0x0000,0x0000,0x0000,0x0000,0x0000,0x0000,0x0000,0x0000,0x0000,0x0000,0x0000,0x0004,0x0000,0x0000,0x0000,0x0000,
////////0x0000,0x0000,0x0306,0x0000,0x0000,0x0000,0x60f0,0x0000,0x0000,0x0000,0x0040,0x0306,0x0000,0x0000,0x7060,0x0001,
////////0x0000,0x0000,0x0000,0x0000,0x0000,0x0006,0x0000,0x0000,0x0000,0x0000,0x0000,0x0000,0x0000,0x0000,0x0000,0x0000,
////////0x0000,0x00c4,0x0000,0x0000,0x0000,0x0000,0x0000,0x0000,0x0302,0x0000,0x0000,0x0000,0xc070,0x0000,0x0000,0x0000,
////////0xf0c0,0x0302,0x0000,0x00f0,0xe030,0x03c3,0x0000,0x0000,0x0000,0x0000,0x0000,0x0006,0x0000,0x0000,0x0000,0x0000,
////////0x0000,0x0000,0x0000,0x0000,0x0000,0x0000,0x0000,0x00c4,0x0000,0x0000,0x0000,0x0000,0x0000,0x0000,0x0180,0x0000,
////////0x0000,0x0000,0xff30,0x0000,0x0000,0x0000,0x9180,0x0180,0x0000,0x0091,0xff90,0x0246,0x0000,0x0000,0x0000,0x0000,
////////0x0000,0x0006,0x0000,0x0000,0x0000,0x0000,0x0000,0x0000,0x0000,0x0000,0x0000,0x0000,0x0000,0x00c4,0x0000,0x0000,
////////0x0000,0x0000,0x0000,0x0000,0x00e0,0x0000,0x0000,0x0000,0x00d0,0x0000,0x0000,0x0000,0x9700,0x00e0,0x0000,0x0097,
////////0x0068,0x025c,0x0000,0x0000,0x0000,0x0000,0x0000,0x0006,0x0000,0x0000,0x0000,0x0000,0x0000,0x0000,0x0000,0x0000,
////////0x0000,0x0000,0x0000,0x00c4,0x0000,0x0000,0x0000,0x0000,0x0000,0x0000,0x0030,0x0000,0x0000,0x0000,0x0030,0x0000,
////////0x0000,0x0000,0x7c00,0x0030,0x0000,0x007c,0x0018,0x01f0,0x0000,0x0000,0x0000,0x0000,0x0000,0x0006,0x0000,0x0000,
////////0x0000,0x0000,0x0000,0x0000,0x0000,0x0000,0x0000,0x0000,0x0000,0x00c4,0x0000,0x0000,0x0000,0x0000,0x0000,0x0000,
////////0x0030,0x0000,0x0000,0x0000,0x0000,0x0000,0x0000,0x0000,0x0000,0x0030,0x0000,0x0000,0x0000,0x0000,0x0000,0x0000,
////////0x0000,0x0000,0x0000,0x0000,0x0000,0x0000,0x0000,0x0000,0x0000,0x0000,0x0000,0x0000,0x0000,0x0000,0x0000,0x0004,
////////0x0000,0x0000,0x0000,0x0000,0x0000,0x0000,0x0030,0x0000,0x0000,0x0000,0x0000,0x0000,0x0000,0x0000,0x0000,0x0030,
////////0x0000,0x0000,0x0000,0x0000,0x0000,0x0000,0x0000,0x0000,0x0000,0x0000,0x0000,0x0000,0x0000,0x0000,0x0000,0x0000,
////////0x0000,0x0000,0x0000,0x0000,0x0000,0x0004,0x0000,0x0000,0x0000,0x0000,0x0000,0x0000,0x0030,0x7078,0x7018,0x0f80,
////////0xe030,0x1f00,0x3e00,0x380f,0x803c,0xe030,0x7018,0x7018,0x3ce0,0x3e01,0xc060,0xf380,0xf03e,0x01e1,0x81f0,0x0786,
////////0x0f80,0x0e0e,0x0307,0xc01f,0x8000,0x00fc,0x01e0,0x3f00,0x40f8,0x03f0,0x03e0,0x3804,0x1c06,0x0f38,0x0fc0,0x0f80,
////////0x0e00,0x0000,0x0030,0x9048,0xc818,0x1861,0x9030,0x30c0,0xc300,0x4818,0x6067,0x3030,0x9818,0xc818,0x6730,0x6182,
////////0x6061,0x9cc3,0x0c61,0x8331,0x830c,0x0cc6,0x1860,0x1219,0x030c,0x3070,0xe000,0x0387,0x0618,0xe1c0,0x4186,0x0e1c,
////////0x0618,0x4c04,0x3206,0x19cc,0x3870,0x30c0,0x1200,0x0000,0x0030,0x9848,0xc818,0x3031,0x9030,0x6061,0x8180,0x4c30,
////////0x3062,0x1030,0x9818,0xc818,0x6210,0xc0c2,0x6061,0x8842,0x04c0,0x8731,0x8606,0x1cc6,0x3020,0x1319,0x0318,0x10c0,
////////0x2000,0x0601,0x0409,0x8040,0x4302,0x1804,0x0c0c,0x4c04,0x3206,0x1884,0x6010,0x6060,0x1300,0x0000,0x0030,0x9878,
////////0xc818,0x6711,0x9030,0xce21,0x08c0,0x4c60,0x1060,0x1030,0x9818,0xc818,0x6011,0x8042,0x6061,0x8046,0x0680,0xc731,
////////0x8c02,0x1cc6,0x2030,0x1319,0x0310,0x1838,0x3000,0x01c1,0x8c0c,0x7060,0x4203,0x0706,0x19c4,0x4c04,0x3206,0x1804,
////////0x1c18,0x4230,0x1300,0x0000,0x0030,0x7830,0x7818,0x6490,0xf030,0xc921,0x1cc0,0x7c6f,0x1060,0x1030,0x7818,0x7818,
////////0x6011,0xbc41,0xe061,0x8047,0xf600,0xc6e1,0x8de2,0x1b86,0x0030,0x1f0f,0x0300,0x1830,0x3000,0x0181,0x8fec,0x6060,
////////0x4003,0x0606,0x1924,0x3c04,0x1e06,0x1804,0x1818,0x4730,0x1f00,0x0000,0x0030,0x1838,0x0818,0x6c90,0x1030,0xd923,
////////0x24c0,0x0c49,0x1867,0x1030,0x1818,0x0818,0x6711,0x2460,0x6061,0x9c40,0x3000,0xc601,0x8923,0x1806,0x0030,0x0301,
////////0x0300,0x1860,0x3000,0x0301,0x8060,0xc060,0x4003,0x0c06,0x1b24,0x0c04,0x0206,0x19c4,0x3018,0xc930,0x0300,0x0000,
////////0x0030,0x1878,0x0818,0x6c90,0x1030,0xd923,0x62cc,0x0c49,0x986d,0x9030,0x1818,0x0818,0x6d91,0x2660,0x6061,0xb640,
////////0x3000,0xc301,0x8933,0x0c06,0x0033,0x0301,0x0300,0x1860,0x3000,0x0301,0x8060,0xc060,0x4003,0x0c06,0x1b24,0x0c04,
////////0x0206,0x1b64,0x3018,0xd8b3,0x0300,0x0000,0x0030,0x18d8,0x0818,0x6790,0x1030,0xcf20,0x42c6,0x0c09,0x1868,0x9030,
////////0x1818,0x0818,0x6890,0x2460,0x6061,0xa240,0x3000,0xc0f1,0x8123,0x03c6,0x0031,0x8301,0x0300,0x1860,0x3000,0x0301,
////////0x8060,0xc060,0x4003,0x0c06,0x19e4,0x0c04,0x0206,0x1a24,0x3018,0x10b1,0x8300,0x0000,0x0030,0x1998,0x0818,0x6310,
////////0x1030,0xc620,0xc1c3,0x0c0f,0x186c,0x9030,0x1818,0x0818,0x6c90,0x3c60,0x6061,0xb240,0x3000,0xc181,0x81e3,0x0606,
////////0x0030,0xc301,0x0300,0x1860,0x3000,0x0301,0x8060,0xc060,0x4003,0x0c06,0x18c4,0x0c04,0x0206,0x1b24,0x3018,0x3070,
////////0xc300,0x0000,0x0030,0x1918,0x3e18,0x6610,0x7c30,0xcc20,0x8141,0x8c08,0x1867,0x1030,0x1818,0x3e18,0x6710,0x2060,
////////0x6061,0x9c40,0x3000,0xc101,0x8103,0x0406,0x0030,0x6307,0xc300,0x1860,0x3000,0x0301,0x8060,0xc060,0x4003,0x0c06,
////////0x1984,0x0c04,0x0f86,0x19c4,0x3018,0x2050,0x6300,0x0000,0x003c,0x1b18,0x4b18,0x6c10,0x9630,0xd820,0xe1c0,0xcc08,
////////0x1866,0x103c,0x1878,0x4b18,0x6610,0x2060,0x61e1,0x9840,0xf000,0xc101,0x8103,0x0406,0x0030,0x3309,0x6300,0x1860,
////////0x3000,0x0301,0x81e0,0xf061,0xe003,0x0c06,0x1b04,0x0c04,0x12c6,0x1984,0x3018,0x3870,0x3300,0x0000,0x0036,0x1e18,
////////0xc8d8,0x6811,0x91b0,0xd021,0x90c0,0x6c08,0x186c,0x1036,0x19c4,0xc8d8,0x6c10,0x2060,0x6711,0xb041,0x3000,0xc101,
////////0x8103,0x0406,0x0030,0x1b19,0x1b00,0x1860,0x3000,0x0301,0x8260,0xc867,0x3003,0x0c06,0x1a04,0x0c04,0x3236,0x1b04,
////////0x3018,0x6430,0x1b00,0x0000,0x0022,0x1c18,0xc878,0x7811,0x90f0,0xf021,0x90c0,0x3c08,0x1878,0x1022,0x1a46,0xc878,
////////0x7810,0x2060,0x6919,0xe041,0x3000,0xc101,0x8103,0x0406,0x0030,0x0f19,0x0f00,0x1860,0x3000,0x0301,0x8260,0xc86f,
////////0x1003,0x0c06,0x1e04,0x0c04,0x321e,0x1e04,0x3018,0x6430,0x0f00,0x0000,0x0036,0x1c18,0x6838,0x7010,0xd070,0xe020,
////////0x90c0,0x1c08,0x1870,0x1036,0x1c44,0x6838,0x7010,0x2060,0x7111,0xc041,0x3000,0xc101,0x8103,0x0406,0x0030,0x070d,
////////0x0700,0x1860,0x3000,0x0301,0x8260,0xc873,0x3003,0x0c06,0x1c04,0x0c04,0x1a0e,0x1c04,0x3018,0x2430,0x0700,0x0000,
////////0x001c,0x1818,0x3818,0x6010,0x7030,0xc020,0xe0c0,0x1c0f,0xf860,0x101c,0x183c,0x3818,0x6010,0x3fe0,0x60f1,0x8040,
////////0xe000,0xc1ff,0x81ff,0x07fe,0x0030,0x0707,0x0300,0x1860,0x3000,0x0301,0x81c0,0x7061,0xe003,0x0c06,0x1804,0x3ffc,
////////0x0e06,0x1804,0x3018,0x3830,0x0700,0x0000,0x0000,0x0000,0x0000,0x0000,0x0000,0x0000,0x0000,0x0000,0x0000,0x0000,
////////0x0000,0x0000,0x0000,0x0000,0x0000,0x0000,0x0000,0x0000,0x0000,0x0000,0x0000,0x0000,0x0000,0x0000,0x0000,0x0000,
////////0x0000,0x0000,0x0000,0x0000,0x0000,0x0000,0x0000,0x0000,0x0000,0x0000,0x0000,0x0000,0x0000,0x0000,0x0000,0x0000,
////////0x0000,0x0000,0x0000,0x0000,0x0000,0x0000,0x0000,0x0000,0x0000,0x0000,0x0000,0x0000,0x0000,0x0000,0x0000,0x0000,
////////0x0000,0x0000,0x0000,0x0000,0x0000,0x0000,0x00e0,0x0000,0x0000,0x0000,0x0000,0x000e,0x0000,0x0000,0x0000,0x0000,
////////0x0000,0x0000,0x0000,0x0000,0x0000,0x0000,0x0000,0x0000,0x0000,0x0000,0x0000,0x0000,0x0000,0x0000,0x0000,0x0000,
////////0x0000,0x0000,0x0000,0x0000,0x0000,0x0000,0x0000,0x0000,0x0000,0x0000,0x0000,0x0000,0x0190,0x0000,0x0000,0x0000,
////////0x0000,0x0019,0x0000,0x0000,0x0000,0x0000,0x0000,0x0000,0x0000,0x0000,0x0000,0x0000,0x0000,0x0000,0x0000,0x0000,
////////0x0000,0x0000,0x0000,0x0000,0x0000,0x0000,0x0000,0x0000,0x0000,0x0000,0x0000,0x0000,0x0000,0x0000,0x0000,0x0000,
////////0x0000,0x0000,0x0190,0x0000,0x0000,0x0000,0x0000,0x0019,0x0000,0x0000,0x0000,0x0000,0x0000,0x0000,0x0000,0x0000,
////////0x0000,0x0000,0x0000,0x0000,0x0000,0x0000,0x0000,0x0000,0x0000,0x0000,0x0000,0x0000,0x0000,0x0000,0x0000,0x0000,
////////0x0000,0x0000,0x0000,0x0000,0x0000,0x0000,0x0000,0x0000,0x00f0,0x0000,0x0000,0x0000,0x0000,0x000f,0x0000,0x0000,
////////0x0000,0x0000,0x0000,0x0000,0x0000,0x0000,0x0000,0x0000,0x0000,0x0000,0x0000,0x0000,0x0000,0x0000,0x0000,0x0000,
////////0x0000,0x0000,0x0000,0x0000,0x0000,0x0000,0x0000,0x0000,0x0000,0x0000,0x0000,0x0000,0x0000,0x0000,0x0010,0x0000,
////////0x0000,0x0000,0x0000,0x0001,0x0000,0x0000,0x0000,0x0000,0x0000,0x0000,0x0000,0x0000,0x0000,0x0000,0x0000,0x0000,
////////0x0000,0x0000,0x0000,0x0000,0x0000,0x0000,0x0000,0x0000,0x0000,0x0000,0x0000,0x0000,0x0000,0x0000,0x0000,0x0000,
////////0x0000,0x0000,0x0000,0x0000,0x0010,0x0000,0x0000,0x0000,0x0000,0x0001,0x0000,0x0000,0x0000,0x0000,0x0000,0x0000,
////////0x0000,0x0000,0x0000,0x0000,0x0000,0x0000,0x0000,0x0000,0x0000,0x0000,0x0000,0x0000,0x0000,0x0000,0x0000,0x0000,
////////0x0000,0x0000,0x0000,0x0000,0x0000,0x0000,0x0000,0x0000,0x0000,0x0000,0x0010,0x0000,0x0000,0x0000,0x0000,0x0001,
////////0x0000,0x0000,0x0000,0x0000,0x0000,0x0000,0x0000,0x0000,0x0000,0x0000,0x0000,0x0000,0x0000,0x0000,0x0000,0x0000,
////////0x0000,0x0000,0x0000,0x0000,0x0000,0x0000,0x0000,0x0000,0x0000,0x0000,0x0000,0x0000,0x0000,0x0000,0x0000,0x0000,
////////0x0000,0x0000,0x0000,0x0000,0x0000,0x0000,0x0000,0x0000,0x0000,0x0000,0x0000,0x0000,0x0000,0x0000,0x0000,0x0000,
////////0x0000,0x0000,0x0000,0x0000,0x0000,0x0000,0x0000,0x0000,0x0000,0x0000,0x0000,0x0000,0x0000,0x0000,0x0000,0x0000,
////////0x0000,0x0000,0x0000,0x0000,0x0000,0x0000,0x0000,0x0000,0x0000,0x0000,0x0000,0x0000,0x0000,0x0000,0x0000,0x0000,
////////0x0000,0x0000,0x0000,0x0000,0x0000,0x0000,0x0000,0x0000,0x0000,0x0000,0x0000,0x0000,0x0000,0x0000,0x0000,0x0000,
////////0x0000,0x0000,0x0000,0x0000,0x0000,0x0000,0x0000,0x0000,0x0000,0x0000,0x0000,0x0000,0x0000,0x0000,0x0000,0x0000,
////////0x0000,0x0000,0x0000,0x0000,0x0000,0x0000,0x0000,0x0000,0x0000,0x0000,0x0000,0x0000,0x0000,0x0000,0x0000,0x0000,
////////0x0000,0x0000,0x0000,0x0000,0x0000,0x0000,0x0000,0x0000,0x0000,0x0000,0x0000,0x0000,0x0000,0x0000,0x0000,0x0000,
////////0x0000,0x0000,0x0000,0x0000,0x0000,0x0000,0x0000,0x0000,0x0000,0x0000,0x0000,0x0000,0x0000,0x0000,0x0000,0x0000,
////////0x0000,0x0000,0x0000,0x0000,0x0000,0x0000,0x0000,0x0000,0x0000,0x0000,0x0000,0x0000,0x0000,0x0000,0x0000,0x0000,
////////0x0000,0x0000,0x0000,0x0000,0x0000,0x0000,0x0000,0x0000,0x0000,0x0000,0x0000,0x0000,0x0000,0x0000,0x0000,0x0000,
////////0x0000,0x0000,0x0000,0x0000,0x0000,0x0000,0x0000,0x0000,0x0000,0x0000,0x0000,0x0000,0x0000,0x0000,0x0000,0x0000,
////////0x0000,0x0000,0x0000,0x0000,0x0000,0x0000,0x0000,0x0000,0x0000,0x0000,0x0000,0x0000,0x0000,0x0000,0x0000,0x0000,
////////0x0000,0x0000,0x0000,0x0000,0x0000,0x0000,0x0000,0x0000,0x0000,0x0000,0x0000,0x0000,0x0000,0x0000,0x0000,0x0000,
////////0x0000,0x0000,0x0000,0x0000,0x0000,0x0000,0x0000,0x0000,0x0000,0x0000,0x0000,0x0000,0x0000,0x0000,0x0000,0x0000,
////////0x0000,0x0000,0x0000,0x0000,0x0000,0x0000,0x0000,0x0000,0x0000,0x0000,0x0000,0x0000,0x0000,0x0000,0x0000,0x0000,
////////0x0000,0x0000,0x0000,0x0000,0x0000,0x0000,0x0000,0x0000,0x0000,0x0000,0x0000,0x0000,0x0000,0x0000,0x0000,0x0000,
////////0x0000,0x0000,0x0000,0x0000,0x0000,0x0000,0x0000,0x0000,0x0000,0x0000,0x0000,0x0000,0x0000,0x0000,0x0000,0x0000,
////////0x0000,0x0000,0x0000,0x0000,0x0000,0x0000,0x0000,0x0000,0x0000,0x0000,0x0000,0x0000,0x0000,0x0000,0x0000,0x0000,
////////0x0000,0x0000,0x0000,0x0000,0x0000,0x0000,0x0000,0x0000,0x0000,0x0000,0x0000,0x0000,0x0000,0x0000,0x0000,0x0000,
////////0x0000,0x0000,0x0000,0x0000,0x0000,0x0000,0x0000,0x0000,0x0000,0x0000,0x0000,0x0000,0x0000,0x0000,0x0000,0x0000,
////////0x0000,0x0000,0x0000,0x0000,0x0000,0x0000,0x0000,0x0000,0x0000,0x0000,0x0000,0x0000,0x0000,0x0000,0x0000,0x0000,
////////0x0000,0x0000,0x0000,0x0000,0x0000,0x0000,0x0000,0x0000,0x0000,0x0000,0x0000,0x0000,0x0000,0x0000,0x0000,0x0000,
////////0x0000,0x0000,0x0000,0x0000,0x0000,0x0000,0x0000,0x0000,0x0000,0x0000,0x0000,0x0000,0x0000,0x0000,0x0000,0x0000,
////////0x0000,0x0000,0x0000,0x0000,0x0000,0x0000,0x0000,0x0000,0x0000,0x0000,0x0000,0x0000,0x0000,0x0000,0x0000,0x0000,
////////0x0000,0x0000,0x0000,0x0000,0x0000,0x0000,0x0000,0x0000,0x0000,0x0000,0x0000,0x0000,0x0000,0x0000,0x0000,0x0000,
////////0x0000,0x0000,0x0000,0x0000,0x0000,0x0000,0x0000,0x0000,0x0000,0x0000,0x0000,0x0000,0x0000,0x0000,0x0000,0x0000,
////////0x0000,0x0000,0x0000,0x0000,0x0000,0x0000,0x0000,0x0000,0x0000,0x0000,0x0000,0x0000,0x0000,0x0000,0x0000,0x0000,
////////0x0000,0x0000,0x0000,0x0000,0x0000,0x0000,0x0000,0x0000,0x0000,0x0000,0x0000,0x0000,0x0000,0x0000,0x0000,0x0000,
////////0x0000,0x0000,0x0000,0x0000,0x0000,0x0000,0x0000,0x0000,0x0000,0x0000,0x0000,0x0000,0x0000,0x0000,0x0000,0x0000,
////////0x0000,0x0000,0x0000,0x0000,0x0000,0x0000,0x0000,0x0000,0x0000,0x0000,0x0000,0x0000,0x0000,0x0000,0x0000,0x0000,
////////0x0000,0x0000,0x0000,0x0000,0x0000,0x0000,0x0000,0x0000,0x0000,0x0000,0x0000,0x0000,0x0000,0x0000,0x0000,0x0000,
////////0x0000,0x0000,0x0000,0x0000,0x0000,0x0000,0x0000,0x0000,0x0000,0x0000,0x0000,0x0000,0x0000,0x0000,0x0000,0x0000,
////////0x0000,0x0000,0x0000,0x0000,0x0000,0x0000,0x0000,0x0000,0x0000,0x0000,0x0000,0x0000,0x0000,0x0000,0x0000,0x0000,
////////0x0000,0x0000,0x0000,0x0000,0x0000,0x0000,0x0000,0x0000,0x0000,0x0000,0x0000,0x0000,0x0000,0x0000,0x0000,0x0000,

};

//17：拼音输入 ??????
unsigned short const Thai_Font25_Pic_17[] = { 
63,56,
//////////0x0000,0x0000,0x0000,0x0000,0x0000,0x0000,0x0000,0x0000,0x0000,0x0000,0x0000,0x0000,0x0000,0x0000,0x0000,0x0000,
//////////0x0000,0x0000,0x0000,0x0000,0x0000,0x0000,0x0000,0x0000,0x0000,0x0000,0x0000,0x0000,0x0000,0x0000,0x0000,0x0000,
//////////0x0000,0x3000,0x0000,0x0000,0x0000,0x3000,0x1e00,0x0000,0x001f,0x3000,0x1218,0x0000,0x0060,0xf000,0x1210,0x0000,
//////////0x00c0,0x7000,0x1e20,0x0000,0x00ff,0x3000,0x0660,0x0000,0x0000,0xd000,0x0d80,0x0000,0x0000,0x3000,0x1f00,0x0000,
//////////0x0000,0x0000,0x0000,0x0000,0x0000,0x0000,0x0000,0x0000,0x001f,0x0180,0xf183,0xe000,0x0030,0xc181,0x9986,0x1800,
//////////0x0060,0x6183,0xcd8c,0x0800,0x00ce,0x2182,0x6d88,0x0c00,0x00c9,0x2182,0x6980,0x0c00,0x0099,0x2182,0x5980,0x0c00,
//////////0x0099,0x2181,0xd980,0x0c00,0x009e,0x2180,0x1180,0x0c00,0x00b0,0x2180,0x1180,0x0c00,0x00a0,0x2180,0x1180,0x0c00,
//////////0x00a0,0x21f0,0x1180,0x0c00,0x00e0,0x2190,0x1180,0x0c00,0x00c0,0x2190,0x1180,0x0c00,0x00c0,0x2090,0x1180,0x0c00,
//////////0x00c0,0x20f0,0x7f80,0x0c00,0x0000,0x0000,0x0000,0x0000,0x0000,0x0000,0x0000,0x0000,0x0000,0x0000,0x0000,0x0000,
//////////0x0000,0x0000,0x0000,0x0000,0x0000,0x0000,0x0000,0x0000,0x0000,0x0000,0x0000,0x0000,0x0000,0x0000,0x0000,0x0000,
//////////0x0000,0x0000,0x0000,0x0000,0x0000,0x0000,0x0000,0x0000,0x0000,0x0000,0x0000,0x0000,0x0000,0x0000,0x0000,0x0000,
//////////0x0000,0x0000,0x0000,0x0000,0x0000,0x0000,0x0000,0x0000,0x0000,0x0000,0x0000,0x0000,0x0000,0x0000,0x0000,0x0000,
//////////0x0000,0x0000,0x0000,0x0000,0x0000,0x0000,0x0000,0x0000,0x0000,0x0000,0x0000,0x0000,0x0000,0x0000,0x0000,0x0000,
//////////0x0000,0x0000,0x0000,0x0000,0x0000,0x0000,0x0000,0x0000,0x0000,0x0000,0x0000,0x0000,0x0000,0x0000,0x0000,0x0000,

};

//18：是否删除全部数据？???????????????????????????
unsigned short const Thai_Font25_Pic_18[] = { 
336,56,
////////0x0000,0x0000,0x0000,0x0000,0x0000,0x0000,0x0000,0x0000,0x0000,0x0000,0x000e,0x0000,0x0000,0x0000,0x0000,0x0000,
////////0x0000,0x0000,0x0000,0x0000,0x0000,0x0000,0x0000,0x0000,0x0000,0x0000,0x0000,0x0000,0x0000,0x0000,0x0000,0x0012,
////////0x1000,0x0000,0x0000,0x0000,0x0000,0x0000,0x0000,0x0000,0x0000,0x0000,0x0000,0x0000,0x0000,0x0000,0x0000,0x0000,
////////0x0000,0x0000,0x0000,0x0000,0x0012,0x3000,0x0000,0x0000,0x0000,0x0000,0x0000,0x0000,0x0000,0x0000,0x0000,0x0000,
////////0x0000,0x0000,0x0000,0x0000,0x0000,0x0000,0x0000,0x0000,0x0000,0x000e,0x2000,0x0000,0x0000,0x0000,0x0000,0x0000,
////////0x0000,0x0000,0x0000,0x0000,0x0000,0x0000,0x0000,0x0000,0x0000,0x0000,0x0000,0x0000,0x0000,0x0000,0x0006,0x4000,
////////0x0000,0x0000,0x0000,0x0000,0x0000,0x0000,0x0000,0x0000,0x0000,0x0000,0x0000,0x0000,0x0000,0x0000,0x0000,0x0000,
////////0x0000,0x0000,0x0000,0x000d,0x8000,0x0000,0x0000,0x0000,0x0000,0x0000,0x0000,0x0000,0x0000,0x0000,0x0000,0x0000,
////////0x0000,0x0000,0x0000,0x0000,0x0000,0x0000,0x0000,0x0000,0x000f,0x0000,0x0000,0x0000,0x0000,0x0000,0x0000,0x0000,
////////0x0000,0x0000,0x0000,0x0000,0x0000,0x0000,0x0000,0x0000,0x0000,0x0000,0x0000,0x0000,0x0000,0x0000,0x0000,0x0000,
////////0x0000,0x0000,0x0000,0x0000,0x0000,0x0000,0x0000,0x0000,0x0000,0x0000,0x0000,0x0000,0x0000,0x0000,0x0000,0x0000,
////////0x0000,0x0000,0x0000,0x0000,0x0000,0x0000,0x0000,0x0000,0x0000,0x0018,0x0000,0x0000,0x0000,0x0000,0x0000,0x0000,
////////0x0000,0x03c0,0x0000,0x0007,0x8000,0x0000,0x0000,0x0000,0x0000,0x0000,0x0000,0x0000,0x0000,0x0000,0x0019,0x8000,
////////0x0000,0x0000,0x0000,0x0000,0x0000,0x0000,0x0243,0x0000,0x0004,0x8600,0x0000,0x0000,0x0000,0x0000,0x0000,0x0000,
////////0x0000,0x0000,0x0000,0x0019,0x8000,0x0000,0x0000,0x0000,0x0000,0x0000,0x0000,0x0242,0x0000,0x0004,0x8400,0x0000,
////////0x0000,0x0000,0x0400,0x0000,0x0000,0x0000,0x0000,0x0000,0x001b,0x8000,0x0000,0x0000,0x0000,0x0000,0x0000,0x0000,
////////0x03c4,0x0000,0x0007,0x8800,0x0000,0x0000,0x000f,0x0c00,0x0000,0x0000,0x0000,0x0000,0x0000,0x001a,0x8000,0x0000,
////////0x0000,0x0000,0x0000,0x0000,0x0000,0x00cc,0x0000,0x0001,0x9800,0x0000,0x0000,0x0009,0x1800,0x0000,0x0000,0x0000,
////////0x0000,0x0000,0x001c,0x8000,0x0000,0x0000,0x0000,0x0000,0x0000,0x0000,0x01b0,0x0000,0x0003,0x6000,0x0000,0x0000,
////////0x0009,0x7000,0x0000,0x0000,0x0000,0x0000,0x0000,0x001c,0x8000,0x0000,0x0000,0x0000,0x0000,0x0000,0x0000,0x03e0,
////////0x0000,0x0007,0xc000,0x0000,0x0000,0x0007,0xc000,0x0000,0x0000,0x0000,0x0000,0x0000,0x0018,0x8000,0x0000,0x0000,
////////0x0000,0x0000,0x0000,0x0000,0x0000,0x0000,0x0000,0x0000,0x0000,0x0000,0x0000,0x0000,0x0000,0x0000,0x0000,0x0000,
////////0x0000,0x0000,0x8000,0x0000,0x0000,0x0000,0x0000,0x0000,0x0000,0x0000,0x0000,0x0000,0x0000,0x0000,0x0000,0x0000,
////////0x0000,0x0000,0x0000,0x0000,0x0000,0x0000,0x0000,0x8000,0x0000,0x0000,0x0079,0xc07e,0x007c,0x0070,0x0f80,0x7c00,
////////0x703c,0x607c,0x0380,0xc07c,0x070e,0x0070,0x7078,0x7018,0x0f80,0x3e00,0x7c00,0xfc00,0x81c1,0xe1c0,0x6000,0x00ce,
////////0x61c3,0x8186,0x0090,0x30c0,0xc300,0x9066,0x60c3,0x0640,0xc186,0x0989,0x0090,0x9048,0xc818,0x1860,0x6180,0xc303,
////////0x8700,0x8241,0x2320,0x6000,0x00c4,0x2300,0x8303,0x0098,0x6061,0x8100,0x98f3,0x6181,0x8640,0xc303,0x0999,0x8098,
////////0x9848,0xc818,0x3030,0xc0c1,0x8186,0x0100,0x8261,0x2320,0x6000,0x00c0,0x20e0,0xc211,0x8098,0x4231,0x0180,0x989b,
////////0x6300,0x8640,0xc211,0x8999,0x8098,0x9878,0xc818,0x6711,0x8043,0x0081,0xc180,0x8261,0xe320,0x6000,0x00c0,0x20c0,
////////0xc239,0x80f8,0x4730,0x0180,0xf89a,0x6378,0x83c0,0xc239,0x8791,0x80f8,0x7830,0x7818,0x6491,0xbc43,0x7881,0x8180,
////////0x81e0,0xc1e0,0x6000,0x00ce,0x2180,0xc649,0x8018,0xc930,0x0180,0x1896,0x6248,0xc040,0xc649,0x81b1,0x8018,0x1838,
////////0x0818,0x6c91,0x2462,0x48c3,0x0180,0x8060,0xe020,0x6000,0x00db,0x2180,0xc6c5,0x9818,0xd8b0,0x0198,0x1876,0x624c,
////////0xc040,0xc6c5,0x81b1,0x9818,0x1878,0x0818,0x6c91,0x2662,0x4cc3,0x0180,0x8061,0xe020,0x6000,0x00d1,0x2180,0xc085,
////////0x8c18,0x10b0,0x018c,0x1804,0x6048,0xc040,0xc085,0x81a1,0x8c18,0x18d8,0x0818,0x6790,0x2460,0x48c3,0x0180,0x8063,
////////0x6020,0x6000,0x00d9,0x2180,0xc183,0x8618,0x3070,0x0186,0x1804,0x6078,0xc040,0xc183,0x81e1,0x8618,0x1998,0x0818,
////////0x6310,0x3c60,0x78c3,0x0180,0x8066,0x6020,0x6000,0x00ce,0x2180,0xc102,0x8318,0x2050,0x0183,0x1804,0x6040,0xc1f0,
////////0xc102,0x81c1,0x8318,0x1918,0x3e18,0x6610,0x2060,0x40c3,0x0180,0x8064,0x60f8,0x6000,0x00cc,0x2180,0xc1c3,0x8198,
////////0x3870,0x0181,0x9804,0x6040,0xc258,0xc1c3,0x81c1,0x8198,0x1b18,0x4b18,0x6c10,0x2060,0x40c3,0x0180,0xf06c,0x612c,
////////0x6000,0x00d8,0x2180,0xc321,0x80d8,0x6430,0x0180,0xd804,0x6040,0xc646,0xc321,0x81c1,0x80d8,0x1e18,0xc8d8,0x6810,
////////0x2060,0x40c3,0x0180,0x9878,0x6323,0x6000,0x00f0,0x2180,0xc321,0x8078,0x6430,0x0180,0x7804,0x6040,0xc643,0xc321,
////////0x8181,0x8078,0x1c18,0xc878,0x7810,0x2060,0x40c3,0x0180,0x9870,0x6321,0xe000,0x00e0,0x2180,0xc121,0x8038,0x2430,
////////0x0180,0x3804,0x6040,0xc341,0xc121,0x8181,0x8038,0x1c18,0x6838,0x7010,0x2060,0x40c3,0x0180,0x9870,0x61a0,0xe000,
////////0x00c0,0x2180,0xc1c1,0x8038,0x3830,0x0180,0x381f,0xe07f,0xc1c0,0xc1c1,0x8181,0x8038,0x1818,0x3818,0x6010,0x3fe0,
////////0x7fc3,0x0180,0xf060,0x60e0,0x6000,0x0000,0x0000,0x0000,0x0000,0x0000,0x0000,0x0000,0x0000,0x0000,0x0000,0x0000,
////////0x0000,0x0000,0x0000,0x0000,0x0000,0x0000,0x0000,0x0000,0x0000,0x0000,0x0000,0x0000,0x0000,0x0000,0x0000,0x0000,
////////0x0000,0x0000,0x000e,0x2000,0x0000,0x0000,0x0000,0x0000,0x0000,0x0000,0x0000,0x0000,0x0000,0x0000,0x0000,0x0000,
////////0x0000,0x0000,0x0000,0x0000,0x0000,0x0000,0x0000,0x001b,0x2000,0x0000,0x0000,0x0000,0x0000,0x0000,0x0000,0x0000,
////////0x0000,0x0000,0x0000,0x0000,0x0000,0x0000,0x0000,0x0000,0x0000,0x0000,0x0000,0x0000,0x001b,0x2000,0x0000,0x0000,
////////0x0000,0x0000,0x0000,0x0000,0x0000,0x0000,0x0000,0x0000,0x0000,0x0000,0x0000,0x0000,0x0000,0x0000,0x0000,0x0000,
////////0x0000,0x000f,0x2000,0x0000,0x0000,0x0000,0x0000,0x0000,0x0000,0x0000,0x0000,0x0000,0x0000,0x0000,0x0000,0x0000,
////////0x0000,0x0000,0x0000,0x0000,0x0000,0x0000,0x0001,0x2000,0x0000,0x0000,0x0000,0x0000,0x0000,0x0000,0x0000,0x0000,
////////0x0000,0x0000,0x0000,0x0000,0x0000,0x0000,0x0000,0x0000,0x0000,0x0000,0x0000,0x0003,0x2000,0x0000,0x0000,0x0000,
////////0x0000,0x0000,0x0000,0x0000,0x0000,0x0000,0x0000,0x0000,0x0000,0x0000,0x0000,0x0000,0x0000,0x0000,0x0000,0x0000,
////////0x0003,0xe000,0x0000,0x0000,0x0000,0x0000,0x0000,0x0000,0x0000,0x0000,0x0000,0x0000,0x0000,0x0000,0x0000,0x0000,
////////0x0000,0x0000,0x0000,0x0000,0x0000,0x0000,0x0000,0x0000,0x0000,0x0000,0x0000,0x0000,0x0000,0x0000,0x0000,0x0000,
////////0x0000,0x0000,0x0000,0x0000,0x0000,0x0000,0x0000,0x0000,0x0000,0x0000,0x0000,0x0000,0x0000,0x0000,0x0000,0x0000,
////////0x0000,0x0000,0x0000,0x0000,0x0000,0x0000,0x0000,0x0000,0x0000,0x0000,0x0000,0x0000,0x0000,0x0000,0x0000,0x0000,
////////0x0000,0x0000,0x0000,0x0000,0x0000,0x0000,0x0000,0x0000,0x0000,0x0000,0x0000,0x0000,0x0000,0x0000,0x0000,0x0000,
////////0x0000,0x0000,0x0000,0x0000,0x0000,0x0000,0x0000,0x0000,0x0000,0x0000,0x0000,0x0000,0x0000,0x0000,0x0000,0x0000,
////////0x0000,0x0000,0x0000,0x0000,0x0000,0x0000,0x0000,0x0000,0x0000,0x0000,0x0000,0x0000,0x0000,0x0000,0x0000,0x0000,
////////0x0000,0x0000,0x0000,0x0000,0x0000,0x0000,0x0000,0x0000,0x0000,0x0000,0x0000,0x0000,0x0000,0x0000,0x0000,0x0000,
////////0x0000,0x0000,0x0000,0x0000,0x0000,0x0000,0x0000,0x0000,0x0000,0x0000,0x0000,0x0000,0x0000,0x0000,0x0000,0x0000,
////////0x0000,0x0000,0x0000,0x0000,0x0000,0x0000,0x0000,0x0000,0x0000,0x0000,0x0000,0x0000,0x0000,0x0000,0x0000,0x0000,
////////0x0000,0x0000,0x0000,0x0000,0x0000,0x0000,0x0000,0x0000,0x0000,0x0000,0x0000,0x0000,0x0000,0x0000,0x0000,0x0000,
////////0x0000,0x0000,0x0000,0x0000,0x0000,0x0000,0x0000,0x0000,0x0000,0x0000,0x0000,0x0000,0x0000,0x0000,0x0000,0x0000,
////////0x0000,0x0000,0x0000,0x0000,0x0000,0x0000,0x0000,0x0000,0x0000,0x0000,0x0000,0x0000,0x0000,0x0000,0x0000,0x0000,
////////0x0000,0x0000,0x0000,0x0000,0x0000,0x0000,0x0000,0x0000,0x0000,0x0000,0x0000,0x0000,0x0000,0x0000,0x0000,0x0000,
////////0x0000,0x0000,0x0000,0x0000,0x0000,0x0000,0x0000,0x0000,0x0000,0x0000,0x0000,0x0000,0x0000,0x0000,0x0000,0x0000,
////////0x0000,0x0000,0x0000,0x0000,0x0000,0x0000,0x0000,0x0000,0x0000,0x0000,0x0000,0x0000,0x0000,0x0000,0x0000,0x0000,
////////0x0000,0x0000,0x0000,0x0000,0x0000,0x0000,0x0000,0x0000,0x0000,0x0000,0x0000,0x0000,0x0000,0x0000,0x0000,0x0000,
////////0x0000,0x0000,0x0000,0x0000,0x0000,0x0000,0x0000,0x0000,0x0000,0x0000,0x0000,0x0000,0x0000,0x0000,0x0000,0x0000,
////////0x0000,0x0000,0x0000,0x0000,0x0000,0x0000,0x0000,0x0000,0x0000,0x0000,0x0000,0x0000,0x0000,0x0000,0x0000,0x0000,
////////0x0000,0x0000,0x0000,0x0000,0x0000,0x0000,0x0000,0x0000,0x0000,0x0000,0x0000,0x0000,0x0000,0x0000,0x0000,0x0000,
////////0x0000,0x0000,0x0000,0x0000,0x0000,0x0000,0x0000,0x0000
};

//19：总长 ??????????????
unsigned short const Thai_Font25_Pic_19[] = { 
189,56,
////////0x0000,0x0000,0x0000,0x0000,0x0000,0x0000,0x0000,0x7000,0x0000,0x0000,0x0000,0x0000,0x0000,0x0000,0x0000,0x0000,
////////0x0000,0x0000,0x0000,0x9080,0x0000,0x0000,0x0000,0x0000,0x0000,0x0000,0x0000,0x0000,0x0000,0x0000,0x0000,0x9180,
////////0x0000,0x0000,0x0000,0x0000,0x0000,0x0000,0x0000,0x0000,0x0000,0x0000,0x0000,0x7100,0x0000,0x0000,0x0000,0x0000,
////////0x0000,0x0000,0x0000,0x0000,0x0000,0x0000,0x0000,0x3200,0x0000,0x0000,0x0000,0x0000,0x0000,0x0000,0x0000,0x0000,
////////0x0000,0x0000,0x0000,0x6c00,0x0000,0x0000,0x0000,0x0000,0x0000,0x0000,0x0000,0x0000,0x0000,0x0000,0x0000,0x7800,
////////0x0000,0x0000,0x0000,0x0000,0x0000,0x0000,0x0000,0x0000,0x0000,0x0000,0x0000,0x0000,0x0000,0x0000,0x0000,0x0000,
////////0x0000,0x0000,0x0000,0x0000,0x0000,0x0000,0x0000,0x0000,0x0000,0x0000,0x0000,0x0000,0x0000,0x0000,0x0000,0x0000,
////////0x0000,0x0000,0x0000,0x0000,0x0000,0x0000,0x0000,0x0000,0x0000,0x0000,0x0000,0x0000,0x0000,0x0000,0x0000,0x0000,
////////0x0000,0x0000,0x0000,0x0000,0x0000,0x0000,0x0000,0x0000,0x0000,0x0000,0x0000,0x0020,0x0000,0x0000,0x0000,0x0000,
////////0x0000,0x0000,0x0000,0x0000,0x0000,0x0000,0x0000,0x7860,0x0000,0x0000,0x0000,0x0000,0x0000,0x0000,0x0000,0x0000,
////////0x0000,0x0000,0x0000,0x48c0,0x0000,0x0000,0x0000,0x0000,0x0000,0x0000,0x0000,0x0000,0x0000,0x0000,0x0000,0x4b80,
////////0x0000,0x0000,0x0000,0x0000,0x0000,0x0000,0x0000,0x0000,0x0000,0x0000,0x0000,0x3e00,0x0000,0x0000,0x0000,0x0000,
////////0x0000,0x0000,0x0000,0x0000,0x0000,0x0000,0x0000,0x0000,0x0000,0x0000,0x0000,0x0000,0x0000,0x0000,0x0000,0x0000,
////////0x0000,0x0000,0x0000,0x0000,0x0000,0x0000,0x0000,0x0000,0x001f,0x0078,0x07c0,0x7018,0x3c30,0x7c01,0xe038,0x7003,
////////0x8383,0xc380,0xc07c,0x0000,0x0030,0xc186,0x0c30,0xc818,0x6630,0xc306,0x184c,0x4804,0x8482,0x4640,0xc0c3,0x0000,
////////0x0060,0x6102,0x1810,0xc818,0xe631,0x8104,0x084c,0xcc04,0xc4c2,0x4640,0xc181,0x8000,0x00ce,0x2303,0x1018,0xc818,
////////0xe631,0x018c,0x0c4c,0xcc04,0xc4c3,0xc640,0xc338,0x8000,0x00c9,0x2303,0x0018,0x7818,0xdc30,0x018c,0x0c3c,0x8c07,
////////0xc3c1,0x83c0,0xc324,0x8000,0x0099,0x2303,0x0018,0x0818,0xc030,0x018c,0x0c0d,0x8c00,0xc0c1,0xc040,0xc364,0x8000,
////////0x0099,0x2303,0x0018,0x0818,0x6030,0x018c,0x0c0d,0x8cc0,0xc0c3,0xc040,0xc364,0x8000,0x009e,0x2003,0x0018,0x0818,
////////0x1e30,0x0180,0x0c0d,0x0c60,0xc0c6,0xc040,0xc33c,0x8000,0x00b0,0x2003,0x0018,0x0818,0x3030,0x0180,0x0c0f,0x0c30,
////////0xc0cc,0xc040,0xc318,0x8000,0x00a0,0x2003,0x0018,0x3e18,0x2030,0x0180,0x0c0e,0x0c18,0xc0c8,0xc1f0,0xc330,0x8000,
////////0x00a0,0x200f,0x0018,0x4b18,0x2030,0x0180,0x3c0e,0x0c0c,0xc0d8,0xc258,0xc360,0x8000,0x00e0,0x201b,0x0018,0xc8d8,
////////0x2030,0x0180,0x6c0e,0x0c06,0xc0f0,0xc646,0xc340,0x8000,0x00c0,0x2013,0x0018,0xc878,0x2030,0x0180,0x4c0c,0x0c03,
////////0xc0e0,0xc643,0xc3c0,0x8000,0x00c0,0x201b,0x0018,0x6838,0x2030,0x0180,0x6c0c,0x0c01,0xc0e0,0xc341,0xc380,0x8000,
////////0x00c0,0x200e,0x0018,0x3818,0x3ff0,0x0180,0x380c,0x0c01,0xc0c0,0xc1c0,0xc300,0x8000,0x0000,0x0000,0x0000,0x0000,
////////0x0000,0x0000,0x0000,0x0000,0x0000,0x0000,0x0000,0x0000,0x0000,0x0000,0x0000,0x0000,0x0000,0x0000,0x0000,0x0000,
////////0x0000,0x0000,0x0000,0x0000,0x0000,0x0000,0x0000,0x0000,0x0000,0x0000,0x0000,0x0000,0x0000,0x0000,0x0000,0x0000,
////////0x0000,0x0000,0x0000,0x0000,0x0000,0x0000,0x0000,0x0000,0x0000,0x0000,0x0000,0x0000,0x0000,0x0000,0x0000,0x0000,
////////0x0000,0x0000,0x0000,0x0000,0x0000,0x0000,0x0000,0x0000,0x0000,0x0000,0x0000,0x0000,0x0000,0x0000,0x0000,0x0000,
////////0x0000,0x0000,0x0000,0x0000,0x0000,0x0000,0x0000,0x0000,0x0000,0x0000,0x0000,0x0000,0x0000,0x0000,0x0000,0x0000,
////////0x0000,0x0000,0x0000,0x0000,0x0000,0x0000,0x0000,0x0000,0x0000,0x0000,0x0000,0x0000,0x0000,0x0000,0x0000,0x0000,
////////0x0000,0x0000,0x0000,0x0000,0x0000,0x0000,0x0000,0x0000,0x0000,0x0000,0x0000,0x0000,0x0000,0x0000,0x0000,0x0000,
////////0x0000,0x0000,0x0000,0x0000,0x0000,0x0000,0x0000,0x0000,0x0000,0x0000,0x0000,0x0000,0x0000,0x0000,0x0000,0x0000,
////////0x0000,0x0000,0x0000,0x0000,0x0000,0x0000,0x0000,0x0000,0x0000,0x0000,0x0000,0x0000,0x0000,0x0000,0x0000,0x0000,
////////0x0000,0x0000,0x0000,0x0000,0x0000,0x0000,0x0000,0x0000,0x0000,0x0000,0x0000,0x0000,0x0000,0x0000,0x0000,0x0000,
////////0x0000,0x0000,0x0000,0x0000,0x0000,0x0000,0x0000,0x0000,0x0000,0x0000,0x0000,0x0000,0x0000,0x0000,0x0000,0x0000,
////////0x0000,0x0000,0x0000,0x0000,0x0000,0x0000,0x0000,0x0000,0x0000,0x0000,0x0000,0x0000,0x0000,0x0000,0x0000,0x0000,
////////0x0000,0x0000,0x0000,0x0000,0x0000,0x0000,0x0000,0x0000,0x0000,0x0000,0x0000,0x0000,0x0000,0x0000,0x0000,0x0000,
////////0x0000,0x0000,0x0000,0x0000,0x0000,0x0000,0x0000,0x0000,0x0000,0x0000,0x0000,0x0000,0x0000,0x0000,0x0000,0x0000,
////////0x0000,0x0000,0x0000,0x0000,0x0000,0x0000,0x0000,0x0000,0x0000,0x0000,0x0000,0x0000,0x0000,0x0000,0x0000,0x0000,
////////0x0000,0x0000,0x0000,0x0000,0x0000,0x0000,0x0000,0x0000,0x0000,0x0000,0x0000,0x0000,0x0000,0x0000,0x0000,0x0000,
////////0x0000,0x0000,0x0000,0x0000,0x0000,0x0000,0x0000,0x0000,0x0000,0x0000,0x0000,0x0000,0x0000,0x0000,0x0000,0x0000,

};

//20：标签 ????
unsigned short const Thai_Font25_Pic_20[] = { 
71,56,
////////////0x0000,0x0000,0x0000,0x0000,0x0000,0x0000,0x0000,0x0000,0x0000,0x0000,0x0000,0x0000,0x0000,0x0000,0x0000,0x0000,
////////////0x0000,0x0000,0x0000,0x0000,0x0000,0x0000,0x0000,0x0000,0x0000,0x0000,0x0000,0x0000,0x0000,0x0000,0x0000,0x0000,
////////////0x0000,0x0000,0x0000,0x0000,0x0000,0x0000,0x0000,0x0000,0x0000,0x0000,0x0000,0x0000,0x0000,0x0000,0x0000,0x0000,
////////////0x0000,0x0000,0x0000,0x0000,0x0000,0x0000,0x0000,0x0000,0x0000,0x0000,0x0000,0x0000,0x0000,0x0000,0x0000,0x0000,
////////////0x0000,0x0000,0x0000,0x0000,0x0000,0x0000,0x0000,0x0000,0x0000,0x0000,0x0000,0x0000,0x0000,0x0000,0x0000,0x0000,
////////////0x0000,0x0000,0x0000,0x0000,0x0000,0x0000,0x0000,0x0000,0x0000,0x0000,0x003f,0x003e,0x01f0,0x07e0,0x0000,0x0061,
////////////0x80c3,0x030c,0x1c38,0x0000,0x00c0,0xc181,0x8604,0x3008,0x0000,0x0180,0x4108,0xc406,0x0e0c,0x0000,0x019c,0x611c,
////////////0xc006,0x0c0c,0x0000,0x01a4,0x6324,0xc006,0x180c,0x0000,0x01a6,0x6362,0xc006,0x180c,0x0000,0x0024,0x6042,0xc006,
////////////0x180c,0x0000,0x003c,0x60c1,0xc006,0x180c,0x0000,0x0018,0x6081,0x4006,0x180c,0x0000,0x0018,0xf0e1,0xc006,0x180c,
////////////0x0000,0x0019,0x9190,0xc006,0x180c,0x0000,0x001a,0x9190,0xc006,0x180c,0x0000,0x001c,0x9090,0xc006,0x180c,0x0000,
////////////0x0018,0xe0e0,0xc006,0x180c,0x0000,0x0000,0x0000,0x0000,0x0000,0x0000,0x0000,0x0000,0x0000,0x0000,0x0000,0x0000,
////////////0x0000,0x0000,0x0000,0x0000,0x0000,0x0000,0x0000,0x0000,0x0000,0x0000,0x0000,0x0000,0x0000,0x0000,0x0000,0x0000,
////////////0x0000,0x0000,0x0000,0x0000,0x0000,0x0000,0x0000,0x0000,0x0000,0x0000,0x0000,0x0000,0x0000,0x0000,0x0000,0x0000,
////////////0x0000,0x0000,0x0000,0x0000,0x0000,0x0000,0x0000,0x0000,0x0000,0x0000,0x0000,0x0000,0x0000,0x0000,0x0000,0x0000,
////////////0x0000,0x0000,0x0000,0x0000,0x0000,0x0000,0x0000,0x0000,0x0000,0x0000,0x0000,0x0000,0x0000,0x0000,0x0000,0x0000,
////////////0x0000,0x0000,0x0000,0x0000,0x0000,0x0000,0x0000,0x0000,0x0000,0x0000,0x0000,0x0000,0x0000,0x0000,0x0000,0x0000,
////////////0x0000,0x0000,0x0000,0x0000,0x0000,0x0000,0x0000,0x0000,0x0000,0x0000,0x0000,0x0000,0x0000,0x0000,0x0000,0x0000,
////////////0x0000,0x0000,0x0000,0x0000,0x0000,0x0000,0x0000,0x0000
};

//21：废边 ??????
unsigned short const Thai_Font25_Pic_21[] = { 
100,56,
//////////0x0000,0x0000,0x0000,0x0000,0x0000,0x0000,0x0000,0x0000,0x0000,0x0000,0x0000,0x0000,0x0000,0x0000,0x0000,0x0000,
//////////0x0000,0x0000,0x0000,0x0000,0x0000,0x0000,0x0000,0x0000,0x0000,0x0000,0x0000,0x0000,0x0000,0x0000,0x0000,0x0000,
//////////0x0000,0x0000,0x0000,0x0000,0x0000,0x0000,0x0000,0x0000,0x0000,0x0000,0x0000,0x0000,0x0000,0x0000,0x0000,0x0000,
//////////0x0000,0x0000,0x0000,0x0000,0x0000,0x0000,0x0000,0x0000,0x0000,0x0000,0x0000,0x0000,0x0000,0x0000,0x0000,0x0000,
//////////0x0000,0x0000,0x0000,0x0000,0x0000,0x0000,0x0000,0x0000,0x0000,0x0000,0x0000,0x0000,0x0000,0x0000,0x0000,0x0000,
//////////0x0000,0x0000,0x0000,0x0000,0x0000,0x0000,0x0000,0x0000,0x0000,0x0000,0x0000,0x0000,0x0000,0x0000,0x0000,0x0000,
//////////0x0000,0x0000,0x0000,0x0000,0x0000,0x0000,0x0000,0x0000,0x0000,0x0000,0x0000,0x0000,0x0000,0x0000,0x0000,0x0000,
//////////0x0000,0x0000,0x0000,0x0000,0x0080,0x0000,0x0000,0x0000,0x0000,0x0000,0x0000,0x0180,0x0000,0x0000,0x0078,0xc0f8,
//////////0x0700,0x8300,0x7d87,0x0080,0x0000,0x00cc,0xc186,0x0980,0x8300,0xc309,0x8080,0x0000,0x01e6,0xc303,0x0980,0x8301,
//////////0x8789,0x8080,0x0000,0x0136,0xc601,0x0980,0x8303,0x3c89,0x8080,0x0000,0x0134,0xc6f1,0x0780,0x8303,0x2487,0x8080,
//////////0x0000,0x012c,0xc491,0x8180,0x8303,0x6481,0x9c98,0x0000,0x00ec,0xc499,0x8180,0x8303,0x6481,0xa6a0,0x0000,0x0008,
//////////0xc091,0x8180,0x8303,0x7881,0xa5c0,0x0000,0x0008,0xc0f1,0x8180,0x8303,0xc081,0x9f80,0x0000,0x0008,0xc081,0x8180,
//////////0x8303,0x8081,0x8080,0x0000,0x0008,0xc081,0x8180,0x83e3,0x8081,0x8080,0x0000,0x0008,0xc081,0x8180,0x8323,0x8081,
//////////0x8080,0x0000,0x0008,0xc081,0x8180,0x8323,0x0081,0x8080,0x0000,0x0008,0xc081,0x8180,0x8123,0x0081,0x8080,0x0000,
//////////0x003f,0xc0ff,0x87ff,0x81e3,0x0087,0xff80,0x0000,0x0000,0x0000,0x0000,0x0000,0x0000,0x0000,0x0000,0x0000,0x0000,
//////////0x0000,0x0000,0x0000,0x0000,0x0000,0x0000,0x0000,0x0000,0x0000,0x0000,0x0000,0x0000,0x0000,0x0000,0x0000,0x0000,
//////////0x0000,0x0000,0x0000,0x0000,0x0000,0x0000,0x0000,0x0000,0x0000,0x0000,0x0000,0x0000,0x0000,0x0000,0x0000,0x0000,
//////////0x0000,0x0000,0x0000,0x0000,0x0000,0x0000,0x0000,0x0000,0x0000,0x0000,0x0000,0x0000,0x0000,0x0000,0x0000,0x0000,
//////////0x0000,0x0000,0x0000,0x0000,0x0000,0x0000,0x0000,0x0000,0x0000,0x0000,0x0000,0x0000,0x0000,0x0000,0x0000,0x0000,
//////////0x0000,0x0000,0x0000,0x0000,0x0000,0x0000,0x0000,0x0000,0x0000,0x0000,0x0000,0x0000,0x0000,0x0000,0x0000,0x0000,
//////////0x0000,0x0000,0x0000,0x0000,0x0000,0x0000,0x0000,0x0000,0x0000,0x0000,0x0000,0x0000,0x0000,0x0000,0x0000,0x0000,
//////////0x0000,0x0000,0x0000,0x0000,0x0000,0x0000,0x0000,0x0000,0x0000,0x0000,0x0000,0x0000,0x0000,0x0000,0x0000,0x0000,
//////////0x0000,0x0000,0x0000,0x0000,0x0000,0x0000,0x0000,0x0000,0x0000,0x0000,0x0000,0x0000,0x0000,0x0000,0x0000,0x0000,
//////////0x0000,0x0000,0x0000,0x0000,0x0000,0x0000,0x0000,0x0000,0x0000,0x0000,0x0000,0x0000,0x0000,0x0000,0x0000,0x0000,
//////////0x0000,0x0000,0x0000,0x0000,0x0000,0x0000,0x0000,0x0000
};

//22：标签模式  ????????
unsigned short const Thai_Font25_Pic_22[] = { 
129,56,
//////////0x0000,0x0000,0x0000,0x0000,0x0000,0x0000,0x0000,0x0000,0x0000,0x0000,0x0000,0x0000,0x0000,0x0000,0x0000,0x0000,
//////////0x0000,0x0000,0x0000,0x0000,0x0000,0x0000,0x0000,0x0000,0x0000,0x0000,0x0000,0x0000,0x0000,0x0000,0x0000,0x0000,
//////////0x0000,0x0000,0x0000,0x0000,0x0000,0x0000,0x0000,0x0000,0x0000,0x0000,0x0000,0x0000,0x0000,0x0000,0x0000,0x0000,
//////////0x0000,0x0000,0x0000,0x0000,0x0000,0x0000,0x0000,0x0000,0x0000,0x0000,0x0000,0x0000,0x0000,0x0000,0x0000,0x0000,
//////////0x0000,0x0000,0x0000,0x0000,0x0000,0x0000,0x0000,0x0000,0x0000,0x0000,0x0000,0x0000,0x0000,0x0000,0x0000,0x0000,
//////////0x0000,0x00f8,0x0000,0x0000,0x0000,0x0000,0x0000,0x0000,0x0000,0x0000,0x018c,0x0000,0x0000,0x0000,0x0000,0x0000,
//////////0x0000,0x0000,0x0000,0x0306,0x0000,0x0000,0x0000,0x0000,0x0000,0x0000,0x0000,0x0000,0x0302,0x0000,0x0000,0x0000,
//////////0x0000,0x0000,0x0000,0x0000,0x0000,0x0180,0x0000,0x0000,0x0000,0x0000,0x0000,0x0000,0x0000,0x0000,0x00e0,0x0000,
//////////0x0000,0x0000,0x0000,0x0000,0x0000,0x0000,0x0000,0x0030,0x0000,0x0000,0x0000,0x0000,0x0000,0x0000,0x0000,0x0000,
//////////0x0030,0x0000,0x0000,0x0000,0x0000,0x0000,0x0000,0x0000,0x0000,0x0030,0x0000,0x0000,0x0000,0x0000,0x0000,0x0000,
//////////0x0000,0x0000,0x0030,0x7078,0x7018,0x0f80,0x3f00,0x3e01,0xf007,0xe000,0x0000,0x0030,0x9048,0xc818,0x1860,0x6180,
//////////0xc303,0x0c1c,0x3800,0x0000,0x0030,0x9848,0xc818,0x3030,0xc0c1,0x8186,0x0430,0x0800,0x0000,0x0030,0x9878,0xc818,
//////////0x6711,0x8041,0x08c4,0x060e,0x0c00,0x0000,0x0030,0x7830,0x7818,0x6491,0x9c61,0x1cc0,0x060c,0x0c00,0x0000,0x0030,
//////////0x1838,0x0818,0x6c91,0xa463,0x24c0,0x0618,0x0c00,0x0000,0x0030,0x1878,0x0818,0x6c91,0xa663,0x62c0,0x0618,0x0c00,
//////////0x0000,0x0030,0x18d8,0x0818,0x6790,0x2460,0x42c0,0x0618,0x0c00,0x0000,0x0030,0x1998,0x0818,0x6310,0x3c60,0xc1c0,
//////////0x0618,0x0c00,0x0000,0x0030,0x1918,0x3e18,0x6610,0x1860,0x8140,0x0618,0x0c00,0x0000,0x003c,0x1b18,0x4b18,0x6c10,
//////////0x18f0,0xe1c0,0x0618,0x0c00,0x0000,0x0036,0x1e18,0xc8d8,0x6810,0x1991,0x90c0,0x0618,0x0c00,0x0000,0x0022,0x1c18,
//////////0xc878,0x7810,0x1a91,0x90c0,0x0618,0x0c00,0x0000,0x0036,0x1c18,0x6838,0x7010,0x1c90,0x90c0,0x0618,0x0c00,0x0000,
//////////0x001c,0x1818,0x3818,0x6010,0x18e0,0xe0c0,0x0618,0x0c00,0x0000,0x0000,0x0000,0x0000,0x0000,0x0000,0x0000,0x0000,
//////////0x0000,0x0000,0x0000,0x0000,0x0000,0x0000,0x0000,0x0000,0x0000,0x0000,0x0000,0x0000,0x0000,0x0000,0x0000,0x0000,
//////////0x0000,0x0000,0x0000,0x0000,0x0000,0x0000,0x0000,0x0000,0x0000,0x0000,0x0000,0x0000,0x0000,0x0000,0x0000,0x0000,
//////////0x0000,0x0000,0x0000,0x0000,0x0000,0x0000,0x0000,0x0000,0x0000,0x0000,0x0000,0x0000,0x0000,0x0000,0x0000,0x0000,
//////////0x0000,0x0000,0x0000,0x0000,0x0000,0x0000,0x0000,0x0000,0x0000,0x0000,0x0000,0x0000,0x0000,0x0000,0x0000,0x0000,
//////////0x0000,0x0000,0x0000,0x0000,0x0000,0x0000,0x0000,0x0000,0x0000,0x0000,0x0000,0x0000,0x0000,0x0000,0x0000,0x0000,
//////////0x0000,0x0000,0x0000,0x0000,0x0000,0x0000,0x0000,0x0000,0x0000,0x0000,0x0000,0x0000,0x0000,0x0000,0x0000,0x0000,
//////////0x0000,0x0000,0x0000,0x0000,0x0000,0x0000,0x0000,0x0000,0x0000,0x0000,0x0000,0x0000,0x0000,0x0000,0x0000,0x0000,
//////////0x0000,0x0000,0x0000,0x0000,0x0000,0x0000,0x0000,0x0000,0x0000,0x0000,0x0000,0x0000,0x0000,0x0000,0x0000,0x0000,
//////////0x0000,0x0000,0x0000,0x0000,0x0000,0x0000,0x0000,0x0000,0x0000,0x0000,0x0000,0x0000,0x0000,0x0000,0x0000,0x0000,
//////////0x0000,0x0000,0x0000,0x0000,0x0000,0x0000,0x0000,0x0000,0x0000,0x0000,0x0000,0x0000,0x0000,0x0000,0x0000,0x0000,
//////////0x0000,0x0000,0x0000,0x0000,0x0000,0x0000,0x0000,0x0000,0x0000,0x0000,0x0000,0x0000,0x0000,0x0000,0x0000,0x0000,
//////////0x0000,0x0000,0x0000,0x0000,0x0000,0x0000,0x0000,0x0000,0x0000,0x0000,0x0000,0x0000,0x0000,0x0000,0x0000,0x0000,
//////////0x0000,0x0000,0x0000,0x0000,0x0000,0x0000,0x0000,0x0000
};

////////////23：等分模式 ???????????????
//////////unsigned short const Thai_Font25_Pic_23[] = { 
//////////182,56,
//////////0x0000,0x0000,0x0000,0x0000,0x0000,0x0000,0x0000,0x0000,0x0000,0x0000,0x0000,0x0000,0x0000,0x0000,0x0000,0x0000,
//////////0x0000,0x0000,0x0000,0x0000,0x0000,0x0000,0x0000,0x0000,0x0000,0x0000,0x0000,0x0000,0x0000,0x0000,0x0000,0x0000,
//////////0x0000,0x0000,0x0000,0x0000,0x0000,0x0000,0x0000,0x0000,0x0000,0x0000,0x0000,0x0000,0x0000,0x0000,0x0000,0x0000,
//////////0x0000,0x0000,0x0000,0x0000,0x0000,0x0000,0x0000,0x0000,0x0000,0x0000,0x0000,0x0000,0x0000,0x0000,0x0000,0x0000,
//////////0x0000,0x0000,0x0000,0x0000,0x0000,0x0000,0x0000,0x0000,0x0000,0x0000,0x0000,0x0000,0x0000,0x0000,0x0000,0x0000,
//////////0x0000,0x0000,0x0000,0x0000,0x0000,0x0000,0x0000,0x0000,0x0000,0x0000,0x0000,0x0000,0x0000,0x0000,0x0000,0x0000,
//////////0x0000,0x0000,0x0000,0x0000,0x0000,0x0000,0x0000,0x0000,0x0000,0x0000,0x0000,0x0000,0x00f8,0x0000,0x0000,0x0000,
//////////0x0000,0x0000,0x0000,0x0000,0x0000,0x0000,0x0000,0x0000,0x018c,0x0000,0x0000,0x0000,0x0000,0x0000,0x0000,0x0000,
//////////0x0000,0x0000,0x0000,0x0000,0x0306,0x0000,0x0000,0x0000,0x0000,0x0060,0x0000,0x0006,0x0000,0x0001,0x0000,0x0000,
//////////0x0302,0x0000,0x0000,0x0000,0x0000,0x0060,0x0000,0x0006,0x0000,0x03c3,0x0000,0x0000,0x0180,0x0000,0x0000,0x0000,
//////////0x0000,0x0060,0x0000,0x0006,0x0000,0x0246,0x0000,0x0000,0x00e0,0x0000,0x0000,0x0000,0x0000,0x0060,0x0000,0x0006,
//////////0x0000,0x025c,0x0000,0x0000,0x0030,0x0000,0x0000,0x0000,0x0000,0x0060,0x0000,0x0006,0x0000,0x01f0,0x0000,0x0000,
//////////0x0030,0x0000,0x0000,0x0000,0x0000,0x0000,0x0000,0x0000,0x0000,0x0000,0x0000,0x0000,0x0030,0x0000,0x0000,0x0000,
//////////0x0000,0x0000,0x0000,0x0000,0x0000,0x0000,0x0000,0x0000,0x0030,0x7078,0x7018,0x0f80,0x4103,0x8040,0x1c18,0x1c38,
//////////0x0f80,0x3f01,0xc060,0x0000,0x0030,0x9048,0xc818,0x1860,0x4104,0xc040,0x2418,0x2624,0x1860,0xe1c2,0x6060,0x0000,
//////////0x0030,0x9848,0xc818,0x3030,0x4104,0xc040,0x2618,0x2666,0x3021,0x8042,0x6060,0x0000,0x0030,0x9878,0xc818,0x6710,
//////////0x4104,0xc040,0x2618,0x2666,0x2030,0x7062,0x6060,0x0000,0x0030,0x7830,0x7818,0x6490,0x4103,0xc040,0x3e18,0x1e46,
//////////0x0030,0x6061,0xe060,0x0000,0x0030,0x1838,0x0818,0x6c90,0x4100,0xc040,0x0618,0x06c6,0x0030,0xc060,0x6060,0x0000,
//////////0x0030,0x1878,0x0818,0x6c90,0x4100,0xc046,0x0618,0x06c6,0x0030,0xc060,0x6060,0x0000,0x0030,0x18d8,0x0818,0x6790,
//////////0x4100,0xc043,0x0618,0x0686,0x0030,0xc060,0x6060,0x0000,0x0030,0x1998,0x0818,0x6310,0x4100,0xc041,0x8618,0x0786,
//////////0x0030,0xc060,0x6060,0x0000,0x0030,0x1918,0x3e18,0x6610,0x4100,0xc040,0xc618,0x0706,0x0030,0xc060,0x6060,0x0000,
//////////0x003c,0x1b18,0x4b18,0x6c10,0x79e0,0xc040,0x661f,0x0706,0x0030,0xc060,0x61e0,0x0000,0x0036,0x1e18,0xc8d8,0x6810,
//////////0x49b0,0xc040,0x3619,0x0706,0x0030,0xc060,0x6710,0x0000,0x0022,0x1c18,0xc878,0x7810,0x4d30,0xc040,0x1e19,0x0606,
//////////0x0030,0xc060,0x6918,0x0000,0x0036,0x1c18,0x6838,0x7010,0x49b0,0xc040,0x0e09,0x0606,0x0030,0xc060,0x7110,0x0000,
//////////0x001c,0x1818,0x3818,0x6010,0x78e3,0xffc0,0x0e0f,0x0606,0x0030,0xc060,0x60f0,0x0000,0x0000,0x0000,0x0000,0x0000,
//////////0x0000,0x0000,0x0000,0x0000,0x0000,0x0000,0x0000,0x0000,0x0000,0x0000,0x0000,0x0000,0x0000,0x0000,0x0000,0x0000,
//////////0x0000,0x0000,0x0000,0x0000,0x0000,0x0000,0x0000,0x0000,0x0000,0x0000,0x0000,0x0000,0x0000,0x0000,0x0000,0x0000,
//////////0x0000,0x0000,0x0000,0x0000,0x0000,0x0000,0x0000,0x0000,0x0000,0x0000,0x0000,0x0000,0x0000,0x0000,0x0000,0x0000,
//////////0x0000,0x0000,0x0000,0x0000,0x0000,0x0000,0x0000,0x0000,0x0000,0x0000,0x0000,0x0000,0x0000,0x0000,0x0000,0x0000,
//////////0x0000,0x0000,0x0000,0x0000,0x0000,0x0000,0x0000,0x0000,0x0000,0x0000,0x0000,0x0000,0x0000,0x0000,0x0000,0x0000,
//////////0x0000,0x0000,0x0000,0x0000,0x0000,0x0000,0x0000,0x0000,0x0000,0x0000,0x0000,0x0000,0x0000,0x0000,0x0000,0x0000,
//////////0x0000,0x0000,0x0000,0x0000,0x0000,0x0000,0x0000,0x0000,0x0000,0x0000,0x0000,0x0000,0x0000,0x0000,0x0000,0x0000,
//////////0x0000,0x0000,0x0000,0x0000,0x0000,0x0000,0x0000,0x0000,0x0000,0x0000,0x0000,0x0000,0x0000,0x0000,0x0000,0x0000,
//////////0x0000,0x0000,0x0000,0x0000,0x0000,0x0000,0x0000,0x0000,0x0000,0x0000,0x0000,0x0000,0x0000,0x0000,0x0000,0x0000,
//////////0x0000,0x0000,0x0000,0x0000,0x0000,0x0000,0x0000,0x0000,0x0000,0x0000,0x0000,0x0000,0x0000,0x0000,0x0000,0x0000,
//////////0x0000,0x0000,0x0000,0x0000,0x0000,0x0000,0x0000,0x0000,0x0000,0x0000,0x0000,0x0000,0x0000,0x0000,0x0000,0x0000,
//////////0x0000,0x0000,0x0000,0x0000,0x0000,0x0000,0x0000,0x0000,0x0000,0x0000,0x0000,0x0000,0x0000,0x0000,0x0000,0x0000,
//////////0x0000,0x0000,0x0000,0x0000,0x0000,0x0000,0x0000,0x0000,0x0000,0x0000,0x0000,0x0000,0x0000,0x0000,0x0000,0x0000,
//////////0x0000,0x0000,0x0000,0x0000,0x0000,0x0000,0x0000,0x0000,0x0000,0x0000,0x0000,0x0000,0x0000,0x0000,0x0000,0x0000,
//////////0x0000,0x0000,0x0000,0x0000,0x0000,0x0000,0x0000,0x0000,0x0000,0x0000,0x0000,0x0000,0x0000,0x0000,0x0000,0x0000,
//////////0x0000,0x0000,0x0000,0x0000,0x0000,0x0000,0x0000,0x0000,0x0000,0x0000,0x0000,0x0000,0x0000,0x0000,0x0000,0x0000,
//////////0x0000,0x0000,0x0000,0x0000,0x0000,0x0000,0x0000,0x0000,0x0000,0x0000,0x0000,0x0000,0x0000,0x0000,0x0000,0x0000,

//////////};

////////////24：等分值 ???????????
//////////unsigned short const Thai_Font25_Pic_24[] = { 
//////////129,56,
//////////0x0000,0x0000,0x0000,0x0000,0x0000,0x0000,0x0000,0x0000,0x0000,0x0000,0x0000,0x0000,0x0000,0x0000,0x0000,0x0000,
//////////0x0000,0x0000,0x0000,0x0000,0x0000,0x0000,0x0000,0x0000,0x0000,0x0000,0x0000,0x0000,0x0000,0x0000,0x0000,0x0000,
//////////0x0000,0x0000,0x0000,0x0000,0x0000,0x0000,0x0000,0x0000,0x0000,0x0000,0x0000,0x0000,0x0000,0x0000,0x0000,0x0000,
//////////0x0000,0x0000,0x0000,0x0000,0x0000,0x0000,0x0000,0x0000,0x0000,0x0000,0x0000,0x0000,0x0000,0x0000,0x0000,0x0000,
//////////0x0000,0x0000,0x0000,0x0000,0x0000,0x0000,0x0000,0x0000,0x0000,0x0000,0x0000,0x0000,0x0000,0x0000,0x0000,0x0000,
//////////0x0000,0x0000,0x0000,0x0000,0x0000,0x0000,0x0000,0x0000,0x0000,0x0000,0x0000,0x0000,0x0000,0x0000,0x0000,0x0000,
//////////0x0000,0x0000,0x0000,0x0000,0x3000,0x0006,0x0000,0x0000,0x0000,0x0060,0x0000,0x0000,0x0000,0x3000,0x0006,0x0000,
//////////0x0000,0x0000,0x0060,0x0000,0x0000,0x0000,0x3000,0x0006,0x0000,0x0000,0x0000,0x0060,0x0000,0x0000,0x0000,0x3000,
//////////0x0006,0x0000,0x0000,0x0000,0x0060,0x0000,0x0000,0x0000,0x3000,0x0006,0x0000,0x0000,0x0000,0x0060,0x0000,0x0000,
//////////0x0000,0x0000,0x000c,0x0000,0x0000,0x0000,0x0000,0x0000,0x0000,0x0000,0x0000,0x000c,0x0000,0x0000,0x0000,0x0000,
//////////0x0000,0x0000,0x001f,0x00f8,0x01f8,0x0780,0xe030,0x4103,0x8040,0x1c00,0x0000,0x0030,0xc186,0x0618,0x1861,0x3030,
//////////0x4104,0xc040,0x2400,0x0000,0x0060,0x6302,0x0c34,0x1021,0x3030,0x4104,0xc040,0x2600,0x0000,0x00ce,0x2203,0x0866,
//////////0x3031,0x3030,0x4104,0xc040,0x2600,0x0000,0x00c9,0x2003,0x08c6,0x3030,0xf030,0x4103,0xc040,0x3e00,0x0000,0x0099,
//////////0x2003,0x19e2,0x3030,0x3030,0x4100,0xc040,0x0600,0x0000,0x0099,0x2003,0x1b32,0x3030,0x3030,0x4100,0xc046,0x0600,
//////////0x0000,0x009e,0x2003,0x0212,0x0030,0x3030,0x4100,0xc043,0x0600,0x0000,0x00b0,0x2003,0x0612,0x0030,0x3030,0x4100,
//////////0xc041,0x8600,0x0000,0x00a0,0x2003,0x040a,0x0030,0x3030,0x4100,0xc040,0xc600,0x0000,0x00a0,0x2003,0x078a,0x00f0,
//////////0x30f0,0x79e0,0xc040,0x6600,0x0000,0x00e0,0x2003,0x0c86,0x01b0,0x3388,0x49b0,0xc040,0x3600,0x0000,0x00c0,0x2003,
//////////0x0c86,0x0130,0x348c,0x4d30,0xc040,0x1e00,0x0000,0x00c0,0x2003,0x0486,0x01b0,0x3888,0x49b0,0xc040,0x0e00,0x0000,
//////////0x00c0,0x2003,0x0706,0x00e0,0x3078,0x78e3,0xffc0,0x0e00,0x0000,0x0000,0x0000,0x0000,0x0000,0x0000,0x0000,0x0000,
//////////0x0000,0x0000,0x0000,0x0000,0x0000,0x0000,0x0000,0x0000,0x0000,0x0000,0x0000,0x0000,0x0000,0x0000,0x0000,0x0000,
//////////0x0000,0x0000,0x0000,0x0000,0x0000,0x0000,0x0000,0x0000,0x0000,0x0000,0x0000,0x0000,0x0000,0x0000,0x0000,0x0000,
//////////0x0000,0x0000,0x0000,0x0000,0x0000,0x0000,0x0000,0x0000,0x0000,0x0000,0x0000,0x0000,0x0000,0x0000,0x0000,0x0000,
//////////0x0000,0x0000,0x0000,0x0000,0x0000,0x0000,0x0000,0x0000,0x0000,0x0000,0x0000,0x0000,0x0000,0x0000,0x0000,0x0000,
//////////0x0000,0x0000,0x0000,0x0000,0x0000,0x0000,0x0000,0x0000,0x0000,0x0000,0x0000,0x0000,0x0000,0x0000,0x0000,0x0000,
//////////0x0000,0x0000,0x0000,0x0000,0x0000,0x0000,0x0000,0x0000,0x0000,0x0000,0x0000,0x0000,0x0000,0x0000,0x0000,0x0000,
//////////0x0000,0x0000,0x0000,0x0000,0x0000,0x0000,0x0000,0x0000,0x0000,0x0000,0x0000,0x0000,0x0000,0x0000,0x0000,0x0000,
//////////0x0000,0x0000,0x0000,0x0000,0x0000,0x0000,0x0000,0x0000,0x0000,0x0000,0x0000,0x0000,0x0000,0x0000,0x0000,0x0000,
//////////0x0000,0x0000,0x0000,0x0000,0x0000,0x0000,0x0000,0x0000,0x0000,0x0000,0x0000,0x0000,0x0000,0x0000,0x0000,0x0000,
//////////0x0000,0x0000,0x0000,0x0000,0x0000,0x0000,0x0000,0x0000,0x0000,0x0000,0x0000,0x0000,0x0000,0x0000,0x0000,0x0000,
//////////0x0000,0x0000,0x0000,0x0000,0x0000,0x0000,0x0000,0x0000,0x0000,0x0000,0x0000,0x0000,0x0000,0x0000,0x0000,0x0000,
//////////0x0000,0x0000,0x0000,0x0000,0x0000,0x0000,0x0000,0x0000,0x0000,0x0000,0x0000,0x0000,0x0000,0x0000,0x0000,0x0000,
//////////0x0000,0x0000,0x0000,0x0000,0x0000,0x0000,0x0000,0x0000
//////////};

////////////25：等分数 ?????????
//////////unsigned short const Thai_Font25_Pic_25[] = { 
//////////129,56,
//////////0x0000,0x0000,0x0000,0x0000,0x0000,0x0000,0x0000,0x0000,0x0000,0x0000,0x0000,0x0000,0x0000,0x0000,0x0000,0x0000,
//////////0x0000,0x0000,0x0000,0x0000,0x0000,0x0000,0x0000,0x0000,0x0000,0x0000,0x0000,0x0000,0x0000,0x0000,0x0000,0x0000,
//////////0x0000,0x0000,0x0000,0x0000,0x0000,0x0000,0x0000,0x0000,0x0000,0x0000,0x0000,0x0000,0x0000,0x0000,0x0000,0x0000,
//////////0x0000,0x0000,0x0000,0x0000,0x0000,0x0000,0x0000,0x0000,0x0000,0x0000,0x0000,0x0000,0x0000,0x0000,0x0000,0x0000,
//////////0x0000,0x0000,0x0000,0x0000,0x0000,0x0000,0x0000,0x0000,0x0000,0x0000,0x0000,0x0000,0x0000,0x0000,0x0000,0x0000,
//////////0x0000,0x0000,0x0000,0x0000,0x0000,0x0000,0x0000,0x0000,0x0000,0x0000,0x0001,0xe000,0x0000,0x0000,0x0000,0x0000,
//////////0x0000,0x0000,0x0000,0x0001,0x3000,0x0000,0x0000,0x0000,0x0000,0x0060,0x0000,0x0000,0x0003,0x1000,0x0000,0x0000,
//////////0x0000,0x0000,0x0060,0x0000,0x0000,0x0001,0x3000,0x0000,0x0000,0x0000,0x0000,0x0060,0x0000,0x0000,0x0001,0xe000,
//////////0x0000,0x0000,0x0000,0x0000,0x0060,0x0000,0x0000,0x0000,0x0000,0x0000,0x0000,0x0000,0x0000,0x0060,0x0000,0x0000,
//////////0x0000,0x0000,0x0000,0x0000,0x0000,0x0000,0x0000,0x0000,0x0000,0x0000,0x0000,0x0000,0x0000,0x0000,0x0000,0x0000,
//////////0x0000,0x0000,0x003e,0x01f0,0x1c06,0x0780,0xe030,0x4103,0x8040,0x1c00,0x0000,0x00c3,0x830c,0x2606,0x1861,0x3030,
//////////0x4104,0xc040,0x2400,0x0000,0x0080,0x8604,0x2606,0x1021,0x3030,0x4104,0xc040,0x2600,0x0000,0x0180,0xc406,0x2606,
//////////0x3031,0x3030,0x4104,0xc040,0x2600,0x0000,0x019c,0x4006,0x1e06,0x3030,0xf030,0x4103,0xc040,0x3e00,0x0000,0x0136,
//////////0x4006,0x0606,0x3030,0x3030,0x4100,0xc040,0x0600,0x0000,0x0122,0x4006,0x0606,0x3030,0x3030,0x4100,0xc046,0x0600,
//////////0x0000,0x0036,0x4006,0x0606,0x0030,0x3030,0x4100,0xc043,0x0600,0x0000,0x001f,0x4006,0x0606,0x0030,0x3030,0x4100,
//////////0xc041,0x8600,0x0000,0x0001,0x4006,0x0606,0x0030,0x3030,0x4100,0xc040,0xc600,0x0000,0x0001,0x4006,0x061e,0x00f0,
//////////0x30f0,0x79e0,0xc040,0x6600,0x0000,0x0001,0xc006,0x0671,0x01b0,0x3388,0x49b0,0xc040,0x3600,0x0000,0x0000,0xc006,
//////////0x0691,0x8130,0x348c,0x4d30,0xc040,0x1e00,0x0000,0x0000,0xc006,0x0711,0x01b0,0x3888,0x49b0,0xc040,0x0e00,0x0000,
//////////0x0000,0xc006,0x060f,0x00e0,0x3078,0x78e3,0xffc0,0x0e00,0x0000,0x0000,0x0000,0x0000,0x0000,0x0000,0x0000,0x0000,
//////////0x0000,0x0000,0x0000,0x0000,0x0000,0x0000,0x0000,0x0000,0x0000,0x0000,0x0000,0x0000,0x0000,0x0000,0x0000,0x0000,
//////////0x0000,0x0000,0x0000,0x0000,0x0000,0x0000,0x0000,0x0000,0x0000,0x0000,0x0000,0x0000,0x0000,0x0000,0x0000,0x0000,
//////////0x0000,0x0000,0x0000,0x0000,0x0000,0x0000,0x0000,0x0000,0x0000,0x0000,0x0000,0x0000,0x0000,0x0000,0x0000,0x0000,
//////////0x0000,0x0000,0x0000,0x0000,0x0000,0x0000,0x0000,0x0000,0x0000,0x0000,0x0000,0x0000,0x0000,0x0000,0x0000,0x0000,
//////////0x0000,0x0000,0x0000,0x0000,0x0000,0x0000,0x0000,0x0000,0x0000,0x0000,0x0000,0x0000,0x0000,0x0000,0x0000,0x0000,
//////////0x0000,0x0000,0x0000,0x0000,0x0000,0x0000,0x0000,0x0000,0x0000,0x0000,0x0000,0x0000,0x0000,0x0000,0x0000,0x0000,
//////////0x0000,0x0000,0x0000,0x0000,0x0000,0x0000,0x0000,0x0000,0x0000,0x0000,0x0000,0x0000,0x0000,0x0000,0x0000,0x0000,
//////////0x0000,0x0000,0x0000,0x0000,0x0000,0x0000,0x0000,0x0000,0x0000,0x0000,0x0000,0x0000,0x0000,0x0000,0x0000,0x0000,
//////////0x0000,0x0000,0x0000,0x0000,0x0000,0x0000,0x0000,0x0000,0x0000,0x0000,0x0000,0x0000,0x0000,0x0000,0x0000,0x0000,
//////////0x0000,0x0000,0x0000,0x0000,0x0000,0x0000,0x0000,0x0000,0x0000,0x0000,0x0000,0x0000,0x0000,0x0000,0x0000,0x0000,
//////////0x0000,0x0000,0x0000,0x0000,0x0000,0x0000,0x0000,0x0000,0x0000,0x0000,0x0000,0x0000,0x0000,0x0000,0x0000,0x0000,
//////////0x0000,0x0000,0x0000,0x0000,0x0000,0x0000,0x0000,0x0000,0x0000,0x0000,0x0000,0x0000,0x0000,0x0000,0x0000,0x0000,
//////////0x0000,0x0000,0x0000,0x0000,0x0000,0x0000,0x0000,0x0000
//////////};

////////////26：推纸 ?????????
//////////unsigned short const Thai_Font25_Pic_26[] = { 
//////////131,56,
//////////0x0000,0x0000,0x0000,0x0000,0x0000,0x0000,0x0000,0x0000,0x0000,0x0000,0x0000,0x0000,0x0000,0x0000,0x0000,0x0000,
//////////0x0000,0x0000,0x0000,0x0000,0x0000,0x0000,0x0000,0x0000,0x0000,0x0000,0x0000,0x0000,0x0000,0x0000,0x0000,0x0000,
//////////0x0000,0x0000,0x0000,0x0000,0x0000,0x0000,0x0000,0x0000,0x0000,0x0000,0x0000,0x0000,0x0000,0x0000,0x0000,0x0000,
//////////0x0000,0x0000,0x0000,0x0000,0x0000,0x0000,0x0000,0x0000,0x0000,0x0000,0x0000,0x0000,0x0000,0x0000,0x0000,0x0000,
//////////0x0000,0x0000,0x0000,0x0000,0x0000,0x0000,0x0000,0x0000,0x0000,0x0000,0x0000,0x0000,0x0000,0x0000,0x0000,0x0000,
//////////0x0000,0x0000,0x0000,0x0000,0x0000,0x0000,0x0000,0x0000,0x0000,0x0000,0x0000,0x0000,0x0000,0x0000,0x0000,0x0000,
//////////0x0000,0x0000,0x0000,0x0000,0x0080,0x0000,0x0000,0x0000,0x0000,0x0000,0x0000,0x0000,0x0001,0xe180,0x0000,0x0000,
//////////0x0000,0x0000,0x0000,0x0000,0x0000,0x0001,0x2300,0x0000,0x0000,0x0000,0x0000,0x0000,0x0000,0x0000,0x0001,0x2e00,
//////////0x0000,0x0000,0x0000,0x0000,0x0000,0x0000,0x0000,0x0000,0xf800,0x0000,0x0000,0x0000,0x0000,0x0000,0x0000,0x0000,
//////////0x0000,0x0000,0x0000,0x0000,0x0000,0x0000,0x0000,0x0000,0x0000,0x0000,0x0000,0x0000,0x0000,0x0000,0x0000,0x0000,
//////////0x0000,0x0000,0x001f,0x01c0,0x607e,0x00f0,0x7820,0x7c03,0xe038,0x0400,0x0000,0x0030,0xc260,0x61c3,0x830c,0xc860,
//////////0xc306,0x184c,0x0400,0x0000,0x0060,0x6260,0x6300,0x8204,0xc8c1,0x818c,0x084c,0x0400,0x0000,0x00ce,0x2260,0x60e0,
//////////0xc606,0x4b83,0x3888,0x0c4c,0x0400,0x0000,0x00c9,0x21e0,0x60c0,0xc7f6,0x3e03,0x2480,0x0c3c,0x0400,0x0000,0x00d9,
//////////0x2060,0x6180,0xc030,0x0003,0x6480,0x0c0c,0xe4c0,0x0000,0x00d9,0x2060,0x6180,0xc030,0x0003,0x6480,0x0c0d,0x3500,
//////////0x0000,0x00cf,0x2060,0x6180,0xc030,0x0003,0x3c80,0x0c0d,0x2e00,0x0000,0x00c6,0x2060,0x6180,0xc030,0x0003,0x1880,
//////////0x0c0c,0xfc00,0x0000,0x00cc,0x2060,0x6180,0xc030,0x0003,0x3080,0x0c0c,0x0400,0x0000,0x00d8,0x2061,0xe180,0xc0f0,
//////////0x7823,0x6080,0x0c0c,0x0400,0x0000,0x00d0,0x2067,0x1180,0xc130,0xc863,0x4080,0x0c0c,0x0400,0x0000,0x00f0,0x2069,
//////////0x1980,0xc130,0xc8c3,0xc080,0x0c0c,0x0400,0x0000,0x00e0,0x2071,0x1180,0xc130,0x4b83,0x8080,0x0c0c,0x0400,0x0000,
//////////0x00c0,0x2060,0xf180,0xc0e0,0x3e03,0x0080,0x0c3f,0xfc00,0x0000,0x0000,0x0000,0x0000,0x0000,0x0000,0x0000,0x0000,
//////////0x0000,0x0000,0x0000,0x0000,0x0000,0x0000,0x0000,0x0000,0x0000,0x0000,0x0000,0x0000,0x0000,0x0000,0x0000,0x0000,
//////////0x0000,0x0000,0x0000,0x0000,0x0000,0x0000,0x0000,0x0000,0x0000,0x0000,0x0000,0x0000,0x0000,0x0000,0x0000,0x0000,
//////////0x0000,0x0000,0x0000,0x0000,0x0000,0x0000,0x0000,0x0000,0x0000,0x0000,0x0000,0x0000,0x0000,0x0000,0x0000,0x0000,
//////////0x0000,0x0000,0x0000,0x0000,0x0000,0x0000,0x0000,0x0000,0x0000,0x0000,0x0000,0x0000,0x0000,0x0000,0x0000,0x0000,
//////////0x0000,0x0000,0x0000,0x0000,0x0000,0x0000,0x0000,0x0000,0x0000,0x0000,0x0000,0x0000,0x0000,0x0000,0x0000,0x0000,
//////////0x0000,0x0000,0x0000,0x0000,0x0000,0x0000,0x0000,0x0000,0x0000,0x0000,0x0000,0x0000,0x0000,0x0000,0x0000,0x0000,
//////////0x0000,0x0000,0x0000,0x0000,0x0000,0x0000,0x0000,0x0000,0x0000,0x0000,0x0000,0x0000,0x0000,0x0000,0x0000,0x0000,
//////////0x0000,0x0000,0x0000,0x0000,0x0000,0x0000,0x0000,0x0000,0x0000,0x0000,0x0000,0x0000,0x0000,0x0000,0x0000,0x0000,
//////////0x0000,0x0000,0x0000,0x0000,0x0000,0x0000,0x0000,0x0000,0x0000,0x0000,0x0000,0x0000,0x0000,0x0000,0x0000,0x0000,
//////////0x0000,0x0000,0x0000,0x0000,0x0000,0x0000,0x0000,0x0000,0x0000,0x0000,0x0000,0x0000,0x0000,0x0000,0x0000,0x0000,
//////////0x0000,0x0000,0x0000,0x0000,0x0000,0x0000,0x0000,0x0000,0x0000,0x0000,0x0000,0x0000,0x0000,0x0000,0x0000,0x0000,
//////////0x0000,0x0000,0x0000,0x0000,0x0000,0x0000,0x0000,0x0000,0x0000,0x0000,0x0000,0x0000,0x0000,0x0000,0x0000,0x0000,
//////////0x0000,0x0000,0x0000,0x0000,0x0000,0x0000,0x0000,0x0000
//////////};

////////////27：理纸 ???????????
//////////unsigned short const Thai_Font25_Pic_27[] = { 
//////////149,56,
//////////0x0000,0x0000,0x0000,0x0000,0x0000,0x0000,0x0000,0x0000,0x0000,0x0000,0x0000,0x0000,0x0000,0x0000,0x0000,0x0000,
//////////0x0000,0x0000,0x0000,0x0000,0x0000,0x0000,0x0000,0x0000,0x0000,0x0000,0x0000,0x0000,0x0000,0x0000,0x0000,0x0000,
//////////0x0000,0x0000,0x0000,0x0000,0x0000,0x0000,0x0000,0x0000,0x0000,0x0000,0x0000,0x0000,0x0000,0x0000,0x0000,0x0000,
//////////0x0000,0x0000,0x0000,0x0000,0x0000,0x0000,0x0000,0x0000,0x0000,0x0000,0x0000,0x0000,0x0000,0x0000,0x0000,0x0000,
//////////0x0000,0x0000,0x0000,0x0000,0x0000,0x0000,0x0000,0x0000,0x0000,0x0000,0x0000,0x0000,0x0000,0x0000,0x0000,0x0000,
//////////0x0000,0x0060,0x0000,0x0000,0x0000,0x0000,0x0000,0x0000,0x0000,0x0000,0x0000,0x0060,0x0000,0x0000,0x0000,0x0000,
//////////0x0000,0x0000,0x0000,0x0000,0x0000,0x3e60,0x0000,0x0000,0x0000,0x0000,0x0000,0x0000,0x0000,0x0000,0x0000,0xc1e0,
//////////0x0000,0x0000,0x0000,0x0000,0x0000,0x0000,0x0000,0x0000,0x0001,0x80e0,0x0000,0x0000,0x0000,0x0000,0x0000,0x0000,
//////////0x0000,0x0000,0x0001,0xfe60,0x0000,0x0000,0x0000,0x0000,0x0000,0x0000,0x0000,0x0000,0x0000,0x01a0,0x0000,0x0000,
//////////0x0000,0x0000,0x0000,0x0000,0x0000,0x0000,0x0000,0x0060,0x0000,0x0000,0x0000,0x0000,0x0000,0x0000,0x0000,0x0000,
//////////0x0000,0x0000,0x0000,0x0000,0x0000,0x0000,0x0000,0x0000,0x0000,0x0000,0x0000,0x0000,0x0000,0x0000,0x0000,0x0000,
//////////0x0000,0x0000,0x0000,0x0000,0x00c0,0x1f00,0xf0c0,0x380f,0xc01e,0x0f04,0x0f80,0x7c07,0x0080,0x0000,0x00c0,0x6181,
//////////0x98c0,0x4838,0x7061,0x990c,0x1860,0xc309,0x8080,0x0000,0x00c0,0xc0c3,0x98c0,0x4c60,0x1040,0x9918,0x3031,0x8109,
//////////0x8080,0x0000,0x00c0,0x8463,0x98c0,0x4c1c,0x18c0,0xc970,0x6711,0x0189,0x8080,0x0000,0x00c0,0x8e63,0x70c0,0x7c18,
//////////0x18fe,0xc7c0,0x6490,0x0187,0x8080,0x0000,0x00c1,0x9263,0x00c0,0x0c30,0x1806,0x0000,0x6c90,0x0181,0x9c98,0x0000,
//////////0x00c1,0xb161,0x80cc,0x0c30,0x1806,0x0000,0x6c90,0x0181,0xa6a0,0x0000,0x00c0,0x2160,0x78c6,0x0c30,0x1806,0x0000,
//////////0x6790,0x0181,0xa5c0,0x0000,0x00c0,0x60e0,0xc0c3,0x0c30,0x1806,0x0000,0x6310,0x0181,0x9f80,0x0000,0x00c0,0x40a0,
//////////0x80c1,0x8c30,0x1806,0x0000,0x6610,0x0181,0x8080,0x0000,0x00f8,0x70e0,0x80c0,0xcc30,0x181e,0x0f04,0x6c10,0x0181,
//////////0x8080,0x0000,0x00c8,0xc860,0x80c0,0x6c30,0x1826,0x190c,0x6810,0x0181,0x8080,0x0000,0x00c8,0xc860,0x80c0,0x3c30,
//////////0x1826,0x1918,0x7810,0x0181,0x8080,0x0000,0x0048,0x4860,0x80c0,0x1c30,0x1826,0x0970,0x7010,0x0181,0x8080,0x0000,
//////////0x0078,0x7060,0xffc0,0x1c30,0x181c,0x07c0,0x6010,0x0187,0xff80,0x0000,0x0000,0x0000,0x0000,0x0000,0x0000,0x0000,
//////////0x0000,0x0000,0x0000,0x0000,0x0000,0x0000,0x0000,0x0000,0x0000,0x0000,0x0000,0x0000,0x0000,0x0000,0x0000,0x0000,
//////////0x0000,0x0000,0x0000,0x0000,0x0000,0x0000,0x0000,0x0000,0x0000,0x0000,0x0000,0x0000,0x0000,0x0000,0x0000,0x0000,
//////////0x0000,0x0000,0x0000,0x0000,0x0000,0x0000,0x0000,0x0000,0x0000,0x0000,0x0000,0x0000,0x0000,0x0000,0x0000,0x0000,
//////////0x0000,0x0000,0x0000,0x0000,0x0000,0x0000,0x0000,0x0000,0x0000,0x0000,0x0000,0x0000,0x0000,0x0000,0x0000,0x0000,
//////////0x0000,0x0000,0x0000,0x0000,0x0000,0x0000,0x0000,0x0000,0x0000,0x0000,0x0000,0x0000,0x0000,0x0000,0x0000,0x0000,
//////////0x0000,0x0000,0x0000,0x0000,0x0000,0x0000,0x0000,0x0000,0x0000,0x0000,0x0000,0x0000,0x0000,0x0000,0x0000,0x0000,
//////////0x0000,0x0000,0x0000,0x0000,0x0000,0x0000,0x0000,0x0000,0x0000,0x0000,0x0000,0x0000,0x0000,0x0000,0x0000,0x0000,
//////////0x0000,0x0000,0x0000,0x0000,0x0000,0x0000,0x0000,0x0000,0x0000,0x0000,0x0000,0x0000,0x0000,0x0000,0x0000,0x0000,
//////////0x0000,0x0000,0x0000,0x0000,0x0000,0x0000,0x0000,0x0000,0x0000,0x0000,0x0000,0x0000,0x0000,0x0000,0x0000,0x0000,
//////////0x0000,0x0000,0x0000,0x0000,0x0000,0x0000,0x0000,0x0000,0x0000,0x0000,0x0000,0x0000,0x0000,0x0000,0x0000,0x0000,
//////////0x0000,0x0000,0x0000,0x0000,0x0000,0x0000,0x0000,0x0000,0x0000,0x0000,0x0000,0x0000,0x0000,0x0000,0x0000,0x0000,
//////////0x0000,0x0000,0x0000,0x0000,0x0000,0x0000,0x0000,0x0000,0x0000,0x0000,0x0000,0x0000,0x0000,0x0000,0x0000,0x0000,
//////////0x0000,0x0000,0x0000,0x0000,0x0000,0x0000,0x0000,0x0000,0x0000,0x0000,0x0000,0x0000,0x0000,0x0000,0x0000,0x0000,
//////////0x0000,0x0000,0x0000,0x0000,0x0000,0x0000,0x0000,0x0000,0x0000,0x0000,0x0000,0x0000,0x0000,0x0000,0x0000,0x0000,

//////////};

////////////28：压纸 ????????
//////////unsigned short const Thai_Font25_Pic_28[] = { 
//////////130,56,
//////////0x0000,0x0000,0x0000,0x0000,0x0000,0x0000,0x0000,0x0000,0x0000,0x0000,0x0000,0x0000,0x0000,0x0000,0x0000,0x0000,
//////////0x0000,0x0000,0x0000,0x0000,0x0000,0x0000,0x0000,0x0000,0x0000,0x0000,0x0000,0x0000,0x0000,0x0000,0x0000,0x0000,
//////////0x0000,0x0000,0x0000,0x0000,0x0000,0x0000,0x0000,0x0000,0x0000,0x0000,0x0000,0x0000,0x0000,0x0000,0x0000,0x0000,
//////////0x0000,0x0000,0x0000,0x0000,0x0000,0x0000,0x0000,0x0000,0x0000,0x0000,0x0000,0x0000,0x0000,0x0000,0x0000,0x0000,
//////////0x0000,0x0000,0x0000,0x0000,0x0000,0x0000,0x0000,0x0000,0x0000,0x0000,0x0000,0x0000,0x0000,0x0000,0x0000,0x0000,
//////////0x0000,0x0000,0x0000,0x0000,0x0000,0x0000,0x0000,0x0000,0x0000,0x0000,0x0000,0x0000,0x0000,0x0000,0x0000,0x0000,
//////////0x0000,0x0000,0x0000,0x0000,0x0000,0x0000,0x0000,0x0000,0x0000,0x0000,0x0000,0x0000,0x0000,0x0000,0x0000,0x0000,
//////////0x0000,0x0000,0x0000,0x0000,0x0000,0x0000,0x0000,0x0000,0x0000,0x0000,0x0000,0x0000,0x0000,0x0000,0x0000,0x0000,
//////////0x0000,0x0000,0x0000,0x0000,0x0000,0x0000,0x0000,0x0000,0x0000,0x0000,0x0000,0x0000,0x0000,0x0000,0x0000,0x0000,
//////////0x0000,0x0000,0x0000,0x0000,0x0000,0x0000,0x0000,0x0000,0x0000,0x0000,0x0000,0x0000,0x0000,0x0000,0x0000,0x0000,
//////////0x0000,0x0000,0x003f,0x003e,0x00fc,0x01e0,0xf040,0xf807,0xc070,0x0800,0x0000,0x00e1,0xc061,0x8387,0x0619,0x90c1,
//////////0x860c,0x3098,0x0800,0x0000,0x0180,0x40c0,0xc601,0x0409,0x9183,0x0318,0x1098,0x0800,0x0000,0x0070,0x619c,0x41c1,
//////////0x8c0c,0x9706,0x7110,0x1898,0x0800,0x0000,0x0060,0x6192,0x4181,0x8fec,0x7c06,0x4900,0x1878,0x0800,0x0000,0x00c0,
//////////0x61b2,0x4301,0x8060,0x0006,0xc900,0x1819,0xc980,0x0000,0x00c0,0x61b2,0x4301,0x8060,0x0006,0xc900,0x181a,0x6a00,
//////////0x0000,0x00c0,0x619e,0x4301,0x8060,0x0006,0x7900,0x181a,0x5c00,0x0000,0x00c0,0x618c,0x4301,0x8060,0x0006,0x3100,
//////////0x1819,0xf800,0x0000,0x00c0,0x6198,0x4301,0x8060,0x0006,0x6100,0x1818,0x0800,0x0000,0x00c0,0x61b0,0x4301,0x81e0,
//////////0xf046,0xc100,0x1818,0x0800,0x0000,0x00c0,0x61a0,0x4301,0x8261,0x90c6,0x8100,0x1818,0x0800,0x0000,0x00c0,0x61e0,
//////////0x4301,0x8261,0x9187,0x8100,0x1818,0x0800,0x0000,0x00c0,0x61c0,0x4301,0x8260,0x9707,0x0100,0x1818,0x0800,0x0000,
//////////0x00c0,0x6180,0x4301,0x81c0,0x7c06,0x0100,0x187f,0xf800,0x0000,0x0000,0x0000,0x0000,0x0000,0x0000,0x0000,0x0000,
//////////0x0000,0x0000,0x0000,0x0000,0x0000,0x0000,0x0000,0x0000,0x0000,0x0000,0x0000,0x0000,0x0000,0x0000,0x0000,0x0000,
//////////0x0000,0x0000,0x0000,0x0000,0x0000,0x0000,0x0000,0x0000,0x0000,0x0000,0x0000,0x0000,0x0000,0x0000,0x0000,0x0000,
//////////0x0000,0x0000,0x0000,0x0000,0x0000,0x0000,0x0000,0x0000,0x0000,0x0000,0x0000,0x0000,0x0000,0x0000,0x0000,0x0000,
//////////0x0000,0x0000,0x0000,0x0000,0x0000,0x0000,0x0000,0x0000,0x0000,0x0000,0x0000,0x0000,0x0000,0x0000,0x0000,0x0000,
//////////0x0000,0x0000,0x0000,0x0000,0x0000,0x0000,0x0000,0x0000,0x0000,0x0000,0x0000,0x0000,0x0000,0x0000,0x0000,0x0000,
//////////0x0000,0x0000,0x0000,0x0000,0x0000,0x0000,0x0000,0x0000,0x0000,0x0000,0x0000,0x0000,0x0000,0x0000,0x0000,0x0000,
//////////0x0000,0x0000,0x0000,0x0000,0x0000,0x0000,0x0000,0x0000,0x0000,0x0000,0x0000,0x0000,0x0000,0x0000,0x0000,0x0000,
//////////0x0000,0x0000,0x0000,0x0000,0x0000,0x0000,0x0000,0x0000,0x0000,0x0000,0x0000,0x0000,0x0000,0x0000,0x0000,0x0000,
//////////0x0000,0x0000,0x0000,0x0000,0x0000,0x0000,0x0000,0x0000,0x0000,0x0000,0x0000,0x0000,0x0000,0x0000,0x0000,0x0000,
//////////0x0000,0x0000,0x0000,0x0000,0x0000,0x0000,0x0000,0x0000,0x0000,0x0000,0x0000,0x0000,0x0000,0x0000,0x0000,0x0000,
//////////0x0000,0x0000,0x0000,0x0000,0x0000,0x0000,0x0000,0x0000,0x0000,0x0000,0x0000,0x0000,0x0000,0x0000,0x0000,0x0000,
//////////0x0000,0x0000,0x0000,0x0000,0x0000,0x0000,0x0000,0x0000,0x0000,0x0000,0x0000,0x0000,0x0000,0x0000,0x0000,0x0000,
//////////0x0000,0x0000,0x0000,0x0000,0x0000,0x0000,0x0000,0x0000
//////////};

////////////29：单次自刀  ??????????????????
//////////unsigned short const Thai_Font25_Pic_29[] = { 
//////////190,56,
//////////0x0000,0x0000,0x0000,0x0000,0x0000,0x0000,0x0003,0x8000,0x0000,0x0000,0x0000,0x0000,0x0000,0x0000,0x0000,0x0000,
//////////0x0000,0x0000,0x0004,0x8400,0x0000,0x0000,0x0000,0x0000,0x0000,0x0000,0x0000,0x0000,0x0000,0x0000,0x0004,0x8c00,
//////////0x0000,0x0000,0x0000,0x0000,0x0000,0x0000,0x0000,0x0000,0x0000,0x0000,0x0003,0x8800,0x0000,0x0000,0x0000,0x0000,
//////////0x0000,0x0000,0x0000,0x0000,0x0000,0x0000,0x0001,0x9000,0x0000,0x0000,0x0000,0x0000,0x0000,0x0000,0x0000,0x0000,
//////////0x0000,0x0000,0x0003,0x6000,0x0000,0x0000,0x0000,0x0000,0x0000,0x0000,0x0000,0x0000,0x0000,0x0000,0x0003,0xc000,
//////////0x0000,0x0000,0x0000,0x0000,0x0000,0x0000,0x0000,0x0000,0x0000,0x0000,0x0000,0x0000,0x0000,0x0000,0x0000,0x0000,
//////////0x0000,0x0000,0x0000,0x0000,0x0000,0x0000,0x0000,0x0000,0x0000,0x0c00,0x0000,0x0000,0x0000,0x0000,0x0000,0x0000,
//////////0x0f80,0x1e00,0x0000,0x0000,0x0000,0x0c00,0x0000,0x0000,0x0000,0x0000,0x0000,0x0000,0x18c0,0x1218,0x0000,0x0000,
//////////0x0007,0xcc00,0x0000,0x0000,0x0000,0x0080,0x0000,0x0000,0x3060,0x1210,0x0000,0x0100,0x0018,0x3c00,0x0000,0x0000,
//////////0x0001,0xe180,0x0000,0x0000,0x3020,0x1e20,0x0003,0xc300,0x0030,0x1c00,0x0000,0x0000,0x0001,0x2300,0x0000,0x0000,
//////////0x1800,0x0660,0x0002,0x4600,0x003f,0xcc00,0x0000,0x0000,0x0001,0x2e00,0x0000,0x0000,0x0e00,0x0d80,0x0002,0x5c00,
//////////0x0000,0x3400,0x0000,0x0000,0x0000,0xf800,0x0000,0x0000,0x0300,0x1f00,0x0001,0xf000,0x0000,0x0c00,0x0000,0x0000,
//////////0x0000,0x0000,0x0000,0x0000,0x0300,0x0000,0x0000,0x0000,0x0000,0x0000,0x0000,0x0000,0x0000,0x0000,0x0000,0x0000,
//////////0x0300,0x0000,0x0000,0x0000,0x0000,0x0000,0x0000,0x0000,0x0079,0xc03e,0x00f8,0x01f0,0x0303,0xce01,0xf007,0x8038,
//////////0x3007,0xc03c,0x303c,0x0000,0x00ce,0x6061,0x8186,0x030c,0x0306,0x7303,0x0c18,0x6048,0x300c,0x3066,0x30c3,0x0000,
//////////0x00c4,0x20c0,0xc303,0x0606,0x0306,0x2106,0x0610,0x204c,0x3018,0x18e6,0x3081,0x0000,0x00c0,0x219c,0x4601,0x0c02,
//////////0x0306,0x010c,0xe230,0x304c,0x3033,0x88e6,0x3181,0x8000,0x00c0,0x2192,0x46f1,0x0de2,0x0306,0x010c,0x923f,0xb07c,
//////////0x3032,0x48dc,0x3181,0x8000,0x00ce,0x21b2,0x4491,0x8923,0x0306,0x7109,0x9201,0x800c,0x3036,0x48c0,0x3181,0x8000,
//////////0x00db,0x21b2,0x4499,0x8933,0x0306,0xd909,0x9201,0x8c0c,0x3036,0x4860,0x3181,0x8000,0x00d1,0x219e,0x4091,0x8123,
//////////0x0306,0x8909,0xe201,0x860c,0x3033,0xc81e,0x3001,0x8000,0x00d9,0x218c,0x40f1,0x81e3,0x0306,0xc90b,0x0201,0x830c,
//////////0x3031,0x8830,0x3001,0x8000,0x00ce,0x2198,0x4081,0x8103,0x0306,0x710a,0x0201,0x818c,0x3033,0x0820,0x3001,0x8000,
//////////0x00cc,0x21b0,0x4081,0x8103,0x03c6,0x610a,0x0207,0x80cc,0x3e36,0x0820,0x3007,0x8000,0x00d8,0x21a0,0x4081,0x8103,
//////////0x0366,0xc10e,0x0209,0x806c,0x3234,0x0820,0x300d,0x8000,0x00f0,0x21e0,0x4081,0x8103,0x0227,0x810c,0x0209,0x803c,
//////////0x323c,0x0820,0x3009,0x8000,0x00e0,0x21c0,0x4081,0x8103,0x0367,0x010c,0x0209,0x801c,0x1238,0x0820,0x300d,0x8000,
//////////0x00c0,0x2180,0x40ff,0x81ff,0x01c6,0x010c,0x0207,0x001c,0x1e30,0x083f,0xf007,0x0000,0x0000,0x0000,0x0000,0x0000,
//////////0x0000,0x0000,0x0000,0x0000,0x0000,0x0000,0x0000,0x0000,0x0000,0x0000,0x0000,0x0000,0x0000,0x0000,0x0000,0x0000,
//////////0x0000,0x0000,0x0000,0x0000,0x0000,0x0000,0x0000,0x0000,0x0000,0x0000,0x0000,0x0000,0x0000,0x0000,0x0000,0x0000,
//////////0x0000,0x0000,0x0000,0x0000,0x0000,0x0000,0x0000,0x0000,0x0000,0x0000,0x0000,0x0000,0x0000,0x0000,0x0000,0x0000,
//////////0x0000,0x0000,0x0000,0x0000,0x0000,0x0000,0x0000,0x0000,0x0000,0x0000,0x0000,0x0000,0x0000,0x0000,0x0000,0x0000,
//////////0x0000,0x0000,0x0000,0x0000,0x0000,0x0000,0x0000,0x0000,0x0000,0x0000,0x0000,0x0000,0x0000,0x0000,0x0000,0x0000,
//////////0x0000,0x0000,0x0000,0x0000,0x0000,0x0000,0x0000,0x0000,0x0000,0x0000,0x0000,0x0000,0x0000,0x0000,0x0000,0x0000,
//////////0x0000,0x0000,0x0000,0x0000,0x0000,0x0000,0x0000,0x0000,0x0000,0x0000,0x0000,0x0000,0x0000,0x0000,0x0000,0x0000,
//////////0x0000,0x0000,0x0000,0x0000,0x0000,0x0000,0x0000,0x0000,0x0000,0x0000,0x0000,0x0000,0x0000,0x0000,0x0000,0x0000,
//////////0x0000,0x0000,0x0000,0x0000,0x0000,0x0000,0x0000,0x0000,0x0000,0x0000,0x0000,0x0000,0x0000,0x0000,0x0000,0x0000,
//////////0x0000,0x0000,0x0000,0x0000,0x0000,0x0000,0x0000,0x0000,0x0000,0x0000,0x0000,0x0000,0x0000,0x0000,0x0000,0x0000,
//////////0x0000,0x0000,0x0000,0x0000,0x0000,0x0000,0x0000,0x0000,0x0000,0x0000,0x0000,0x0000,0x0000,0x0000,0x0000,0x0000,
//////////0x0000,0x0000,0x0000,0x0000,0x0000,0x0000,0x0000,0x0000,0x0000,0x0000,0x0000,0x0000,0x0000,0x0000,0x0000,0x0000,
//////////0x0000,0x0000,0x0000,0x0000,0x0000,0x0000,0x0000,0x0000,0x0000,0x0000,0x0000,0x0000,0x0000,0x0000,0x0000,0x0000,
//////////0x0000,0x0000,0x0000,0x0000,0x0000,0x0000,0x0000,0x0000,0x0000,0x0000,0x0000,0x0000,0x0000,0x0000,0x0000,0x0000,
//////////0x0000,0x0000,0x0000,0x0000,0x0000,0x0000,0x0000,0x0000,0x0000,0x0000,0x0000,0x0000,0x0000,0x0000,0x0000,0x0000,
//////////0x0000,0x0000,0x0000,0x0000,0x0000,0x0000,0x0000,0x0000,0x0000,0x0000,0x0000,0x0000,0x0000,0x0000,0x0000,0x0000,
//////////0x0000,0x0000,0x0000,0x0000,0x0000,0x0000,0x0000,0x0000,0x0000,0x0000,0x0000,0x0000,0x0000,0x0000,0x0000,0x0000,

//////////};

////////////30：批量自刀 ?????????????????????
//////////unsigned short const Thai_Font25_Pic_30[] = { 
//////////257,56,
//////////0x0000,0x0000,0x0000,0x0000,0x0000,0x0000,0x0000,0x0000,0x0000,0x0000,0x0000,0x0000,0x0000,0x0000,0x3800,0x0000,
//////////0x0000,0x0000,0x0000,0x0000,0x0000,0x0000,0x0000,0x0000,0x0000,0x0000,0x0000,0x0000,0x0000,0x0000,0x0000,0x4840,
//////////0x0000,0x0000,0x0000,0x0000,0x0000,0x0000,0x0000,0x0000,0x0000,0x0000,0x0000,0x0000,0x0000,0x0000,0x0000,0x0000,
//////////0x48c0,0x0000,0x0000,0x0000,0x0000,0x0000,0x0000,0x0000,0x0000,0x0000,0x0000,0x0000,0x0000,0x0000,0x0000,0x0000,
//////////0x0000,0x3880,0x0000,0x0000,0x0000,0x0000,0x0000,0x0000,0x0000,0x0000,0x0000,0x0000,0x0000,0x0000,0x0000,0x0000,
//////////0x0000,0x0000,0x1900,0x0000,0x0000,0x0000,0x0000,0x0000,0x0000,0x0000,0x0000,0x0000,0x0000,0x0000,0x0000,0x0000,
//////////0x0000,0x0000,0x0000,0x3600,0x0000,0x0000,0x0000,0x0000,0x0000,0x0000,0x0000,0x0000,0x0000,0x0000,0x0000,0x0000,
//////////0x0000,0x0000,0x0000,0x0000,0x3c00,0x0000,0x0000,0x0000,0x0000,0x0000,0x0000,0x0000,0x0000,0x0000,0x0000,0x0000,
//////////0x0000,0x0000,0x0000,0x0000,0x0000,0x0000,0x0000,0x0000,0x0000,0x0000,0x0000,0x0000,0x0000,0x0000,0x0000,0x0000,
//////////0x0000,0x0000,0x0000,0x0000,0x0000,0x0000,0x0000,0x0000,0x0000,0x0000,0x0000,0x0000,0x0000,0x0f80,0x1e00,0x0000,
//////////0x0000,0x0000,0x0000,0x0000,0x0000,0x0000,0x0000,0x0000,0x0000,0x0000,0x0000,0x0000,0x0000,0x0000,0x18c0,0x1218,
//////////0x0000,0x0000,0x0001,0xe000,0x0000,0x0000,0x0000,0x0000,0x0000,0x0000,0x0000,0x0000,0x0080,0x0000,0x0000,0x3060,
//////////0x1210,0x0000,0x0000,0x0001,0x3000,0x0000,0x0000,0x0000,0x0000,0x0010,0x0000,0x0000,0x0001,0xe180,0x0000,0x0000,
//////////0x3020,0x1e20,0x0000,0x0000,0x0003,0x1000,0x0000,0x0000,0x0000,0x0000,0x3c30,0x0000,0x0000,0x0001,0x2300,0x0000,
//////////0x0000,0x1800,0x0660,0x0000,0x0000,0x0001,0x3000,0x0000,0x0000,0x0000,0x0000,0x2460,0x0000,0x0000,0x0001,0x2e00,
//////////0x0000,0x0000,0x0e00,0x0d80,0x0000,0x0000,0x0001,0xe000,0x0000,0x0000,0x0000,0x0000,0x25c0,0x0000,0x0000,0x0000,
//////////0xf800,0x0000,0x0000,0x0300,0x1f00,0x0000,0x0000,0x0000,0x0000,0x0000,0x0000,0x0000,0x0000,0x1f00,0x0000,0x0000,
//////////0x0000,0x0000,0x0000,0x0000,0x0300,0x0000,0x0000,0x0000,0x0000,0x0000,0x0000,0x0000,0x0000,0x0000,0x0000,0x0000,
//////////0x0000,0x0000,0x0000,0x0000,0x0000,0x0300,0x0000,0x0000,0x0000,0x0000,0x0000,0x0000,0x0000,0x0000,0x0000,0x0000,
//////////0x0000,0x0000,0x0079,0xc03e,0x00f8,0x01f0,0x0303,0xce07,0x9c0f,0x80e0,0x303e,0x01f0,0x1c06,0x0780,0xe030,0x1f00,
//////////0x7803,0x8000,0x0000,0x00ce,0x6061,0x8186,0x030c,0x0306,0x730c,0xe618,0x6190,0x30c3,0x830c,0x2606,0x1861,0x3030,
//////////0x30c1,0x8604,0x8000,0x0000,0x00c4,0x20c0,0xc303,0x0606,0x0306,0x210c,0x4230,0x2190,0x3080,0x8604,0x2606,0x1021,
//////////0x3030,0x6061,0x0204,0xc000,0x0000,0x00c0,0x219c,0x4601,0x0c02,0x0306,0x010c,0x0220,0x3190,0x3180,0xc406,0x2606,
//////////0x3031,0x3030,0xce23,0x0304,0xc000,0x0000,0x00c0,0x2192,0x46f1,0x0de2,0x0306,0x010c,0x0200,0x30f0,0x319c,0x4006,
//////////0x1e06,0x3030,0xf030,0xc923,0xfb07,0xc000,0x0000,0x00ce,0x21b2,0x4491,0x8923,0x0306,0x710c,0xe200,0x3010,0x3136,
//////////0x4006,0x0606,0x3030,0x3030,0x9920,0x1800,0xc000,0x0000,0x00db,0x21b2,0x4499,0x8933,0x0306,0xd90d,0xb200,0x3010,
//////////0x3122,0x4006,0x0606,0x3030,0x3030,0x9920,0x18c0,0xc000,0x0000,0x00d1,0x219e,0x4091,0x8123,0x0306,0x890d,0x1200,
//////////0x3010,0x3036,0x4006,0x0606,0x0030,0x3030,0x9e20,0x1860,0xc000,0x0000,0x00d9,0x218c,0x40f1,0x81e3,0x0306,0xc90d,
//////////0x9200,0x3010,0x301f,0x4006,0x0606,0x0030,0x3030,0xb020,0x1830,0xc000,0x0000,0x00ce,0x2198,0x4081,0x8103,0x0306,
//////////0x710c,0xe200,0x307c,0x3001,0x4006,0x0606,0x0030,0x3030,0xa020,0x1818,0xc000,0x0000,0x00cc,0x21b0,0x4081,0x8103,
//////////0x03c6,0x610c,0xc200,0x3096,0x3001,0x4006,0x061e,0x00f0,0x30f0,0xa020,0x780c,0xc000,0x0000,0x00d8,0x21a0,0x4081,
//////////0x8103,0x0366,0xc10d,0x8200,0x3191,0xb001,0xc006,0x0671,0x01b0,0x3388,0xe020,0x9806,0xc000,0x0000,0x00f0,0x21e0,
//////////0x4081,0x8103,0x0227,0x810f,0x0200,0x3190,0xf000,0xc006,0x0691,0x8130,0x348c,0xc020,0x9803,0xc000,0x0000,0x00e0,
//////////0x21c0,0x4081,0x8103,0x0367,0x010e,0x0200,0x30d0,0x7000,0xc006,0x0711,0x01b0,0x3888,0xc020,0x9801,0xc000,0x0000,
//////////0x00c0,0x2180,0x40ff,0x81ff,0x01c6,0x010c,0x0200,0x3070,0x3000,0xc006,0x060f,0x00e0,0x3078,0xc020,0x7001,0xc000,
//////////0x0000,0x0000,0x0000,0x0000,0x0000,0x0000,0x0000,0x0000,0x0000,0x0000,0x0000,0x0000,0x0000,0x0000,0x0000,0x0000,
//////////0x0000,0x0000,0x0000,0x0000,0x0000,0x0000,0x0000,0x0000,0x0000,0x0000,0x0000,0x0000,0x0000,0x0000,0x0000,0x0000,
//////////0x0000,0x0000,0x0000,0x0000,0x0000,0x0000,0x0000,0x0000,0x0000,0x0000,0x0000,0x0000,0x0000,0x0000,0x0000,0x0000,
//////////0x0000,0x0000,0x0000,0x0000,0x0000,0x0000,0x0000,0x0000,0x0000,0x0000,0x0000,0x0000,0x0000,0x0000,0x0000,0x0000,
//////////0x0000,0x0000,0x0000,0x0000,0x0000,0x0000,0x0000,0x0000,0x0000,0x0000,0x0000,0x0000,0x0000,0x0000,0x0000,0x0000,
//////////0x0000,0x0000,0x0000,0x0000,0x0000,0x0000,0x0000,0x0000,0x0000,0x0000,0x0000,0x0000,0x0000,0x0000,0x0000,0x0000,
//////////0x0000,0x0000,0x0000,0x0000,0x0000,0x0000,0x0000,0x0000,0x0000,0x0000,0x0000,0x0000,0x0000,0x0000,0x0000,0x0000,
//////////0x0000,0x0000,0x0000,0x0000,0x0000,0x0000,0x0000,0x0000,0x0000,0x0000,0x0000,0x0000,0x0000,0x0000,0x0000,0x0000,
//////////0x0000,0x0000,0x0000,0x0000,0x0000,0x0000,0x0000,0x0000,0x0000,0x0000,0x0000,0x0000,0x0000,0x0000,0x0000,0x0000,
//////////0x0000,0x0000,0x0000,0x0000,0x0000,0x0000,0x0000,0x0000,0x0000,0x0000,0x0000,0x0000,0x0000,0x0000,0x0000,0x0000,
//////////0x0000,0x0000,0x0000,0x0000,0x0000,0x0000,0x0000,0x0000,0x0000,0x0000,0x0000,0x0000,0x0000,0x0000,0x0000,0x0000,
//////////0x0000,0x0000,0x0000,0x0000,0x0000,0x0000,0x0000,0x0000,0x0000,0x0000,0x0000,0x0000,0x0000,0x0000,0x0000,0x0000,
//////////0x0000,0x0000,0x0000,0x0000,0x0000,0x0000,0x0000,0x0000,0x0000,0x0000,0x0000,0x0000,0x0000,0x0000,0x0000,0x0000,
//////////0x0000,0x0000,0x0000,0x0000,0x0000,0x0000,0x0000,0x0000,0x0000,0x0000,0x0000,0x0000,0x0000,0x0000,0x0000,0x0000,
//////////0x0000,0x0000,0x0000,0x0000,0x0000,0x0000,0x0000,0x0000,0x0000,0x0000,0x0000,0x0000,0x0000,0x0000,0x0000,0x0000,
//////////0x0000,0x0000,0x0000,0x0000,0x0000,0x0000,0x0000,0x0000,0x0000,0x0000,0x0000,0x0000,0x0000,0x0000,0x0000,0x0000,
//////////0x0000,0x0000,0x0000,0x0000,0x0000,0x0000,0x0000,0x0000,0x0000,0x0000,0x0000,0x0000,0x0000,0x0000,0x0000,0x0000,
//////////0x0000,0x0000,0x0000,0x0000,0x0000,0x0000,0x0000,0x0000,0x0000,0x0000,0x0000,0x0000,0x0000,0x0000,0x0000,0x0000,
//////////0x0000,0x0000,0x0000,0x0000,0x0000,0x0000,0x0000,0x0000,0x0000,0x0000,0x0000,0x0000,0x0000,0x0000,0x0000,0x0000,
//////////0x0000,0x0000,0x0000,0x0000,0x0000,0x0000,0x0000,0x0000,0x0000,0x0000,0x0000,0x0000,0x0000,0x0000,0x0000,0x0000,
//////////0x0000,0x0000,0x0000,0x0000,0x0000,0x0000,0x0000,0x0000,0x0000,0x0000,0x0000,0x0000,0x0000,0x0000,0x0000,0x0000,
//////////0x0000,0x0000,0x0000,0x0000,0x0000,0x0000,0x0000,0x0000,0x0000,0x0000,0x0000,0x0000,0x0000,0x0000,0x0000,0x0000,
//////////0x0000,0x0000,0x0000,0x0000,0x0000,0x0000,0x0000,0x0000,0x0000,0x0000,0x0000,0x0000,0x0000,0x0000,0x0000,0x0000,
//////////0x0000,0x0000,0x0000,0x0000,0x0000,0x0000,0x0000,0x0000,0x0000,0x0000,0x0000,0x0000,0x0000,0x0000,0x0000,0x0000,
//////////0x0000,0x0000,0x0000,0x0000,0x0000,0x0000,0x0000,0x0000
//////////};

////////////31：自加模式 ??????????????
//////////unsigned short const Thai_Font25_Pic_31[] = { 
//////////167,56,
//////////0x0000,0x0000,0x0000,0x0000,0x0000,0x0000,0x0000,0x0000,0x0000,0x0000,0x0000,0x0000,0x0000,0x0000,0x0000,0x0000,
//////////0x1800,0x0000,0x0000,0x0000,0x0000,0x0000,0x0000,0x0000,0x0000,0x0000,0x0000,0x1800,0x0000,0x0000,0x0000,0x0000,
//////////0x0000,0x0000,0x0000,0x0000,0x0000,0x0000,0x1800,0x0000,0x0000,0x0000,0x0000,0x0000,0x0000,0x0000,0x0000,0x0000,
//////////0x0000,0x1800,0x0000,0x0000,0x0000,0x0000,0x0000,0x0000,0x0000,0x0000,0x0000,0x0000,0x1800,0x0000,0x0000,0x0000,
//////////0x0000,0x0000,0x0000,0x0000,0x0000,0x0000,0x0000,0x0000,0x0000,0x0000,0x0000,0x0000,0x0000,0x0000,0x0000,0x0000,
//////////0x0000,0x0000,0x0000,0x0000,0x0000,0x0000,0x0000,0x0000,0x0000,0x0000,0x0000,0x0000,0x0000,0x0000,0x0000,0x0000,
//////////0x0000,0x0000,0x0000,0x00f8,0x0000,0x0000,0x0000,0x0000,0x0000,0x0000,0x0000,0x01f0,0x03c0,0x0000,0x018c,0x0000,
//////////0x0000,0x0000,0x000f,0x8000,0x0000,0x0000,0x0318,0x0243,0x0000,0x0306,0x0000,0x0000,0x0000,0x0030,0x6000,0x0000,
//////////0x0000,0x060c,0x0242,0x0000,0x0302,0x0000,0x0000,0x0000,0x0060,0x3000,0x0000,0x0000,0x0604,0x03c4,0x0000,0x0180,
//////////0x0000,0x0000,0x0000,0x007f,0x9000,0x0000,0x0000,0x0300,0x00cc,0x0000,0x00e0,0x0000,0x0000,0x0000,0x0000,0x6800,
//////////0x0000,0x0000,0x01c0,0x01b0,0x0000,0x0030,0x0000,0x0000,0x0000,0x0000,0x1800,0x0000,0x0000,0x0060,0x03e0,0x0000,
//////////0x0030,0x0000,0x0000,0x0000,0x0000,0x0000,0x0000,0x0000,0x0060,0x0000,0x0000,0x0030,0x0000,0x0000,0x0000,0x0000,
//////////0x0000,0x0000,0x0000,0x0060,0x0000,0x0000,0x0030,0x7078,0x7018,0x0f80,0xc0e3,0x8870,0x181f,0x003e,0x0060,0x79c0,
//////////0x0000,0x0030,0x9048,0xc818,0x1860,0xc123,0x88c8,0x1830,0xc061,0x8060,0xce60,0x0000,0x0030,0x9848,0xc818,0x3030,
//////////0xc132,0x88c8,0x1860,0x60c0,0xc060,0xc420,0x0000,0x0030,0x9878,0xc818,0x6710,0xc136,0xc8c8,0x18c0,0x2180,0x4060,
//////////0xc020,0x0000,0x0030,0x7830,0x7818,0x6490,0xc0f6,0x4878,0x18de,0x21bc,0x4060,0xc020,0x0000,0x0030,0x1838,0x0818,
//////////0x6c90,0xc034,0x4808,0x1892,0x3124,0x6060,0xce20,0x0000,0x0030,0x1878,0x0818,0x6c90,0xc034,0x6808,0x1893,0x3126,
//////////0x6060,0xdb20,0x0000,0x0030,0x18d8,0x0818,0x6790,0xc03c,0x6808,0x1812,0x3024,0x6060,0xd120,0x0000,0x0030,0x1998,
//////////0x0818,0x6310,0xc038,0x2808,0x181e,0x303c,0x6060,0xd920,0x0000,0x0030,0x1918,0x3e18,0x6610,0xc038,0x283e,0x1810,
//////////0x3020,0x6060,0xce20,0x0000,0x003c,0x1b18,0x4b18,0x6c10,0xf838,0x384b,0x1810,0x3020,0x6078,0xcc20,0x0000,0x0036,
//////////0x1e18,0xc8d8,0x6810,0xc838,0x18c8,0xd810,0x3020,0x606c,0xd820,0x0000,0x0022,0x1c18,0xc878,0x7810,0xc830,0x18c8,
//////////0x7810,0x3020,0x6044,0xf020,0x0000,0x0036,0x1c18,0x6838,0x7010,0x4830,0x1868,0x3810,0x3020,0x606c,0xe020,0x0000,
//////////0x001c,0x1818,0x3818,0x6010,0x7830,0x1838,0x181f,0xf03f,0xe038,0xc020,0x0000,0x0000,0x0000,0x0000,0x0000,0x0000,
//////////0x0000,0x0000,0x0000,0x0000,0x0000,0x0000,0x0000,0x0000,0x0000,0x0000,0x0000,0x0000,0x0000,0x0000,0x0000,0x0000,
//////////0x0000,0x0000,0x0000,0x0000,0x0000,0x0000,0x0000,0x0000,0x0000,0x0000,0x0000,0x0000,0x0000,0x0000,0x0000,0x0000,
//////////0x0000,0x0000,0x0000,0x0000,0x0000,0x0000,0x0000,0x0000,0x0000,0x0000,0x0000,0x0000,0x0000,0x0000,0x0000,0x0000,
//////////0x0000,0x0000,0x0000,0x0000,0x0000,0x0000,0x0000,0x0000,0x0000,0x0000,0x0000,0x0000,0x0000,0x0000,0x0000,0x0000,
//////////0x0000,0x0000,0x0000,0x0000,0x0000,0x0000,0x0000,0x0000,0x0000,0x0000,0x0000,0x0000,0x0000,0x0000,0x0000,0x0000,
//////////0x0000,0x0000,0x0000,0x0000,0x0000,0x0000,0x0000,0x0000,0x0000,0x0000,0x0000,0x0000,0x0000,0x0000,0x0000,0x0000,
//////////0x0000,0x0000,0x0000,0x0000,0x0000,0x0000,0x0000,0x0000,0x0000,0x0000,0x0000,0x0000,0x0000,0x0000,0x0000,0x0000,
//////////0x0000,0x0000,0x0000,0x0000,0x0000,0x0000,0x0000,0x0000,0x0000,0x0000,0x0000,0x0000,0x0000,0x0000,0x0000,0x0000,
//////////0x0000,0x0000,0x0000,0x0000,0x0000,0x0000,0x0000,0x0000,0x0000,0x0000,0x0000,0x0000,0x0000,0x0000,0x0000,0x0000,
//////////0x0000,0x0000,0x0000,0x0000,0x0000,0x0000,0x0000,0x0000,0x0000,0x0000,0x0000,0x0000,0x0000,0x0000,0x0000,0x0000,
//////////0x0000,0x0000,0x0000,0x0000,0x0000,0x0000,0x0000,0x0000,0x0000,0x0000,0x0000,0x0000,0x0000,0x0000,0x0000,0x0000,
//////////0x0000,0x0000,0x0000,0x0000,0x0000,0x0000,0x0000,0x0000,0x0000,0x0000,0x0000,0x0000,0x0000,0x0000,0x0000,0x0000,
//////////0x0000,0x0000,0x0000,0x0000,0x0000,0x0000,0x0000,0x0000,0x0000,0x0000,0x0000,0x0000,0x0000,0x0000,0x0000,0x0000,
//////////0x0000,0x0000,0x0000,0x0000,0x0000,0x0000,0x0000,0x0000,0x0000,0x0000,0x0000,0x0000,0x0000,0x0000,0x0000,0x0000,
//////////0x0000,0x0000,0x0000,0x0000,0x0000,0x0000,0x0000,0x0000,0x0000,0x0000,0x0000,0x0000,0x0000,0x0000,0x0000,0x0000,
//////////0x0000,0x0000,0x0000,0x0000,0x0000,0x0000,0x0000,0x0000
//////////};

//////////////////32：自减模式 ???????????
////////////////unsigned short const Thai_Font25_Pic_32[] = { 
////////////////156,56,
////////////////0x0000,0x0000,0x0000,0x0000,0x0000,0x0000,0x0000,0x0000,0x0000,0x0000,0x0000,0x0000,0x0000,0x0000,0x0000,0x0000,
////////////////0x0000,0x0000,0x0000,0x0000,0x0000,0x0000,0x0000,0x0000,0x0000,0x0000,0x0000,0x0000,0x0000,0x0000,0x0000,0x0000,
////////////////0x0000,0x0000,0x0000,0x0000,0x0000,0x0000,0x0000,0x0000,0x0000,0x0000,0x0000,0x0000,0x0000,0x0000,0x0000,0x0000,
////////////////0x0000,0x0000,0x0000,0x0000,0x0000,0x0000,0x0000,0x0000,0x0000,0x0000,0x0000,0x0000,0x0000,0x0000,0x0000,0x0000,
////////////////0x0000,0x0000,0x0000,0x0000,0x0000,0x0000,0x0000,0x0000,0x0000,0x0000,0x0000,0x0000,0x0000,0x0000,0x0000,0x0000,
////////////////0x0000,0x0000,0x0000,0x0000,0x0000,0x0000,0x0000,0x0000,0x0000,0x0000,0x00f8,0x0000,0x0000,0x0000,0x0000,0x0000,
////////////////0x0000,0x000f,0x801e,0x0000,0x018c,0x0000,0x0000,0x0000,0x0000,0x0000,0x0000,0x0018,0xc012,0x1800,0x0306,0x0000,
////////////////0x0000,0x0000,0x0000,0x0000,0x0000,0x0030,0x6012,0x1000,0x0302,0x0000,0x0000,0x0000,0x0000,0x0000,0x0000,0x0030,
////////////////0x201e,0x2000,0x0180,0x0000,0x0000,0x0000,0x0000,0x0000,0x0000,0x0018,0x0006,0x6000,0x00e0,0x0000,0x0000,0x0000,
////////////////0x0000,0x0000,0x0000,0x000e,0x000d,0x8000,0x0030,0x0000,0x0000,0x0000,0x0000,0x0000,0x0000,0x0003,0x001f,0x0000,
////////////////0x0030,0x0000,0x0000,0x0000,0x0000,0x0000,0x0000,0x0003,0x0000,0x0000,0x0030,0x0000,0x0000,0x0000,0x0000,0x0000,
////////////////0x0000,0x0003,0x0000,0x0000,0x0030,0x7078,0x7018,0x0f80,0x1f00,0x3e00,0xf801,0xf003,0x03ce,0x0000,0x0030,0x9048,
////////////////0xc818,0x1860,0x6180,0x6181,0x8603,0x0c03,0x0673,0x0000,0x0030,0x9848,0xc818,0x3030,0xc0c0,0xc0c3,0x0306,0x0603,
////////////////0x0621,0x0000,0x0030,0x9878,0xc818,0x6710,0x8461,0x9c46,0x010c,0x0203,0x0601,0x0000,0x0030,0x7830,0x7818,0x6490,
////////////////0x8e61,0x9246,0xf10d,0xe203,0x0601,0x0000,0x0030,0x1838,0x0818,0x6c91,0x9261,0xb244,0x9189,0x2303,0x0671,0x0000,
////////////////0x0030,0x1878,0x0818,0x6c91,0xb161,0xb244,0x9989,0x3303,0x06d9,0x0000,0x0030,0x18d8,0x0818,0x6790,0x2161,0x9e40,
////////////////0x9181,0x2303,0x0689,0x0000,0x0030,0x1998,0x0818,0x6310,0x60e1,0x8c40,0xf181,0xe303,0x06c9,0x0000,0x0030,0x1918,
////////////////0x3e18,0x6610,0x40a1,0x9840,0x8181,0x0303,0x0671,0x0000,0x003c,0x1b18,0x4b18,0x6c10,0x70e1,0xb040,0x8181,0x0303,
////////////////0xc661,0x0000,0x0036,0x1e18,0xc8d8,0x6810,0xc861,0xa040,0x8181,0x0303,0x66c1,0x0000,0x0022,0x1c18,0xc878,0x7810,
////////////////0xc861,0xe040,0x8181,0x0302,0x2781,0x0000,0x0036,0x1c18,0x6838,0x7010,0x4861,0xc040,0x8181,0x0303,0x6701,0x0000,
////////////////0x001c,0x1818,0x3818,0x6010,0x7061,0x8040,0xff81,0xff01,0xc601,0x0000,0x0000,0x0000,0x0000,0x0000,0x0000,0x0000,
////////////////0x0000,0x0000,0x0000,0x0000,0x0000,0x0000,0x0000,0x0000,0x0000,0x0000,0x0000,0x0000,0x0000,0x0000,0x0000,0x0000,
////////////////0x0000,0x0000,0x0000,0x0000,0x0000,0x0000,0x0000,0x0000,0x0000,0x0000,0x0000,0x0000,0x0000,0x0000,0x0000,0x0000,
////////////////0x0000,0x0000,0x0000,0x0000,0x0000,0x0000,0x0000,0x0000,0x0000,0x0000,0x0000,0x0000,0x0000,0x0000,0x0000,0x0000,
////////////////0x0000,0x0000,0x0000,0x0000,0x0000,0x0000,0x0000,0x0000,0x0000,0x0000,0x0000,0x0000,0x0000,0x0000,0x0000,0x0000,
////////////////0x0000,0x0000,0x0000,0x0000,0x0000,0x0000,0x0000,0x0000,0x0000,0x0000,0x0000,0x0000,0x0000,0x0000,0x0000,0x0000,
////////////////0x0000,0x0000,0x0000,0x0000,0x0000,0x0000,0x0000,0x0000,0x0000,0x0000,0x0000,0x0000,0x0000,0x0000,0x0000,0x0000,
////////////////0x0000,0x0000,0x0000,0x0000,0x0000,0x0000,0x0000,0x0000,0x0000,0x0000,0x0000,0x0000,0x0000,0x0000,0x0000,0x0000,
////////////////0x0000,0x0000,0x0000,0x0000,0x0000,0x0000,0x0000,0x0000,0x0000,0x0000,0x0000,0x0000,0x0000,0x0000,0x0000,0x0000,
////////////////0x0000,0x0000,0x0000,0x0000,0x0000,0x0000,0x0000,0x0000,0x0000,0x0000,0x0000,0x0000,0x0000,0x0000,0x0000,0x0000,
////////////////0x0000,0x0000,0x0000,0x0000,0x0000,0x0000,0x0000,0x0000,0x0000,0x0000,0x0000,0x0000,0x0000,0x0000,0x0000,0x0000,
////////////////0x0000,0x0000,0x0000,0x0000,0x0000,0x0000,0x0000,0x0000,0x0000,0x0000,0x0000,0x0000,0x0000,0x0000,0x0000,0x0000,
////////////////0x0000,0x0000,0x0000,0x0000,0x0000,0x0000,0x0000,0x0000,0x0000,0x0000,0x0000,0x0000,0x0000,0x0000,0x0000,0x0000,
////////////////0x0000,0x0000,0x0000,0x0000,0x0000,0x0000,0x0000,0x0000,0x0000,0x0000,0x0000,0x0000,0x0000,0x0000,0x0000,0x0000,
////////////////0x0000,0x0000,0x0000,0x0000,0x0000,0x0000,0x0000,0x0000,0x0000,0x0000,0x0000,0x0000,0x0000,0x0000,0x0000,0x0000,

////////////////};

//////////////////33：标记设定 ??????????????????
////////////////unsigned short const Thai_Font25_Pic_33[] = { 
////////////////192,56,
////////////////0x0001,0xc000,0x0000,0x0000,0x0000,0x0000,0x0000,0x0000,0x0000,0x0000,0x0000,0x0000,0x0002,0x4200,0x0000,0x0000,
////////////////0x0000,0x000c,0x0000,0x0000,0x0000,0x0000,0x0000,0x0000,0x0002,0x4600,0x0000,0x0000,0x0000,0x000c,0x0000,0x0000,
////////////////0x0000,0x0000,0x0000,0x0000,0x0001,0xc400,0x0000,0x0000,0x0000,0x000c,0x0000,0x0000,0x0000,0x0000,0x0000,0x0000,
////////////////0x0000,0xc800,0x0000,0x0000,0x0000,0x000c,0x0000,0x0000,0x0000,0x0000,0x0000,0x0000,0x0001,0xb000,0x0000,0x0000,
////////////////0x0000,0x000c,0x0000,0x0000,0x0000,0x0000,0x0000,0x0000,0x0001,0xe000,0x0000,0x0000,0x0000,0x0000,0x0000,0x0000,
////////////////0x0000,0x0000,0x0000,0x0000,0x0000,0x0000,0x0000,0x0000,0x0000,0x0000,0x0000,0x0000,0x0000,0x0000,0x0000,0x0000,
////////////////0x0000,0x0000,0x0000,0x0000,0x0000,0x002c,0x0000,0x0000,0x0000,0x0000,0x0000,0x0000,0x0000,0x0000,0x0000,0x0000,
////////////////0x0000,0x002c,0x0000,0x0000,0x0000,0x0000,0x0000,0x0000,0x0000,0x0000,0x0000,0x0000,0x0000,0x07ec,0x0000,0x0000,
////////////////0x0000,0x0000,0x0000,0x0000,0x0000,0x0080,0x0006,0x0000,0x0000,0x182c,0x0000,0x0000,0x0000,0x0000,0x0000,0x0000,
////////////////0x0001,0xe180,0x0006,0x0000,0x0000,0x301c,0x0000,0x0000,0x0000,0x0000,0x0000,0x0000,0x0001,0x2300,0x0006,0x0000,
////////////////0x0000,0x3fcc,0x0000,0x0000,0x0000,0x0000,0x0000,0x0000,0x0001,0x2e00,0x0006,0x0000,0x0000,0x0034,0x0000,0x0000,
////////////////0x0000,0x0000,0x0000,0x0000,0x0000,0xf800,0x0006,0x0000,0x0000,0x000c,0x0000,0x0000,0x0000,0x0000,0x0000,0x0000,
////////////////0x0000,0x0000,0x0000,0x0000,0x0000,0x0000,0x0000,0x0000,0x0000,0x0000,0x0000,0x0000,0x0000,0x0000,0x0000,0x0000,
////////////////0x0000,0x0000,0x0000,0x0000,0x0000,0x0000,0x0000,0x0000,0x0079,0xc01c,0x03e0,0x1f01,0x803e,0x00f0,0x1f00,0x0e0e,
////////////////0x0f0e,0x0307,0xc03c,0x3000,0x00ce,0x6024,0x0618,0x30c1,0x8061,0x830c,0x30c0,0x1212,0x0919,0x030c,0x3066,0x3000,
////////////////0x00c4,0x2026,0x0c0c,0x6041,0x80c0,0xc204,0x6060,0x1313,0x0919,0x0318,0x10e6,0x3000,0x00c0,0x2026,0x19c4,0x4061,
////////////////0x819c,0x4606,0xc020,0x1313,0x0f19,0x0310,0x18e6,0x3000,0x00c0,0x203e,0x1924,0x0061,0x8192,0x47f6,0xde20,0x1f0f,
////////////////0x060f,0x0300,0x18dc,0x3000,0x00ce,0x2006,0x1324,0x0061,0x8132,0x4030,0x9230,0x0303,0x0701,0x0300,0x18c0,0x3000,
////////////////0x00db,0x2606,0x1324,0x0061,0x8132,0x4030,0x9333,0x0303,0x0f01,0x0300,0x1860,0x3000,0x00d1,0x2306,0x13c4,0x0061,
////////////////0x813c,0x4030,0x1231,0x8303,0x1b01,0x0300,0x181e,0x3000,0x00d9,0x2186,0x1604,0x0061,0x8160,0x4030,0x1e30,0xc303,
////////////////0x3301,0x0300,0x1830,0x3000,0x00ce,0x20c6,0x1404,0x0061,0x8140,0x4030,0x1030,0x6303,0x2307,0xc300,0x1820,0x3000,
////////////////0x00cc,0x2066,0x1404,0x0061,0xf140,0x40f0,0x1030,0x3303,0x6309,0x6300,0x1820,0x3000,0x00d8,0x2036,0x1c04,0x0061,
////////////////0x91c0,0x4130,0x1030,0x1b03,0xc319,0x1b00,0x1820,0x3000,0x00f0,0x201e,0x1804,0x0061,0x9180,0x4130,0x1030,0x0f03,
////////////////0x8319,0x0f00,0x1820,0x3000,0x00e0,0x200e,0x1804,0x0060,0x9180,0x4130,0x1030,0x0703,0x830d,0x0700,0x1820,0x3000,
////////////////0x00c0,0x200e,0x1804,0x0060,0xf180,0x40e0,0x1ff0,0x0703,0x0307,0x0300,0x183f,0xf000,0x0000,0x0000,0x0000,0x0000,
////////////////0x0000,0x0000,0x0000,0x0000,0x0000,0x0000,0x0000,0x0000,0x0000,0x0000,0x0000,0x0000,0x0000,0x0000,0x0000,0x0000,
////////////////0x0000,0x0000,0x0000,0x0000,0x0000,0x0000,0x0000,0x0000,0x0000,0x0000,0x0000,0x0000,0x0000,0x0000,0x0000,0x0000,
////////////////0x0000,0x0000,0x0000,0x0000,0x0000,0x0000,0x0000,0x0000,0x0000,0x0000,0x0000,0x0000,0x0000,0x0000,0x0000,0x0000,
////////////////0x0000,0x0000,0x0000,0x0000,0x0000,0x0000,0x0000,0x0000,0x0000,0x0000,0x0000,0x0000,0x0000,0x0000,0x0000,0x0000,
////////////////0x0000,0x0000,0x0000,0x0000,0x0000,0x0000,0x0000,0x0000,0x0000,0x0000,0x0000,0x0000,0x0000,0x0000,0x0000,0x0000,
////////////////0x0000,0x0000,0x0000,0x0000,0x0000,0x0000,0x0000,0x0000,0x0000,0x0000,0x0000,0x0000,0x0000,0x0000,0x0000,0x0000,
////////////////0x0000,0x0000,0x0000,0x0000,0x0000,0x0000,0x0000,0x0000,0x0000,0x0000,0x0000,0x0000,0x0000,0x0000,0x0000,0x0000,
////////////////0x0000,0x0000,0x0000,0x0000,0x0000,0x0000,0x0000,0x0000,0x0000,0x0000,0x0000,0x0000,0x0000,0x0000,0x0000,0x0000,
////////////////0x0000,0x0000,0x0000,0x0000,0x0000,0x0000,0x0000,0x0000,0x0000,0x0000,0x0000,0x0000,0x0000,0x0000,0x0000,0x0000,
////////////////0x0000,0x0000,0x0000,0x0000,0x0000,0x0000,0x0000,0x0000,0x0000,0x0000,0x0000,0x0000,0x0000,0x0000,0x0000,0x0000,
////////////////0x0000,0x0000,0x0000,0x0000,0x0000,0x0000,0x0000,0x0000,0x0000,0x0000,0x0000,0x0000,0x0000,0x0000,0x0000,0x0000,
////////////////0x0000,0x0000,0x0000,0x0000,0x0000,0x0000,0x0000,0x0000,0x0000,0x0000,0x0000,0x0000,0x0000,0x0000,0x0000,0x0000,
////////////////0x0000,0x0000,0x0000,0x0000,0x0000,0x0000,0x0000,0x0000,0x0000,0x0000,0x0000,0x0000,0x0000,0x0000,0x0000,0x0000,
////////////////0x0000,0x0000,0x0000,0x0000,0x0000,0x0000,0x0000,0x0000,0x0000,0x0000,0x0000,0x0000,0x0000,0x0000,0x0000,0x0000,
////////////////0x0000,0x0000,0x0000,0x0000,0x0000,0x0000,0x0000,0x0000,0x0000,0x0000,0x0000,0x0000,0x0000,0x0000,0x0000,0x0000,
////////////////0x0000,0x0000,0x0000,0x0000,0x0000,0x0000,0x0000,0x0000,0x0000,0x0000,0x0000,0x0000,0x0000,0x0000,0x0000,0x0000,
////////////////0x0000,0x0000,0x0000,0x0000,0x0000,0x0000,0x0000,0x0000,0x0000,0x0000,0x0000,0x0000,0x0000,0x0000,0x0000,0x0000,

////////////////};

//////////////////34：再按 ?????
////////////////unsigned short const Thai_Font25_Pic_34[] = { 
////////////////71,56,
////////////////0x0000,0x0000,0x000e,0x0000,0x0000,0x0000,0x0000,0x0012,0x1000,0x0000,0x0000,0x0000,0x0012,0x3000,0x0000,0x0000,
////////////////0x0000,0x000e,0x2000,0x0000,0x0000,0x0000,0x0006,0x4000,0x0000,0x0000,0x0000,0x000d,0x8000,0x0000,0x0000,0x0000,
////////////////0x000f,0x0000,0x0000,0x0000,0x0000,0x0000,0x0000,0x0000,0x0000,0x0000,0x0000,0x0000,0x0000,0x0000,0x0000,0x0000,
////////////////0x0000,0x0000,0x0000,0x0000,0x0007,0x8000,0x0000,0x0000,0x0000,0x0004,0xc000,0x0000,0x0000,0x0000,0x000c,0x4000,
////////////////0x0000,0x0000,0x0000,0x0004,0xc000,0x0000,0x0000,0x0000,0x0007,0x8000,0x0000,0x0000,0x0000,0x0000,0x0000,0x0000,
////////////////0x0000,0x0000,0x0000,0x0000,0x0000,0x0000,0x0000,0x0001,0x0000,0x0000,0x003f,0x003e,0x0393,0x07c0,0x0000,0x00e1,
////////////////0xc061,0x86ee,0x0c30,0x0000,0x0180,0x40c0,0xc40e,0x1810,0x0000,0x0070,0x619c,0x479b,0x1018,0x0000,0x0060,0x6192,
////////////////0x4491,0x0018,0x0000,0x00c0,0x61b2,0x44f1,0x0018,0x0000,0x00c0,0x61b2,0x44b1,0x0018,0x0000,0x00c0,0x619e,0x43b1,
////////////////0x0018,0x0000,0x00c0,0x618c,0x4031,0x0018,0x0000,0x00c0,0x6198,0x4031,0x0018,0x0000,0x00c0,0x61b0,0x4031,0x0018,
////////////////0x0000,0x00c0,0x61a0,0x4031,0x0018,0x0000,0x00c0,0x61e0,0x4031,0x0018,0x0000,0x00c0,0x61c0,0x4031,0x0018,0x0000,
////////////////0x00c0,0x6180,0x407f,0x0018,0x0000,0x0000,0x0000,0x0000,0x0000,0x0000,0x0000,0x0000,0x0000,0x0000,0x0000,0x0000,
////////////////0x0000,0x0000,0x0000,0x0000,0x0000,0x0000,0x0000,0x0000,0x0000,0x0000,0x0000,0x0000,0x0000,0x0000,0x0000,0x0000,
////////////////0x0000,0x0000,0x0000,0x0000,0x0000,0x0000,0x0000,0x0000,0x0000,0x0000,0x0000,0x0000,0x0000,0x0000,0x0000,0x0000,
////////////////0x0000,0x0000,0x0000,0x0000,0x0000,0x0000,0x0000,0x0000,0x0000,0x0000,0x0000,0x0000,0x0000,0x0000,0x0000,0x0000,
////////////////0x0000,0x0000,0x0000,0x0000,0x0000,0x0000,0x0000,0x0000,0x0000,0x0000,0x0000,0x0000,0x0000,0x0000,0x0000,0x0000,
////////////////0x0000,0x0000,0x0000,0x0000,0x0000,0x0000,0x0000,0x0000,0x0000,0x0000,0x0000,0x0000,0x0000,0x0000,0x0000,0x0000,
////////////////0x0000,0x0000,0x0000,0x0000,0x0000,0x0000,0x0000,0x0000,0x0000,0x0000,0x0000,0x0000,0x0000,0x0000,0x0000,0x0000,
////////////////0x0000,0x0000,0x0000,0x0000,0x0000,0x0000,0x0000,0x0000
////////////////};

//////////////////35：退出 ???
////////////////unsigned short const Thai_Font25_Pic_35[] = { 
////////////////57,56,
////////////////0x0000,0x0000,0x0000,0x0000,0x0000,0x0000,0x0000,0x0000,0x0000,0x0000,0x0000,0x0000,0x0000,0x0000,0x0000,0x0000,
////////////////0x0000,0x0000,0x0000,0x0000,0x0000,0x0000,0x0000,0x0000,0x0000,0x0000,0x0000,0x0000,0x0000,0x0000,0x0000,0x0000,
////////////////0x0000,0x0000,0x0000,0x0000,0x0000,0x0000,0x0000,0x0000,0x0000,0x0000,0x0000,0x0000,0x0000,0x0000,0x0000,0x0000,
////////////////0x0000,0x0000,0x0000,0x0000,0x0000,0x0000,0x0000,0x0000,0x0000,0x0000,0x0000,0x0000,0x0000,0x0000,0x0000,0x0000,
////////////////0x0000,0x0000,0x0000,0x0000,0x0000,0x0000,0x0000,0x0000,0x003e,0x007c,0x00fc,0x0000,0x0061,0x80c3,0x0387,0x0000,
////////////////0x00c0,0xc181,0x8601,0x0000,0x0180,0x4300,0x81c1,0x8000,0x01bc,0x4378,0x8181,0x8000,0x0124,0x6248,0xc301,0x8000,
////////////////0x0126,0x624c,0xc301,0x8000,0x0024,0x6048,0xc301,0x8000,0x003c,0x6078,0xc301,0x8000,0x0020,0x6040,0xc301,0x8000,
////////////////0x0020,0x6040,0xc301,0x8000,0x0020,0x6040,0xc301,0x8000,0x0020,0x6040,0xc301,0x8000,0x0020,0x6040,0xc301,0x8000,
////////////////0x003f,0xe07f,0xc301,0x8000,0x0000,0x0000,0x0000,0x0000,0x0000,0x0000,0x0000,0x0000,0x0000,0x0000,0x0000,0x0000,
////////////////0x0000,0x0000,0x0000,0x0000,0x0000,0x0000,0x0000,0x0000,0x0000,0x0000,0x0000,0x0000,0x0000,0x0000,0x0000,0x0000,
////////////////0x0000,0x0000,0x0000,0x0000,0x0000,0x0000,0x0000,0x0000,0x0000,0x0000,0x0000,0x0000,0x0000,0x0000,0x0000,0x0000,
////////////////0x0000,0x0000,0x0000,0x0000,0x0000,0x0000,0x0000,0x0000,0x0000,0x0000,0x0000,0x0000,0x0000,0x0000,0x0000,0x0000,
////////////////0x0000,0x0000,0x0000,0x0000,0x0000,0x0000,0x0000,0x0000,0x0000,0x0000,0x0000,0x0000,0x0000,0x0000,0x0000,0x0000,
////////////////0x0000,0x0000,0x0000,0x0000,0x0000,0x0000,0x0000,0x0000,0x0000,0x0000,0x0000,0x0000,0x0000,0x0000,0x0000,0x0000,

////////////////};

//////////////////36：前极限 ?????????
////////////////unsigned short const Thai_Font25_Pic_36[] = { 
////////////////106,56,
////////////////0x0000,0x0000,0x0000,0x0000,0x0000,0x0000,0x0000,0x0000,0x0000,0x0000,0x0000,0x0000,0x0000,0x0000,0x0000,0x0000,
////////////////0x0000,0x0000,0x0000,0x0000,0x0000,0x0000,0x0000,0x0000,0x0000,0x0000,0x0000,0x0000,0x0000,0x0000,0x0000,0x0000,
////////////////0x0000,0x0000,0x0000,0x0000,0x0000,0x0000,0x0000,0x0000,0x0000,0x0000,0x0000,0x0000,0x0000,0x0000,0x0000,0x0000,
////////////////0x0000,0x0000,0x0000,0x0000,0x0000,0x0000,0x0000,0x0000,0x0000,0x0000,0x0000,0x0000,0x0000,0x0000,0x0000,0x0000,
////////////////0x0000,0x0000,0x0000,0x000f,0x0000,0x0000,0x003e,0x003e,0x0000,0x0000,0x0009,0x0c00,0x0000,0x00c1,0x80c1,0x8000,
////////////////0x0000,0x0009,0x0800,0x0000,0x0180,0xc180,0xc000,0x0000,0x000f,0x1000,0x0000,0x01fe,0x41fe,0x4000,0x0000,0x0003,
////////////////0x3000,0x0000,0x0001,0xa001,0xa000,0x0000,0x0006,0xc000,0x0000,0x0000,0x6000,0x6000,0x0000,0x000f,0x8000,0x0000,
////////////////0x0000,0x0000,0x0000,0x0000,0x0000,0x0000,0x0000,0x0000,0x0000,0x0000,0x0000,0x0000,0x0000,0x0000,0x001f,0x01c0,
////////////////0x60f3,0x8383,0xc380,0xc1f0,0x0000,0x0061,0x8320,0x619c,0xc482,0x44c0,0xc30c,0x0000,0x00c0,0xc320,0x6188,0x44c2,
////////////////0x44c0,0xc604,0x0000,0x0084,0x6320,0x6180,0x44c3,0xc4c0,0xc406,0x0000,0x008e,0x61e0,0x6180,0x43c1,0x83c0,0xc006,
////////////////0x0000,0x0192,0x6020,0x619c,0x40c1,0xc0c0,0xc006,0x0000,0x01b1,0x6020,0x61b6,0x40c3,0xc0c0,0xc006,0x0000,0x0021,
////////////////0x6020,0x61a2,0x40c6,0xc0c0,0xc006,0x0000,0x0060,0xe020,0x61b2,0x40cc,0xc0c0,0xc006,0x0000,0x0040,0xa0f8,0x619c,
////////////////0x40c8,0xc0c0,0xc006,0x0000,0x0070,0xe12c,0x6198,0x40d8,0xc0c3,0xc006,0x0000,0x00c8,0x6323,0x61b0,0x40f0,0xc0ce,
////////////////0x2006,0x0000,0x00c8,0x6321,0xe1e0,0x40e0,0xc0d2,0x3006,0x0000,0x0048,0x61a0,0xe1c0,0x40e0,0xc0e2,0x2006,0x0000,
////////////////0x0070,0x60e0,0x6180,0x40c0,0xc0c1,0xe006,0x0000,0x0000,0x0000,0x0000,0x0000,0x0000,0x0000,0x0000,0x0000,0x0000,
////////////////0x0000,0x0000,0x0000,0x0000,0x0000,0x0000,0x0000,0x0000,0x0000,0x0000,0x0000,0x0000,0x0000,0x0000,0x0000,0x0000,
////////////////0x0000,0x0000,0x0000,0x0000,0x0000,0x0000,0x0000,0x0000,0x0000,0x0000,0x0000,0x0000,0x0000,0x0000,0x0000,0x0000,
////////////////0x0000,0x0000,0x0000,0x0000,0x0000,0x0000,0x0000,0x0000,0x0000,0x0000,0x0000,0x0000,0x0000,0x0000,0x0000,0x0000,
////////////////0x0000,0x0000,0x0000,0x0000,0x0000,0x0000,0x0000,0x0000,0x0000,0x0000,0x0000,0x0000,0x0000,0x0000,0x0000,0x0000,
////////////////0x0000,0x0000,0x0000,0x0000,0x0000,0x0000,0x0000,0x0000,0x0000,0x0000,0x0000,0x0000,0x0000,0x0000,0x0000,0x0000,
////////////////0x0000,0x0000,0x0000,0x0000,0x0000,0x0000,0x0000,0x0000,0x0000,0x0000,0x0000,0x0000,0x0000,0x0000,0x0000,0x0000,
////////////////0x0000,0x0000,0x0000,0x0000,0x0000,0x0000,0x0000,0x0000,0x0000,0x0000,0x0000,0x0000,0x0000,0x0000,0x0000,0x0000,
////////////////0x0000,0x0000,0x0000,0x0000,0x0000,0x0000,0x0000,0x0000,0x0000,0x0000,0x0000,0x0000,0x0000,0x0000,0x0000,0x0000,
////////////////0x0000,0x0000,0x0000,0x0000,0x0000,0x0000,0x0000,0x0000,0x0000,0x0000,0x0000,0x0000,0x0000,0x0000,0x0000,0x0000,
////////////////0x0000,0x0000,0x0000,0x0000,0x0000,0x0000,0x0000,0x0000
////////////////};

//////////////////37：中极限 ?????????
////////////////unsigned short const Thai_Font25_Pic_37[] = { 
////////////////115,56,
////////////////0x0000,0x0000,0x0000,0x0000,0x0000,0x0000,0x0000,0x0000,0x0000,0x0000,0x0000,0x0000,0x0000,0x0000,0x0000,0x0000,
////////////////0x0000,0x0000,0x0000,0x0000,0x0000,0x0000,0x0000,0x0000,0x0000,0x0000,0x0000,0x0000,0x0000,0x0000,0x0000,0x0000,
////////////////0x0000,0x0000,0x0000,0x0000,0x0000,0x0000,0x0000,0x0000,0x0000,0x0000,0x0000,0x0000,0x0000,0x0000,0x0000,0x0000,
////////////////0x0000,0x0000,0x0000,0x0000,0x0000,0x0000,0x0000,0x0000,0x0000,0x0000,0x0000,0x0000,0x0000,0x0000,0x0000,0x0000,
////////////////0x0000,0x0000,0x0000,0x0000,0x0000,0x0000,0x0000,0x0000,0x0000,0x0000,0x0000,0x0000,0x0000,0x0000,0x0000,0x0000,
////////////////0x003e,0x003e,0x0000,0x0000,0x0000,0x0000,0x0000,0x0000,0x00c1,0x80c1,0x8000,0x0000,0x0000,0x0000,0x0000,0x0000,
////////////////0x0180,0xc180,0xc000,0x0000,0x0000,0x0000,0x0000,0x0000,0x01fe,0x41fe,0x4000,0x0000,0x0000,0x0000,0x0000,0x0000,
////////////////0x0001,0xa001,0xa000,0x0000,0x0000,0x0000,0x0000,0x0000,0x0000,0x6000,0x6000,0x0000,0x0000,0x0000,0x0000,0x0000,
////////////////0x0000,0x0000,0x0000,0x0000,0x0000,0x0000,0x0000,0x0000,0x0000,0x0000,0x0000,0x0000,0x0000,0x0000,0x0000,0x0000,
////////////////0x001f,0x01c0,0x60f3,0x80fc,0x00f8,0x07c0,0x0700,0x0000,0x0061,0x8320,0x619c,0xc387,0x030c,0x0c30,0x0900,0x0000,
////////////////0x00c0,0xc320,0x6188,0x4601,0x0606,0x1810,0x0980,0x0000,0x0084,0x6320,0x6180,0x41c1,0x8423,0x1018,0x0980,0x0000,
////////////////0x008e,0x61e0,0x6180,0x4181,0x8473,0x0018,0x0f80,0x0000,0x0192,0x6020,0x619c,0x4301,0x8c93,0x0018,0x0180,0x0000,
////////////////0x01b1,0x6020,0x61b6,0x4301,0x8d8b,0x0019,0x8180,0x0000,0x0021,0x6020,0x61a2,0x4301,0x810b,0x0018,0xc180,0x0000,
////////////////0x0060,0xe020,0x61b2,0x4301,0x8307,0x0018,0x6180,0x0000,0x0040,0xa0f8,0x619c,0x4301,0x8205,0x0018,0x3180,0x0000,
////////////////0x0070,0xe12c,0x6198,0x4301,0x8387,0x0018,0x1980,0x0000,0x00c8,0x6323,0x61b0,0x4301,0x8643,0x0018,0x0d80,0x0000,
////////////////0x00c8,0x6321,0xe1e0,0x4301,0x8643,0x0018,0x0780,0x0000,0x0048,0x61a0,0xe1c0,0x4301,0x8243,0x0018,0x0380,0x0000,
////////////////0x0070,0x60e0,0x6180,0x4301,0x8383,0x0018,0x0380,0x0000,0x0000,0x0000,0x0000,0x0000,0x0000,0x0000,0x0000,0x0000,
////////////////0x0000,0x0000,0x0000,0x0000,0x0000,0x0000,0x0000,0x0000,0x0000,0x0000,0x0000,0x0000,0x0000,0x0000,0x0000,0x0000,
////////////////0x0000,0x0000,0x0000,0x0000,0x0000,0x0000,0x0000,0x0000,0x0000,0x0000,0x0000,0x0000,0x0000,0x0000,0x0000,0x0000,
////////////////0x0000,0x0000,0x0000,0x0000,0x0000,0x0000,0x0000,0x0000,0x0000,0x0000,0x0000,0x0000,0x0000,0x0000,0x0000,0x0000,
////////////////0x0000,0x0000,0x0000,0x0000,0x0000,0x0000,0x0000,0x0000,0x0000,0x0000,0x0000,0x0000,0x0000,0x0000,0x0000,0x0000,
////////////////0x0000,0x0000,0x0000,0x0000,0x0000,0x0000,0x0000,0x0000,0x0000,0x0000,0x0000,0x0000,0x0000,0x0000,0x0000,0x0000,
////////////////0x0000,0x0000,0x0000,0x0000,0x0000,0x0000,0x0000,0x0000,0x0000,0x0000,0x0000,0x0000,0x0000,0x0000,0x0000,0x0000,
////////////////0x0000,0x0000,0x0000,0x0000,0x0000,0x0000,0x0000,0x0000,0x0000,0x0000,0x0000,0x0000,0x0000,0x0000,0x0000,0x0000,
////////////////0x0000,0x0000,0x0000,0x0000,0x0000,0x0000,0x0000,0x0000,0x0000,0x0000,0x0000,0x0000,0x0000,0x0000,0x0000,0x0000,
////////////////0x0000,0x0000,0x0000,0x0000,0x0000,0x0000,0x0000,0x0000,0x0000,0x0000,0x0000,0x0000,0x0000,0x0000,0x0000,0x0000,
////////////////0x0000,0x0000,0x0000,0x0000,0x0000,0x0000,0x0000,0x0000,0x0000,0x0000,0x0000,0x0000,0x0000,0x0000,0x0000,0x0000,
////////////////0x0000,0x0000,0x0000,0x0000,0x0000,0x0000,0x0000,0x0000,0x0000,0x0000,0x0000,0x0000,0x0000,0x0000,0x0000,0x0000,

////////////////};

//////////////////38：后极限 ?????????
////////////////unsigned short const Thai_Font25_Pic_38[] = { 
////////////////103,56,
////////////////0x0000,0x0000,0x0000,0x0000,0x0000,0x0000,0x0000,0x0000,0x0000,0x0000,0x0000,0x0000,0x0000,0x0000,0x0000,0x0000,
////////////////0x0000,0x0000,0x0000,0x0000,0x0000,0x0000,0x0000,0x0000,0x0000,0x0000,0x0000,0x0000,0x0000,0x0000,0x0000,0x0000,
////////////////0x0000,0x0000,0x0000,0x0000,0x0000,0x0000,0x0000,0x0000,0x0000,0x0000,0x0000,0x0000,0x0000,0x0000,0x0000,0x0000,
////////////////0x0000,0x0000,0x0000,0x0000,0x0000,0x0000,0x0000,0x0000,0x0000,0x0000,0x0000,0x0000,0x0000,0x0000,0x0000,0x0000,
////////////////0x0000,0x0000,0x0000,0x0000,0x0000,0x0000,0x003e,0x003e,0x0000,0x0000,0x0000,0x0000,0x0000,0x00c1,0x80c1,0x8000,
////////////////0x0000,0x0000,0x0400,0x0000,0x0180,0xc180,0xc000,0x0000,0x000f,0x0c00,0x0000,0x01fe,0x41fe,0x4000,0x0000,0x0009,
////////////////0x1800,0x0000,0x0001,0xa001,0xa000,0x0000,0x0009,0x7000,0x0000,0x0000,0x6000,0x6000,0x0000,0x0007,0xc000,0x0000,
////////////////0x0000,0x0000,0x0000,0x0000,0x0000,0x0000,0x0000,0x0000,0x0000,0x0000,0x0000,0x0000,0x0000,0x0000,0x001f,0x01c0,
////////////////0x60f3,0x8383,0xc07c,0x0070,0x0000,0x0061,0x8320,0x619c,0xc482,0x4186,0x0090,0x0000,0x00c0,0xc320,0x6188,0x44c2,
////////////////0x4303,0x0098,0x0000,0x0084,0x6320,0x6180,0x44c3,0xc211,0x8098,0x0000,0x008e,0x61e0,0x6180,0x43c1,0x8239,0x80f8,
////////////////0x0000,0x0192,0x6020,0x619c,0x40c1,0xc649,0x8018,0x0000,0x01b1,0x6020,0x61b6,0x40c3,0xc6c5,0x9818,0x0000,0x0021,
////////////////0x6020,0x61a2,0x40c6,0xc085,0x8c18,0x0000,0x0060,0xe020,0x61b2,0x40cc,0xc183,0x8618,0x0000,0x0040,0xa0f8,0x619c,
////////////////0x40c8,0xc102,0x8318,0x0000,0x0070,0xe12c,0x6198,0x40d8,0xc1c3,0x8198,0x0000,0x00c8,0x6323,0x61b0,0x40f0,0xc321,
////////////////0x80d8,0x0000,0x00c8,0x6321,0xe1e0,0x40e0,0xc321,0x8078,0x0000,0x0048,0x61a0,0xe1c0,0x40e0,0xc121,0x8038,0x0000,
////////////////0x0070,0x60e0,0x6180,0x40c0,0xc1c1,0x8038,0x0000,0x0000,0x0000,0x0000,0x0000,0x0000,0x0000,0x0000,0x0000,0x0000,
////////////////0x0000,0x0000,0x0000,0x0000,0x0000,0x0000,0x0000,0x0000,0x0000,0x0000,0x0000,0x0000,0x0000,0x0000,0x0000,0x0000,
////////////////0x0000,0x0000,0x0000,0x0000,0x0000,0x0000,0x0000,0x0000,0x0000,0x0000,0x0000,0x0000,0x0000,0x0000,0x0000,0x0000,
////////////////0x0000,0x0000,0x0000,0x0000,0x0000,0x0000,0x0000,0x0000,0x0000,0x0000,0x0000,0x0000,0x0000,0x0000,0x0000,0x0000,
////////////////0x0000,0x0000,0x0000,0x0000,0x0000,0x0000,0x0000,0x0000,0x0000,0x0000,0x0000,0x0000,0x0000,0x0000,0x0000,0x0000,
////////////////0x0000,0x0000,0x0000,0x0000,0x0000,0x0000,0x0000,0x0000,0x0000,0x0000,0x0000,0x0000,0x0000,0x0000,0x0000,0x0000,
////////////////0x0000,0x0000,0x0000,0x0000,0x0000,0x0000,0x0000,0x0000,0x0000,0x0000,0x0000,0x0000,0x0000,0x0000,0x0000,0x0000,
////////////////0x0000,0x0000,0x0000,0x0000,0x0000,0x0000,0x0000,0x0000,0x0000,0x0000,0x0000,0x0000,0x0000,0x0000,0x0000,0x0000,
////////////////0x0000,0x0000,0x0000,0x0000,0x0000,0x0000,0x0000,0x0000,0x0000,0x0000,0x0000,0x0000,0x0000,0x0000,0x0000,0x0000,
////////////////0x0000,0x0000,0x0000,0x0000,0x0000,0x0000,0x0000,0x0000,0x0000,0x0000,0x0000,0x0000,0x0000,0x0000,0x0000,0x0000,
////////////////0x0000,0x0000,0x0000,0x0000,0x0000,0x0000,0x0000,0x0000
////////////////};

//////////////////39：语言 ????
////////////////unsigned short const Thai_Font25_Pic_39[] = { 
////////////////73,56,
////////////////0x0000,0x0000,0x0000,0x0000,0x0000,0x0000,0x0000,0x0000,0x0000,0x0000,0x0000,0x0000,0x0000,0x0000,0x0000,0x0000,
////////////////0x0000,0x0000,0x0000,0x0000,0x0000,0x0000,0x0000,0x0000,0x0000,0x0000,0x0000,0x0000,0x0000,0x0000,0x0000,0x0000,
////////////////0x0000,0x0000,0x0000,0x0000,0x0000,0x0000,0x0000,0x0000,0x0000,0x0000,0x0000,0x0000,0x0000,0x0000,0x0000,0x0000,
////////////////0x0000,0x0000,0x0000,0x0000,0x0000,0x0000,0x0000,0x0000,0x0000,0x0000,0x0000,0x0000,0x0000,0x0000,0x0000,0x0000,
////////////////0x0000,0x0000,0x0000,0x0000,0x0000,0x0000,0x0000,0x0000,0x0000,0x0000,0x0000,0x0000,0x0000,0x0000,0x0000,0x0000,
////////////////0x0000,0x0000,0x0000,0x0000,0x0000,0x0000,0x0000,0x0000,0x0000,0x0000,0x000f,0xc07c,0x0700,0x80f8,0x0000,0x0030,
////////////////0x60c3,0x0980,0x8186,0x0000,0x0060,0x3181,0x0980,0x8302,0x0000,0x001c,0x1101,0x8980,0x8203,0x0000,0x0030,0x1001,
////////////////0x8780,0x8003,0x0000,0x0030,0x1001,0x819c,0x9803,0x0000,0x0020,0x1001,0x81a6,0xa003,0x0000,0x0020,0x1001,0x81a5,
////////////////0xc003,0x0000,0x0020,0x1001,0x819f,0x8003,0x0000,0x0020,0x1001,0x8180,0x8003,0x0000,0x01e0,0x1001,0x8180,0x8003,
////////////////0x0000,0x0120,0x1001,0x8180,0x8003,0x0000,0x0320,0x1001,0x8180,0x8003,0x0000,0x0120,0x1001,0x8180,0x8003,0x0000,
////////////////0x01e0,0x1001,0x87ff,0x8003,0x0000,0x0000,0x0000,0x0000,0x0000,0x0000,0x0000,0x0000,0x0000,0x0000,0x0000,0x0000,
////////////////0x0000,0x0000,0x0000,0x0000,0x0000,0x0000,0x0000,0x0000,0x0000,0x0000,0x0000,0x0000,0x0000,0x0000,0x0000,0x0000,
////////////////0x0000,0x0000,0x0000,0x0000,0x0000,0x0000,0x0000,0x0000,0x0000,0x0000,0x0000,0x0000,0x0000,0x0000,0x0000,0x0000,
////////////////0x0000,0x0000,0x0000,0x0000,0x0000,0x0000,0x0000,0x0000,0x0000,0x0000,0x0000,0x0000,0x0000,0x0000,0x0000,0x0000,
////////////////0x0000,0x0000,0x0000,0x0000,0x0000,0x0000,0x0000,0x0000,0x0000,0x0000,0x0000,0x0000,0x0000,0x0000,0x0000,0x0000,
////////////////0x0000,0x0000,0x0000,0x0000,0x0000,0x0000,0x0000,0x0000,0x0000,0x0000,0x0000,0x0000,0x0000,0x0000,0x0000,0x0000,
////////////////0x0000,0x0000,0x0000,0x0000,0x0000,0x0000,0x0000,0x0000,0x0000,0x0000,0x0000,0x0000,0x0000,0x0000,0x0000,0x0000,
////////////////0x0000,0x0000,0x0000,0x0000,0x0000,0x0000,0x0000,0x0000
////////////////};

//////////////////40：单位 ?????
////////////////unsigned short const Thai_Font25_Pic_40[] = { 
////////////////73,56,
////////////////0x0000,0x0000,0x0000,0x0000,0x0000,0x0000,0x0000,0x0000,0x0000,0x0000,0x0000,0x0000,0x0000,0x0000,0x0000,0x0000,
////////////////0x0000,0x0000,0x0000,0x0000,0x0000,0x0000,0x0000,0x0000,0x0000,0x0000,0x0000,0x0000,0x0000,0x0000,0x0000,0x0000,
////////////////0x0000,0x0000,0x0000,0x0000,0x0000,0x0000,0x0000,0x0000,0x0000,0x0000,0x0000,0x0000,0x0000,0x0000,0x0000,0x0000,
////////////////0x0000,0x0000,0x0000,0x0000,0x0000,0x0000,0x0000,0x0000,0x0000,0x3000,0x0000,0x0000,0x0000,0x0000,0x3000,0x0000,
////////////////0x0000,0x0000,0x0000,0x3000,0x0000,0x0000,0x0000,0x0000,0x3000,0x0000,0x0000,0x0000,0x0000,0x3000,0x0000,0x0000,
////////////////0x0000,0x0000,0x0000,0x0000,0x0000,0x0000,0x0000,0x0000,0x0000,0x0000,0x00e0,0xf0e0,0x303c,0x03c3,0x0000,0x0120,
////////////////0x9130,0x30c3,0x0663,0x0000,0x0130,0x9130,0x3081,0x0e63,0x0000,0x0130,0xf130,0x3181,0x8e63,0x0000,0x00f0,0x60f0,
////////////////0x3181,0x8dc3,0x0000,0x0030,0x7030,0x3181,0x8c03,0x0000,0x0030,0xf030,0x3181,0x8603,0x0000,0x0031,0xb030,0x3001,
////////////////0x81e3,0x0000,0x0033,0x3030,0x3001,0x8303,0x0000,0x0032,0x3030,0x3001,0x8203,0x0000,0x0036,0x3030,0xf007,0x8203,
////////////////0x0000,0x003c,0x3033,0x880d,0x8203,0x0000,0x0038,0x3034,0x8c09,0x8203,0x0000,0x0038,0x3038,0x880d,0x8203,0x0000,
////////////////0x0030,0x3030,0x7807,0x03ff,0x0000,0x0000,0x0000,0x0000,0x0000,0x0000,0x0000,0x0000,0x0000,0x0000,0x0000,0x0000,
////////////////0x0000,0x0000,0x0000,0x0000,0x0000,0x0000,0x0000,0x0000,0x0000,0x0000,0x0000,0x0000,0x0000,0x0000,0x0000,0x0000,
////////////////0x0000,0x0000,0x0000,0x0000,0x0000,0x0000,0x0000,0x0000,0x0000,0x0000,0x0000,0x0000,0x0000,0x0000,0x0000,0x0000,
////////////////0x0000,0x0000,0x0000,0x0000,0x0000,0x0000,0x0000,0x0000,0x0000,0x0000,0x0000,0x0000,0x0000,0x0000,0x0000,0x0000,
////////////////0x0000,0x0000,0x0000,0x0000,0x0000,0x0000,0x0000,0x0000,0x0000,0x0000,0x0000,0x0000,0x0000,0x0000,0x0000,0x0000,
////////////////0x0000,0x0000,0x0000,0x0000,0x0000,0x0000,0x0000,0x0000,0x0000,0x0000,0x0000,0x0000,0x0000,0x0000,0x0000,0x0000,
////////////////0x0000,0x0000,0x0000,0x0000,0x0000,0x0000,0x0000,0x0000,0x0000,0x0000,0x0000,0x0000,0x0000,0x0000,0x0000,0x0000,
////////////////0x0000,0x0000,0x0000,0x0000,0x0000,0x0000,0x0000,0x0000
////////////////};

//////////////////41：提前量 
////////////////unsigned short const Thai_Font25_Pic_41[] = { 
////////////////214,56,
////////////////0x0000,0x0000,0x0000,0x0000,0x0000,0x1000,0x0000,0x0000,0x0004,0x0000,0x0000,0x0000,0x0000,0x0000,0x0000,0x0000,
////////////////0x0000,0x0000,0x0000,0x1c00,0x0000,0x0001,0x8006,0x0000,0x0800,0x0080,0x0000,0x0000,0x0000,0x0000,0x0000,0x0000,
////////////////0x0000,0x1c06,0x0070,0x0000,0xc00f,0x0000,0x0fff,0xffc0,0x0000,0x0000,0x0000,0x0000,0x0000,0x0000,0x0000,0x1807,
////////////////0xfff8,0x0000,0xe00e,0x0000,0x0c00,0x01c0,0x0000,0x0000,0x0000,0x0000,0x0000,0x0000,0x0000,0x1807,0x0070,0x0000,
////////////////0x701c,0x0000,0x0c00,0x01c0,0x0000,0x0000,0x0000,0x0000,0x0000,0x0000,0x0000,0x1807,0x0070,0x0000,0x7018,0x0000,
////////////////0x0c00,0x01c0,0x0000,0x0000,0x0000,0x0000,0x0000,0x0000,0x0000,0x1807,0x0070,0x0000,0x7030,0x0600,0x0fff,0xffc0,
////////////////0x0000,0x0000,0x0000,0x0000,0x0000,0x0000,0x0000,0x1807,0x0070,0x0000,0x2020,0x0f00,0x0c00,0x01c0,0x0000,0x0000,
////////////////0x0000,0x0000,0x0000,0x0000,0x0000,0x18c7,0xfff0,0x07ff,0xffff,0xff80,0x0c00,0x01c0,0x0000,0x0000,0x0000,0x0000,
////////////////0x0000,0x0000,0x0007,0xffe7,0x0070,0x0000,0x0000,0x0000,0x0fff,0xffc0,0x0000,0x0000,0x0000,0x0000,0x0000,0x0000,
////////////////0x0000,0x1807,0x0070,0x0000,0x0000,0x0000,0x0c00,0x01c0,0x0000,0x0000,0x0000,0x0000,0x0000,0x0000,0x0000,0x1807,
////////////////0x0070,0x0000,0x0000,0x6000,0x0c00,0x0002,0x0000,0x0000,0x0000,0x0000,0x0000,0x0000,0x0000,0x1807,0x0070,0x0060,
////////////////0x1800,0x7800,0x0000,0x0007,0x0000,0x0000,0x0000,0x0000,0x0000,0x0000,0x0000,0x1807,0x0070,0x007f,0xfc10,0x3007,
////////////////0xffff,0xffff,0x8000,0x0000,0x0000,0x0000,0x0000,0x0000,0x0000,0x1807,0xfff0,0x0070,0x181c,0x3000,0x0000,0x0000,
////////////////0x0000,0x0000,0x0000,0x0000,0x0000,0x0000,0x0000,0x1867,0x0070,0x0070,0x1818,0x3000,0x0000,0x0000,0x0000,0x0000,
////////////////0x0003,0x0018,0x0000,0x0000,0x0000,0x1986,0x0000,0x0070,0x1818,0x3000,0x1800,0x00c0,0x0000,0x0000,0x0003,0x0038,
////////////////0x0000,0x0000,0x0000,0x1f00,0x0002,0x0070,0x1818,0x3000,0x1fff,0xffe0,0x0000,0x0000,0x0007,0x0078,0x0000,0x0000,
////////////////0x0000,0x1c00,0x0007,0x0070,0x1818,0x3000,0x1c03,0x00c0,0x0000,0x0000,0x000f,0x0198,0x0000,0x0000,0x0000,0xf8ff,
////////////////0xffff,0x807f,0xf818,0x3000,0x1c03,0x00c0,0x0000,0x0000,0x000b,0x0118,0x00f0,0x0000,0x0003,0xf800,0x0c00,0x0070,
////////////////0x1818,0x3000,0x0c03,0x00c0,0x0000,0x0000,0x0013,0x0018,0x01f8,0x0000,0x0007,0x9800,0x0c00,0x0070,0x1818,0x3000,
////////////////0x0fff,0xffc0,0x0000,0x0000,0x0033,0x0018,0x01f8,0x0000,0x0003,0x180c,0x0c00,0x0070,0x1818,0x3000,0x0c03,0x00c0,
////////////////0x0000,0x0000,0x0063,0x0018,0x01f8,0x0000,0x0000,0x180e,0x0c00,0x0070,0x1818,0x3000,0x1c03,0x00c0,0x0000,0x0000,
////////////////0x0043,0x0018,0x00f0,0x0000,0x0000,0x180c,0x0c0c,0x0070,0x1818,0x3000,0x1c03,0x00c0,0x0000,0x0000,0x00c3,0x0018,
////////////////0x0000,0x0000,0x0000,0x181c,0x0ffe,0x007f,0xf818,0x3000,0x1fff,0xffc0,0x0000,0x0000,0x0183,0x0018,0x0000,0x0000,
////////////////0x0000,0x1818,0x0c00,0x0070,0x1818,0x3000,0x1c03,0x00c0,0x0000,0x0000,0x0103,0x0018,0x0000,0x0000,0x0000,0x181c,
////////////////0x0c00,0x0070,0x1818,0x3000,0x0003,0x0000,0x0000,0x0000,0x03ff,0xc018,0x0000,0x0000,0x0000,0x1832,0x0c00,0x0070,
////////////////0x1818,0x3000,0x0003,0x0070,0x0000,0x0000,0x0003,0x0018,0x00f0,0x0000,0x0000,0x1833,0x0c00,0x0070,0x1818,0x3000,
////////////////0x7fff,0xfff8,0x0000,0x0000,0x0003,0x0018,0x01f8,0x0000,0x0000,0x1861,0x8c00,0x0070,0x1810,0x3000,0x0003,0x0000,
////////////////0x0000,0x0000,0x0003,0x0018,0x01f8,0x0000,0x0000,0x1860,0xec00,0x0070,0x1800,0x3000,0x0003,0x0000,0x0000,0x0000,
////////////////0x0003,0x0018,0x01f0,0x0000,0x0000,0x18c0,0x7c00,0x0070,0x1800,0x7000,0x0003,0x0002,0x0000,0x0000,0x0000,0x0000,
////////////////0x00e0,0x0000,0x0003,0xf880,0x3fff,0x8070,0x381f,0xf000,0x0003,0x000f,0x0000,0x0000,0x0000,0x0000,0x0000,0x0000,
////////////////0x0000,0x7900,0x0ffe,0x0071,0xf803,0xe007,0xffff,0xffff,0x8000,0x0000,0x0000,0x0000,0x0000,0x0000,0x0000,0x3200,
////////////////0x00fe,0x0070,0x3001,0xe000,0x0000,0x0000,0x0000,0x0000,0x0000,0x0000,0x0000,0x0000,0x0000,0x0400,0x0000,0x0060,
////////////////0x2000,0x8000,0x0000,0x0000,0x0000,0x0000,0x0000,0x0000,0x0000,0x0000,0x0000,0x0000,0x0000,0x0000,0x0000,0x0000,
////////////////0x0000,0x0000,0x0000,0x0000,0x0000,0x0000,0x0000,0x0000,0x0000,0x0000,0x0000,0x0000,0x0000,0x0000,0x0000,0x0000,
////////////////0x0000,0x0000,0x0000,0x0000,0x0000,0x0000,0x0000,0x0000,0x0000,0x0000,0x0000,0x0000,0x0000,0x0000,0x0000,0x0000,
////////////////0x0000,0x0000,0x0000,0x0000,0x0000,0x0000,0x0000,0x0000,0x0000,0x0000,0x0000,0x0000,0x0000,0x0000,0x0000,0x0000,
////////////////0x0000,0x0000,0x0000,0x0000,0x0000,0x0000,0x0000,0x0000,0x0000,0x0000,0x0000,0x0000,0x0000,0x0000,0x0000,0x0000,
////////////////0x0000,0x0000,0x0000,0x0000,0x0000,0x0000,0x0000,0x0000,0x0000,0x0000,0x0000,0x0000,0x0000,0x0000,0x0000,0x0000,
////////////////0x0000,0x0000,0x0000,0x0000,0x0000,0x0000,0x0000,0x0000,0x0000,0x0000,0x0000,0x0000,0x0000,0x0000,0x0000,0x0000,
////////////////0x0000,0x0000,0x0000,0x0000,0x0000,0x0000,0x0000,0x0000,0x0000,0x0000,0x0000,0x0000,0x0000,0x0000,0x0000,0x0000,
////////////////0x0000,0x0000,0x0000,0x0000,0x0000,0x0000,0x0000,0x0000,0x0000,0x0000,0x0000,0x0000,0x0000,0x0000,0x0000,0x0000,
////////////////0x0000,0x0000,0x0000,0x0000,0x0000,0x0000,0x0000,0x0000,0x0000,0x0000,0x0000,0x0000,0x0000,0x0000,0x0000,0x0000,
////////////////0x0000,0x0000,0x0000,0x0000,0x0000,0x0000,0x0000,0x0000,0x0000,0x0000,0x0000,0x0000,0x0000,0x0000,0x0000,0x0000,
////////////////0x0000,0x0000,0x0000,0x0000,0x0000,0x0000,0x0000,0x0000,0x0000,0x0000,0x0000,0x0000,0x0000,0x0000,0x0000,0x0000,
////////////////0x0000,0x0000,0x0000,0x0000,0x0000,0x0000,0x0000,0x0000,0x0000,0x0000,0x0000,0x0000,0x0000,0x0000,0x0000,0x0000,
////////////////0x0000,0x0000,0x0000,0x0000,0x0000,0x0000,0x0000,0x0000,0x0000,0x0000,0x0000,0x0000,0x0000,0x0000,0x0000,0x0000,
////////////////0x0000,0x0000,0x0000,0x0000,0x0000,0x0000,0x0000,0x0000,0x0000,0x0000,0x0000,0x0000,0x0000,0x0000,0x0000,0x0000,
////////////////0x0000,0x0000,0x0000,0x0000,0x0000,0x0000,0x0000,0x0000,0x0000,0x0000,0x0000,0x0000,0x0000,0x0000,0x0000,0x0000,
////////////////0x0000,0x0000,0x0000,0x0000,0x0000,0x0000,0x0000,0x0000,0x0000,0x0000,0x0000,0x0000,0x0000,0x0000,0x0000,0x0000,

////////////////};

//////////////////42：无 ?????
////////////////unsigned short const Thai_Font25_Pic_42[] = { 
////////////////55,56,
////////////////0x0000,0x0000,0x0000,0x0000,0x0000,0x0000,0x0000,0x0000,0x0000,0x0000,0x0000,0x0000,0x0000,0x0000,0x0000,0x0000,
////////////////0x0000,0x0000,0x0000,0x0000,0x0000,0x0000,0x0000,0x0000,0x0000,0x0000,0x0000,0x0000,0x0000,0x0000,0x0000,0x0000,
////////////////0x0300,0x0000,0x000c,0x0000,0x0330,0x0000,0x000c,0x0000,0x0330,0x0000,0x07cc,0x0000,0x0370,0x000c,0x183c,0x0000,
////////////////0x0350,0x000c,0x301c,0x0000,0x0390,0x000c,0x3fcc,0x0000,0x0390,0x000c,0x0034,0x0000,0x0310,0x000c,0x000c,0x0000,
////////////////0x0010,0x0000,0x0000,0x0000,0x0010,0x0000,0x0000,0x0000,0x0010,0x380c,0x380c,0x0000,0x0010,0x640c,0x640c,0x0000,
////////////////0x0010,0x640c,0x640c,0x0000,0x0010,0x640c,0x640c,0x0000,0x0010,0x3c0c,0x3c0c,0x0000,0x0010,0x040c,0x040c,0x0000,
////////////////0x0010,0x040c,0x040c,0x0000,0x0010,0x040c,0x040c,0x0000,0x0010,0x040c,0x040c,0x0000,0x0010,0x1f0c,0x1f0c,0x0000,
////////////////0x001e,0x258c,0x258c,0x0000,0x0013,0x646c,0x646c,0x0000,0x0013,0x643c,0x643c,0x0000,0x0013,0x341c,0x341c,0x0000,
////////////////0x001e,0x1c0c,0x1c0c,0x0000,0x0000,0x0000,0x0000,0x0000,0x0000,0x0000,0x0000,0x0000,0x0000,0x0000,0x0000,0x0000,
////////////////0x0000,0x0000,0x0000,0x0000,0x0000,0x0000,0x0000,0x0000,0x0000,0x0000,0x0000,0x0000,0x0000,0x0000,0x0000,0x0000,
////////////////0x0000,0x0000,0x0000,0x0000,0x0000,0x0000,0x0000,0x0000,0x0000,0x0000,0x0000,0x0000,0x0000,0x0000,0x0000,0x0000,
////////////////0x0000,0x0000,0x0000,0x0000,0x0000,0x0000,0x0000,0x0000,0x0000,0x0000,0x0000,0x0000,0x0000,0x0000,0x0000,0x0000,
////////////////0x0000,0x0000,0x0000,0x0000,0x0000,0x0000,0x0000,0x0000,0x0000,0x0000,0x0000,0x0000,0x0000,0x0000,0x0000,0x0000,
////////////////0x0000,0x0000,0x0000,0x0000,0x0000,0x0000,0x0000,0x0000,0x0000,0x0000,0x0000,0x0000,0x0000,0x0000,0x0000,0x0000,

////////////////};

//////////////////43：推纸距离  ?????????????
////////////////unsigned short const Thai_Font25_Pic_43[] = { 
////////////////185,56,
////////////////0x0000,0x0000,0x0000,0x0000,0x0000,0x0000,0x0000,0x0000,0x0000,0x0000,0x0000,0x0000,0x0000,0x0000,0x0000,0x0000,
////////////////0x0000,0x0000,0x0000,0x0000,0x0000,0x0000,0x0000,0x0000,0x0000,0x0000,0x0000,0x0000,0x0000,0x0000,0x0000,0x0000,
////////////////0x0000,0x0000,0x0000,0x0000,0x0000,0x0000,0x0000,0x0000,0x0000,0x0000,0x0000,0x0000,0x0000,0x0000,0x0000,0x0000,
////////////////0x0000,0x0000,0x0000,0x0000,0x0000,0x0000,0x0000,0x0000,0x0000,0x0000,0x0000,0x0000,0x0000,0x0000,0x0000,0x0000,
////////////////0x0000,0x0000,0x0000,0x0000,0x0000,0x0000,0x0000,0x0000,0x0000,0x0000,0x0000,0x0000,0x0000,0x0000,0x0000,0x0000,
////////////////0x0000,0x0000,0x0000,0x0000,0x0000,0x0000,0x0000,0x0000,0x0000,0x0000,0x0000,0x0000,0x0000,0x0000,0x0000,0x0000,
////////////////0x0000,0x0000,0x0000,0x0000,0x0000,0x0000,0x0000,0x0000,0x0000,0x0000,0x0000,0x0000,0x0000,0x0000,0x0000,0x0000,
////////////////0x0000,0x0000,0x0000,0x0000,0x0000,0x0000,0x0000,0x0000,0x0000,0x0000,0x0000,0x0000,0x0000,0x0000,0x0000,0x0000,
////////////////0x0000,0x0000,0x0000,0x0000,0x0000,0x0000,0x0000,0x0000,0x0008,0x0000,0x0000,0x0000,0x0000,0x0000,0x0000,0x0000,
////////////////0x0000,0x0000,0x0000,0x0000,0x1e18,0x0000,0x0000,0x0000,0x0000,0x0000,0x0000,0x0000,0x0000,0x0000,0x0000,0x0000,
////////////////0x1230,0x0000,0x0000,0x0000,0x0000,0x0000,0x0000,0x0000,0x0000,0x0000,0x0000,0x0000,0x12e0,0x0000,0x0000,0x0000,
////////////////0x0000,0x0000,0x0000,0x0000,0x0000,0x0000,0x0000,0x0000,0x0f80,0x0000,0x0000,0x0000,0x0000,0x0000,0x0000,0x0000,
////////////////0x0000,0x0000,0x0000,0x0000,0x0000,0x0000,0x0000,0x0000,0x0000,0x0000,0x0000,0x0000,0x0000,0x0000,0x0000,0x0000,
////////////////0x0000,0x0000,0x0000,0x0000,0x0000,0x0000,0x0000,0x0000,0x003c,0x1e08,0x7861,0xe081,0xf01c,0x0607,0xe00f,0x0782,
////////////////0x07c0,0x3e03,0x8040,0x0000,0x00c3,0x3218,0xcc63,0x2183,0x0c26,0x061c,0x3830,0xcc86,0x0c30,0x6184,0xc040,0x0000,
////////////////0x0081,0x3231,0xcc63,0x2306,0x0626,0x0630,0x0820,0x4c8c,0x1818,0xc084,0xc040,0x0000,0x0181,0x92e1,0xcc61,0x2e0c,
////////////////0xe226,0x060e,0x0c60,0x64b8,0x3388,0x80c4,0xc040,0x0000,0x01fd,0x8f81,0xb860,0xf80c,0x921e,0x060c,0x0c7f,0x63e0,
////////////////0x3248,0x00c3,0xc040,0x0000,0x000c,0x0001,0x8060,0x000d,0x9206,0x0618,0x0c03,0x0000,0x3648,0x00c0,0xce4c,0x0000,
////////////////0x000c,0x0000,0xc060,0x000d,0x9206,0x0618,0x0c03,0x0000,0x3648,0x00c0,0xd350,0x0000,0x000c,0x0000,0x3c60,0x000c,
////////////////0xf206,0x0618,0x0c03,0x0000,0x33c8,0x00c0,0xd2e0,0x0000,0x000c,0x0000,0x6060,0x000c,0x6206,0x0618,0x0c03,0x0000,
////////////////0x3188,0x00c0,0xcfc0,0x0000,0x000c,0x0000,0x4060,0x000c,0xc206,0x0618,0x0c03,0x0000,0x3308,0x00c0,0xc040,0x0000,
////////////////0x003c,0x1e08,0x4061,0xe08d,0x8206,0x1e18,0x0c0f,0x0782,0x3608,0x00c0,0xc040,0x0000,0x004c,0x3218,0x4063,0x218d,
////////////////0x0206,0x7118,0x0c13,0x0c86,0x3408,0x00c0,0xc040,0x0000,0x004c,0x3230,0x4063,0x230f,0x0206,0x9198,0x0c13,0x0c8c,
////////////////0x3c08,0x00c0,0xc040,0x0000,0x004c,0x12e0,0x4061,0x2e0e,0x0207,0x1118,0x0c13,0x04b8,0x3808,0x00c0,0xc040,0x0000,
////////////////0x0038,0x0f80,0x7fe0,0xf80c,0x0206,0x0f18,0x0c0e,0x03e0,0x3008,0x00c3,0xffc0,0x0000,0x0000,0x0000,0x0000,0x0000,
////////////////0x0000,0x0000,0x0000,0x0000,0x0000,0x0000,0x0000,0x0000,0x0000,0x0000,0x0000,0x0000,0x0000,0x0000,0x0000,0x0000,
////////////////0x0000,0x0000,0x0000,0x0000,0x0000,0x0000,0x0000,0x0000,0x0000,0x0000,0x0000,0x0000,0x0000,0x0000,0x0000,0x0000,
////////////////0x0000,0x0000,0x0000,0x0000,0x0000,0x0000,0x0000,0x0000,0x0000,0x0000,0x0000,0x0000,0x0000,0x0000,0x0000,0x0000,
////////////////0x0000,0x0000,0x0000,0x0000,0x0000,0x0000,0x0000,0x0000,0x0000,0x0000,0x0000,0x0000,0x0000,0x0000,0x0000,0x0000,
////////////////0x0000,0x0000,0x0000,0x0000,0x0000,0x0000,0x0000,0x0000,0x0000,0x0000,0x0000,0x0000,0x0000,0x0000,0x0000,0x0000,
////////////////0x0000,0x0000,0x0000,0x0000,0x0000,0x0000,0x0000,0x0000,0x0000,0x0000,0x0000,0x0000,0x0000,0x0000,0x0000,0x0000,
////////////////0x0000,0x0000,0x0000,0x0000,0x0000,0x0000,0x0000,0x0000,0x0000,0x0000,0x0000,0x0000,0x0000,0x0000,0x0000,0x0000,
////////////////0x0000,0x0000,0x0000,0x0000,0x0000,0x0000,0x0000,0x0000,0x0000,0x0000,0x0000,0x0000,0x0000,0x0000,0x0000,0x0000,
////////////////0x0000,0x0000,0x0000,0x0000,0x0000,0x0000,0x0000,0x0000,0x0000,0x0000,0x0000,0x0000,0x0000,0x0000,0x0000,0x0000,
////////////////0x0000,0x0000,0x0000,0x0000,0x0000,0x0000,0x0000,0x0000,0x0000,0x0000,0x0000,0x0000,0x0000,0x0000,0x0000,0x0000,
////////////////0x0000,0x0000,0x0000,0x0000,0x0000,0x0000,0x0000,0x0000,0x0000,0x0000,0x0000,0x0000,0x0000,0x0000,0x0000,0x0000,
////////////////0x0000,0x0000,0x0000,0x0000,0x0000,0x0000,0x0000,0x0000,0x0000,0x0000,0x0000,0x0000,0x0000,0x0000,0x0000,0x0000,
////////////////0x0000,0x0000,0x0000,0x0000,0x0000,0x0000,0x0000,0x0000,0x0000,0x0000,0x0000,0x0000,0x0000,0x0000,0x0000,0x0000,
////////////////0x0000,0x0000,0x0000,0x0000,0x0000,0x0000,0x0000,0x0000,0x0000,0x0000,0x0000,0x0000,0x0000,0x0000,0x0000,0x0000,
////////////////0x0000,0x0000,0x0000,0x0000,0x0000,0x0000,0x0000,0x0000,0x0000,0x0000,0x0000,0x0000,0x0000,0x0000,0x0000,0x0000,
////////////////0x0000,0x0000,0x0000,0x0000,0x0000,0x0000,0x0000,0x0000,0x0000,0x0000,0x0000,0x0000,0x0000,0x0000,0x0000,0x0000,
////////////////0x0000,0x0000,0x0000,0x0000,0x0000,0x0000,0x0000,0x0000,0x0000,0x0000,0x0000,0x0000,0x0000,0x0000,0x0000,0x0000,

////////////////};

//44：压纸停机 ????????????????
unsigned short const Thai_Font25_Pic_44[] = { 
220,56,
//////////0x0000,0x0000,0x0000,0x0000,0x0000,0x0000,0x0000,0x0000,0x0000,0x0000,0x0000,0x0000,0x0000,0x0000,0x0000,0x0000,
//////////0x0000,0x0000,0x0000,0x0000,0x0000,0x0000,0x0000,0x0000,0x0000,0x0000,0x0000,0x0000,0x0000,0x0000,0x0000,0x0000,
//////////0x0000,0x0000,0x0000,0x0000,0x0000,0x0000,0x0000,0x0000,0x0000,0x0000,0x0000,0x0000,0x0000,0x0000,0x0000,0x0000,
//////////0x0000,0x0000,0x0000,0x0000,0x0000,0x0000,0x0000,0x0000,0x0000,0x0000,0x0000,0x0000,0x0000,0x0000,0x0000,0x0000,
//////////0x0000,0x0000,0x0000,0x0000,0x0000,0x0000,0x0000,0x0000,0x0000,0x0000,0x0000,0x0000,0x0000,0x0000,0x0000,0x0000,
//////////0x0000,0x0000,0x0000,0x0000,0x0000,0x0000,0x0000,0x0000,0x0000,0x0000,0x0000,0x0000,0x0000,0x0000,0x0000,0x0000,
//////////0x0000,0x0000,0x0000,0x0000,0x0000,0x0000,0x0000,0x0000,0x0000,0x0000,0x0000,0x0000,0x0000,0x0000,0x0000,0x0000,
//////////0x0000,0x0000,0x0000,0x0000,0x0000,0x0000,0x0000,0x0000,0x0000,0x0000,0x0000,0x0000,0x0000,0x0000,0x0000,0x0000,
//////////0x0000,0x0000,0x0000,0x0000,0x0000,0x0000,0x0003,0xc000,0x0000,0x0000,0x0000,0x0000,0x0000,0x0000,0x0000,0x0000,
//////////0x0000,0x0000,0x0000,0x0000,0x0002,0x4300,0x0000,0x0000,0x0000,0x0000,0x0000,0x0000,0x0000,0x0000,0x0000,0x0000,
//////////0x0000,0x0000,0x0002,0x4200,0x0000,0x0000,0x0000,0x0000,0x0000,0x0000,0x0000,0x0000,0x0000,0x0000,0x0000,0x0000,
//////////0x0003,0xc400,0x0000,0x0000,0x0000,0x0000,0x0000,0x0000,0x0000,0x0000,0x0000,0x0000,0x0000,0x0000,0x0000,0xcc00,
//////////0x0000,0x0000,0x0000,0x0000,0x0000,0x0000,0x0000,0x0000,0x0000,0x0000,0x0000,0x0000,0x0001,0xb000,0x0000,0x0000,
//////////0x0000,0x0000,0x0000,0x0000,0x0000,0x0000,0x0000,0x0000,0x0000,0x0000,0x0003,0xe000,0x0000,0x0000,0x0000,0x0000,
//////////0x0000,0x0000,0x0000,0x0000,0x0000,0x0000,0x0000,0x0000,0x0000,0x0000,0x0000,0x0000,0x0000,0x0000,0x0000,0x0000,
//////////0x0000,0x0000,0x0000,0x0000,0x0000,0x0000,0x0000,0x0000,0x0000,0x0000,0x0000,0x0000,0x003f,0x003e,0x00fc,0x01e0,
//////////0xf040,0xf807,0xc070,0x0808,0x200f,0x803c,0x0707,0x83c3,0x01f0,0x0000,0x00e1,0xc061,0x8387,0x0619,0x90c1,0x860c,
//////////0x3098,0x0808,0x2030,0xc0c3,0x0904,0x8663,0x030c,0x0000,0x0180,0x40c0,0xc601,0x0409,0x9183,0x0318,0x1098,0x0808,
//////////0x2060,0x6081,0x0984,0x8e63,0x0606,0x0000,0x0070,0x619c,0x41c1,0x8c0c,0x9706,0x7110,0x1898,0x0808,0x2042,0x3181,
//////////0x8987,0x8e63,0x0ce2,0x0000,0x0060,0x6192,0x4181,0x8fec,0x7c06,0x4900,0x1878,0x0808,0x2047,0x3181,0x8783,0x0dc3,
//////////0x0c92,0x0000,0x00c0,0x61b2,0x4301,0x8060,0x0006,0xc900,0x1819,0xc988,0x20c9,0x3181,0x8183,0x8c03,0x0d92,0x0000,
//////////0x00c0,0x61b2,0x4301,0x8060,0x0006,0xc900,0x181a,0x6a08,0x20d8,0xb181,0x8187,0x8603,0x0d92,0x0000,0x00c0,0x619e,
//////////0x4301,0x8060,0x0006,0x7900,0x181a,0x5c08,0x2010,0xb001,0x818d,0x81e3,0x0cf2,0x0000,0x00c0,0x618c,0x4301,0x8060,
//////////0x0006,0x3100,0x1819,0xf808,0x2030,0x7001,0x8199,0x8303,0x0c62,0x0000,0x00c0,0x6198,0x4301,0x8060,0x0006,0x6100,
//////////0x1818,0x0808,0x2020,0x5001,0x8191,0x8203,0x0cc2,0x0000,0x00c0,0x61b0,0x4301,0x81e0,0xf046,0xc100,0x1818,0x080f,
//////////0x3c38,0x7007,0x81b1,0x8203,0x0d82,0x0000,0x00c0,0x61a0,0x4301,0x8261,0x90c6,0x8100,0x1818,0x0809,0x3664,0x300d,
//////////0x81e1,0x8203,0x0d02,0x0000,0x00c0,0x61e0,0x4301,0x8261,0x9187,0x8100,0x1818,0x0809,0xa664,0x3009,0x81c1,0x8203,
//////////0x0f02,0x0000,0x00c0,0x61c0,0x4301,0x8260,0x9707,0x0100,0x1818,0x0809,0x3624,0x300d,0x81c1,0x8203,0x0e02,0x0000,
//////////0x00c0,0x6180,0x4301,0x81c0,0x7c06,0x0100,0x187f,0xf80f,0x1c38,0x3007,0x0181,0x83ff,0x0c02,0x0000,0x0000,0x0000,
//////////0x0000,0x0000,0x0000,0x0000,0x0000,0x0000,0x0000,0x0000,0x0000,0x0000,0x0000,0x0000,0x0000,0x0000,0x0000,0x0000,
//////////0x0000,0x0000,0x0000,0x0000,0x0000,0x0000,0x0000,0x0007,0x0000,0x0000,0x0000,0x0000,0x0000,0x0000,0x0000,0x0000,
//////////0x0000,0x0000,0x0000,0x0000,0x0000,0x000c,0x8000,0x0000,0x0000,0x0000,0x0000,0x0000,0x0000,0x0000,0x0000,0x0000,
//////////0x0000,0x0000,0x0000,0x000c,0x8000,0x0000,0x0000,0x0000,0x0000,0x0000,0x0000,0x0000,0x0000,0x0000,0x0000,0x0000,
//////////0x0000,0x0007,0x8000,0x0000,0x0000,0x0000,0x0000,0x0000,0x0000,0x0000,0x0000,0x0000,0x0000,0x0000,0x0000,0x0000,
//////////0x8000,0x0000,0x0000,0x0000,0x0000,0x0000,0x0000,0x0000,0x0000,0x0000,0x0000,0x0000,0x0000,0x0000,0x8000,0x0000,
//////////0x0000,0x0000,0x0000,0x0000,0x0000,0x0000,0x0000,0x0000,0x0000,0x0000,0x0000,0x0000,0x8000,0x0000,0x0000,0x0000,
//////////0x0000,0x0000,0x0000,0x0000,0x0000,0x0000,0x0000,0x0000,0x0000,0x0000,0x0000,0x0000,0x0000,0x0000,0x0000,0x0000,
//////////0x0000,0x0000,0x0000,0x0000,0x0000,0x0000,0x0000,0x0000,0x0000,0x0000,0x0000,0x0000,0x0000,0x0000,0x0000,0x0000,
//////////0x0000,0x0000,0x0000,0x0000,0x0000,0x0000,0x0000,0x0000,0x0000,0x0000,0x0000,0x0000,0x0000,0x0000,0x0000,0x0000,
//////////0x0000,0x0000,0x0000,0x0000,0x0000,0x0000,0x0000,0x0000,0x0000,0x0000,0x0000,0x0000,0x0000,0x0000,0x0000,0x0000,
//////////0x0000,0x0000,0x0000,0x0000,0x0000,0x0000,0x0000,0x0000,0x0000,0x0000,0x0000,0x0000,0x0000,0x0000,0x0000,0x0000,
//////////0x0000,0x0000,0x0000,0x0000,0x0000,0x0000,0x0000,0x0000,0x0000,0x0000,0x0000,0x0000,0x0000,0x0000,0x0000,0x0000,
//////////0x0000,0x0000,0x0000,0x0000,0x0000,0x0000,0x0000,0x0000,0x0000,0x0000,0x0000,0x0000,0x0000,0x0000,0x0000,0x0000,
//////////0x0000,0x0000,0x0000,0x0000,0x0000,0x0000,0x0000,0x0000,0x0000,0x0000,0x0000,0x0000,0x0000,0x0000,0x0000,0x0000,
//////////0x0000,0x0000,0x0000,0x0000,0x0000,0x0000,0x0000,0x0000,0x0000,0x0000,0x0000,0x0000,0x0000,0x0000,0x0000,0x0000,
//////////0x0000,0x0000,0x0000,0x0000,0x0000,0x0000,0x0000,0x0000,0x0000,0x0000,0x0000,0x0000,0x0000,0x0000,0x0000,0x0000,
//////////0x0000,0x0000,0x0000,0x0000,0x0000,0x0000,0x0000,0x0000,0x0000,0x0000,0x0000,0x0000,0x0000,0x0000,0x0000,0x0000,
//////////0x0000,0x0000,0x0000,0x0000,0x0000,0x0000,0x0000,0x0000,0x0000,0x0000,0x0000,0x0000,0x0000,0x0000,0x0000,0x0000,
//////////0x0000,0x0000,0x0000,0x0000,0x0000,0x0000,0x0000,0x0000,0x0000,0x0000,0x0000,0x0000,0x0000,0x0000,0x0000,0x0000,

};

//45:  无效  ??????????
unsigned short const Thai_Font25_Pic_45[] = { 
112,56,
////////0x0000,0x0000,0x0000,0x0000,0x0000,0x0000,0x0000,0x0000,0x0000,0x0000,0x0000,0x0000,0x0000,0x0000,0x0000,0x0000,
////////0x0000,0x0000,0x0000,0x0000,0x0000,0x0000,0x0000,0x0000,0x0000,0x0000,0x0000,0x0000,0x0000,0x0000,0x0000,0x0000,
////////0x0000,0x0000,0x0000,0x0000,0x0000,0x0000,0x0000,0x0000,0x0000,0x0000,0x0000,0x0000,0x0000,0x0000,0x0000,0x0000,
////////0x0000,0x0000,0x0000,0x0000,0x0000,0x0000,0x0000,0x0000,0x0300,0x0000,0x0000,0x0000,0x0000,0x0000,0x0000,0x0330,
////////0x0000,0x0000,0x0000,0x03c0,0x0000,0x0000,0x0330,0x0000,0x0000,0x0000,0x0243,0x0000,0x0000,0x0370,0x000c,0x0000,
////////0x0000,0x0242,0x0000,0x0000,0x0350,0x000c,0x0000,0x0000,0x03c4,0x0000,0x0000,0x0390,0x000c,0x0000,0x0000,0x00cc,
////////0x0000,0x0000,0x0390,0x000c,0x0000,0x0000,0x01b0,0x0000,0x0000,0x0310,0x000c,0x0000,0x0000,0x03e0,0x0000,0x0000,
////////0x0010,0x0000,0x0000,0x0000,0x0000,0x0000,0x0000,0x0010,0x0000,0x0000,0x0000,0x0000,0x0000,0x0000,0x0010,0x380c,
////////0x0fc0,0x1f80,0x79c0,0x7c00,0x3800,0x0010,0x640c,0x3870,0x70e0,0xce60,0xc300,0x4800,0x0010,0x640c,0x6010,0xc020,
////////0xc421,0x8180,0x4c00,0x0010,0x640c,0x1c18,0x3830,0xc023,0x0080,0x4c00,0x0010,0x3c0c,0x1818,0x3030,0xc023,0x7880,
////////0x7c00,0x0010,0x040c,0x3018,0x6030,0xce22,0x48c0,0x0c00,0x0010,0x040c,0x3018,0x6030,0xdb22,0x4ccc,0x0c00,0x0010,
////////0x040c,0x3018,0x6030,0xd120,0x48c6,0x0c00,0x0010,0x040c,0x3018,0x6030,0xd920,0x78c3,0x0c00,0x0010,0x1f0c,0x3018,
////////0x6030,0xce20,0x40c1,0x8c00,0x001e,0x258c,0x3c18,0x6030,0xcc20,0x40c0,0xcc00,0x0013,0x646c,0x3218,0x6030,0xd820,
////////0x40c0,0x6c00,0x0013,0x643c,0x3218,0x6030,0xf020,0x40c0,0x3c00,0x0013,0x341c,0x3218,0x6030,0xe020,0x40c0,0x1c00,
////////0x001e,0x1c0c,0x1c18,0x6030,0xc020,0x7fc0,0x1c00,0x0000,0x0000,0x0000,0x0000,0x0000,0x0000,0x0000,0x0000,0x0000,
////////0x01c4,0x0000,0x0000,0x0000,0x0000,0x0000,0x0000,0x0364,0x0000,0x0000,0x0000,0x0000,0x0000,0x0000,0x0364,0x0000,
////////0x0000,0x0000,0x0000,0x0000,0x0000,0x01e4,0x0000,0x0000,0x0000,0x0000,0x0000,0x0000,0x0024,0x0000,0x0000,0x0000,
////////0x0000,0x0000,0x0000,0x0064,0x0000,0x0000,0x0000,0x0000,0x0000,0x0000,0x007c,0x0000,0x0000,0x0000,0x0000,0x0000,
////////0x0000,0x0000,0x0000,0x0000,0x0000,0x0000,0x0000,0x0000,0x0000,0x0000,0x0000,0x0000,0x0000,0x0000,0x0000,0x0000,
////////0x0000,0x0000,0x0000,0x0000,0x0000,0x0000,0x0000,0x0000,0x0000,0x0000,0x0000,0x0000,0x0000,0x0000,0x0000,0x0000,
////////0x0000,0x0000,0x0000,0x0000,0x0000,0x0000,0x0000,0x0000,0x0000,0x0000,0x0000,0x0000,0x0000,0x0000,0x0000,0x0000,
////////0x0000,0x0000,0x0000,0x0000,0x0000,0x0000,0x0000,0x0000,0x0000,0x0000,0x0000,0x0000,0x0000,0x0000,0x0000,0x0000,
////////0x0000,0x0000,0x0000,0x0000,0x0000,0x0000,0x0000,0x0000,0x0000,0x0000,0x0000,0x0000,0x0000,0x0000,0x0000,0x0000,
////////0x0000,0x0000,0x0000,0x0000,0x0000,0x0000,0x0000,0x0000,0x0000,0x0000,0x0000,0x0000,0x0000,0x0000,0x0000,0x0000,
////////0x0000,0x0000,0x0000,0x0000,0x0000,0x0000,0x0000,0x0000
};

//46：关气距离  ?????????
unsigned short const Thai_Font25_Pic_46[] = { 
131,56,
//////////0x0000,0x0000,0x0000,0x0000,0x0000,0x0000,0x0000,0x0000,0x0000,0x0000,0x0000,0x0000,0x0000,0x0000,0x0000,0x0000,
//////////0x0000,0x0000,0x0000,0x0000,0x0000,0x0000,0x0000,0x0000,0x0000,0x0000,0x0000,0x0000,0x0000,0x0000,0x0000,0x0000,
//////////0x0000,0x0000,0x0000,0x0000,0x0000,0x0000,0x0000,0x0000,0x0000,0x0000,0x0000,0x0000,0x0000,0x0000,0x0000,0x0000,
//////////0x0000,0x0000,0x0000,0x0000,0x0000,0x0000,0x0000,0x0000,0x0000,0x0000,0x0000,0x0000,0x0000,0x0000,0x0000,0x0000,
//////////0x0000,0x0000,0x0000,0x0000,0x0000,0x0000,0x0000,0x0000,0x0000,0x0000,0x0000,0x0000,0x0000,0x0000,0x0000,0x0000,
//////////0x0000,0x0000,0x0000,0x0000,0x0000,0x0000,0x0000,0x0000,0x0000,0x0000,0x0000,0x0000,0x0000,0x0003,0xe100,0x0000,
//////////0x0000,0x0000,0x0000,0x0000,0x0000,0x0000,0x000c,0x1900,0x0000,0x0000,0x0000,0x0000,0x0000,0x0000,0x0000,0x0018,
//////////0x0d00,0x0000,0x0000,0x0000,0x0000,0x0000,0x0000,0x0000,0x001f,0xe500,0x0000,0x0000,0x0000,0x0000,0x0000,0x0000,
//////////0x0000,0x0000,0x1b00,0x0000,0x0000,0x0000,0x0000,0x0000,0x0000,0x0000,0x0000,0x0700,0x0000,0x0000,0x0000,0x0000,
//////////0x0000,0x0000,0x0000,0x0000,0x0100,0x0000,0x0000,0x0000,0x0000,0x0000,0x0000,0x0000,0x0000,0x0100,0x0000,0x0000,
//////////0x0000,0x0000,0x003c,0x1e08,0x7861,0xe08e,0x0100,0xf801,0xf01c,0x0600,0x0000,0x00c3,0x3218,0xcc63,0x2193,0x0101,
//////////0x8606,0x1832,0x0600,0x0000,0x0081,0x3231,0xcc63,0x2313,0x0103,0x030c,0x0c32,0x0600,0x0000,0x0181,0x92e1,0xcc61,
//////////0x2e13,0x0106,0x7108,0x4632,0x0600,0x0000,0x01fd,0x8f81,0xb860,0xf80f,0x0106,0x4908,0xe61e,0x0600,0x0000,0x000c,
//////////0x0001,0x8060,0x0003,0x0106,0xc919,0x2602,0x0600,0x0000,0x000c,0x0000,0xc060,0x0003,0x0106,0xc91b,0x1602,0x0600,
//////////0x0000,0x000c,0x0000,0x3c60,0x0003,0x0106,0x7902,0x1602,0x0600,0x0000,0x000c,0x0000,0x6060,0x0003,0x0106,0x3106,
//////////0x0e02,0x0600,0x0000,0x000c,0x0000,0x4060,0x0003,0x0106,0x6104,0x0a0f,0x8600,0x0000,0x003c,0x1e08,0x4061,0xe083,
//////////0x0106,0xc107,0x0e12,0xc600,0x0000,0x004c,0x3218,0x4063,0x2183,0x0106,0x810c,0x8632,0x3600,0x0000,0x004c,0x3230,
//////////0x4063,0x2303,0x0107,0x810c,0x8632,0x1e00,0x0000,0x004c,0x12e0,0x4061,0x2e03,0x0107,0x0104,0x861a,0x0e00,0x0000,
//////////0x0038,0x0f80,0x7fe0,0xf80f,0xff06,0x0107,0x060e,0x0600,0x0000,0x0000,0x0000,0x0000,0x0000,0x0000,0x0000,0x0000,
//////////0x0000,0x0000,0x0000,0x0000,0x0000,0x0000,0x0000,0x0000,0x0000,0x0000,0x0000,0x0000,0x0000,0x0000,0x0000,0x0000,
//////////0x0000,0x0000,0x0000,0x0000,0x0000,0x0000,0x0000,0x0000,0x0000,0x0000,0x0000,0x0000,0x0000,0x0000,0x0000,0x0000,
//////////0x0000,0x0000,0x0000,0x0000,0x0000,0x0000,0x0000,0x0000,0x0000,0x0000,0x0000,0x0000,0x0000,0x0000,0x0000,0x0000,
//////////0x0000,0x0000,0x0000,0x0000,0x0000,0x0000,0x0000,0x0000,0x0000,0x0000,0x0000,0x0000,0x0000,0x0000,0x0000,0x0000,
//////////0x0000,0x0000,0x0000,0x0000,0x0000,0x0000,0x0000,0x0000,0x0000,0x0000,0x0000,0x0000,0x0000,0x0000,0x0000,0x0000,
//////////0x0000,0x0000,0x0000,0x0000,0x0000,0x0000,0x0000,0x0000,0x0000,0x0000,0x0000,0x0000,0x0000,0x0000,0x0000,0x0000,
//////////0x0000,0x0000,0x0000,0x0000,0x0000,0x0000,0x0000,0x0000,0x0000,0x0000,0x0000,0x0000,0x0000,0x0000,0x0000,0x0000,
//////////0x0000,0x0000,0x0000,0x0000,0x0000,0x0000,0x0000,0x0000,0x0000,0x0000,0x0000,0x0000,0x0000,0x0000,0x0000,0x0000,
//////////0x0000,0x0000,0x0000,0x0000,0x0000,0x0000,0x0000,0x0000,0x0000,0x0000,0x0000,0x0000,0x0000,0x0000,0x0000,0x0000,
//////////0x0000,0x0000,0x0000,0x0000,0x0000,0x0000,0x0000,0x0000,0x0000,0x0000,0x0000,0x0000,0x0000,0x0000,0x0000,0x0000,
//////////0x0000,0x0000,0x0000,0x0000,0x0000,0x0000,0x0000,0x0000,0x0000,0x0000,0x0000,0x0000,0x0000,0x0000,0x0000,0x0000,
//////////0x0000,0x0000,0x0000,0x0000,0x0000,0x0000,0x0000,0x0000,0x0000,0x0000,0x0000,0x0000,0x0000,0x0000,0x0000,0x0000,
//////////0x0000,0x0000,0x0000,0x0000,0x0000,0x0000,0x0000,0x0000
};

//47：运行速度 ?????????????
unsigned short const Thai_Font25_Pic_47[] = { 
174,56,
////////////0x0000,0x0000,0x0000,0x0000,0x0000,0x0000,0x0000,0x0000,0x0000,0x0000,0x0000,0x0000,0x0000,0x0000,0x0000,0x0000,
////////////0x0000,0x0000,0x0000,0x0000,0x0000,0x0000,0x0000,0x0000,0x0000,0x0000,0x0000,0x0000,0x0000,0x0000,0x0000,0x0000,
////////////0x0000,0x0000,0x0000,0x0000,0x0000,0x0000,0x0000,0x0000,0x0000,0x0000,0x0000,0x0000,0x0000,0x0000,0x0000,0x0000,
////////////0x0000,0x0000,0x0000,0x0000,0x0000,0x0000,0x0000,0x0000,0x0000,0x0000,0x0000,0x0000,0x0000,0x0000,0x0000,0x0000,
////////////0x0000,0x0000,0x0000,0x0000,0x0000,0x0000,0x0000,0x0000,0x0000,0x0000,0x0000,0x0000,0x0000,0x0000,0x0000,0x0000,
////////////0x0000,0x0000,0x0000,0x0000,0x0000,0x0000,0x0000,0x0000,0x0000,0x0000,0x0000,0x0000,0x0000,0x0000,0x0000,0x0000,
////////////0x0000,0x0000,0x0000,0x0000,0x0000,0x0000,0x0000,0x0000,0x4000,0x0000,0x0000,0x0000,0x0000,0x0000,0x0000,0x0000,
////////////0x0000,0x0000,0x007f,0x8000,0x003c,0x0000,0x0000,0x0000,0x0000,0x0000,0x0000,0x0000,0x0000,0x00c0,0x0000,0x0026,
////////////0x0000,0x0000,0x0000,0x0000,0x0000,0x0000,0x0000,0x0000,0x00c3,0x0000,0x0062,0x0000,0x0000,0x0000,0x0000,0x0000,
////////////0x0000,0x0000,0x0000,0x00c4,0x8000,0x0026,0x0000,0x0000,0x0000,0x0000,0x0000,0x0000,0x0000,0x0000,0x007c,0x8000,
////////////0x003c,0x0000,0x0000,0x0000,0x0000,0x0000,0x0000,0x0000,0x0000,0x0027,0x0000,0x0000,0x0000,0x0000,0x0000,0x0000,
////////////0x0000,0x0000,0x0000,0x0000,0x0000,0x0000,0x0000,0x0000,0x0000,0x0000,0x0000,0x0000,0x0000,0x0000,0x0000,0x0000,
////////////0x0000,0x0000,0x0000,0x0000,0x0000,0x0000,0x001f,0x0078,0x07c0,0x7018,0x601e,0x03c0,0x70e0,0x3e00,0x381f,0x01c0,
////////////0x6000,0x0030,0xc186,0x0c30,0xc818,0x6061,0x8c30,0x9890,0x6180,0x4830,0xc260,0x6000,0x0060,0x6102,0x1810,0xc818,
////////////0x6040,0x8810,0x9998,0xc080,0x4c60,0x4260,0x6000,0x00ce,0x2303,0x1018,0xc818,0x60c0,0xd818,0x9998,0x80c0,0x4c40,
////////////0x6260,0x6000,0x00c9,0x2303,0x0018,0x7818,0x60fe,0xd818,0x7918,0x00c0,0x7c00,0x61e0,0x6000,0x0099,0x2303,0x0018,
////////////0x0818,0x6006,0x1818,0x1b18,0x00c0,0x0c00,0x6060,0x6000,0x0099,0x2303,0x0018,0x0818,0x6006,0x1818,0x1b18,0x00cc,
////////////0x0c00,0x6060,0x6000,0x009e,0x2003,0x0018,0x0818,0x6006,0x0018,0x1a18,0x00c6,0x0c00,0x6060,0x6000,0x00b0,0x2003,
////////////0x0018,0x0818,0x6006,0x0018,0x1e18,0x00c3,0x0c00,0x6060,0x6000,0x00a0,0x2003,0x0018,0x3e18,0x6006,0x0018,0x1c18,
////////////0x00c1,0x8c00,0x6060,0x6000,0x00a0,0x200f,0x0018,0x4b18,0x7c1e,0x0078,0x1c18,0x00c0,0xcc00,0x6061,0xe000,0x00e0,
////////////0x201b,0x0018,0xc8d8,0x6426,0x00d8,0x1c18,0x00c0,0x6c00,0x6067,0x1000,0x00c0,0x2013,0x0018,0xc878,0x6426,0x0098,
////////////0x1818,0x00c0,0x3c00,0x6069,0x1800,0x00c0,0x201b,0x0018,0x6838,0x2426,0x00d8,0x1818,0x00c0,0x1c00,0x6071,0x1000,
////////////0x00c0,0x200e,0x0018,0x3818,0x3c1c,0x0070,0x1818,0x00c0,0x1c00,0x6060,0xf000,0x0000,0x0000,0x0000,0x0000,0x0000,
////////////0x0000,0x0000,0x0000,0x0000,0x0000,0x0000,0x0000,0x0000,0x0000,0x0000,0x0000,0x0000,0x0000,0x0000,0x0000,0x0000,
////////////0x0000,0x0000,0x0000,0x0000,0x0000,0x0000,0x0000,0x0000,0x0000,0x0000,0x0000,0x0000,0x0000,0x0000,0x0000,0x0000,
////////////0x0000,0x0000,0x0000,0x0000,0x0000,0x0000,0x0000,0x0000,0x0000,0x0000,0x0000,0x0000,0x0000,0x0000,0x0000,0x0000,
////////////0x0000,0x0000,0x0000,0x0000,0x0000,0x0000,0x0000,0x0000,0x0000,0x0000,0x0000,0x0000,0x0000,0x0000,0x0000,0x0000,
////////////0x0000,0x0000,0x0000,0x0000,0x0000,0x0000,0x0000,0x0000,0x0000,0x0000,0x0000,0x0000,0x0000,0x0000,0x0000,0x0000,
////////////0x0000,0x0000,0x0000,0x0000,0x0000,0x0000,0x0000,0x0000,0x0000,0x0000,0x0000,0x0000,0x0000,0x0000,0x0000,0x0000,
////////////0x0000,0x0000,0x0000,0x0000,0x0000,0x0000,0x0000,0x0000,0x0000,0x0000,0x0000,0x0000,0x0000,0x0000,0x0000,0x0000,
////////////0x0000,0x0000,0x0000,0x0000,0x0000,0x0000,0x0000,0x0000,0x0000,0x0000,0x0000,0x0000,0x0000,0x0000,0x0000,0x0000,
////////////0x0000,0x0000,0x0000,0x0000,0x0000,0x0000,0x0000,0x0000,0x0000,0x0000,0x0000,0x0000,0x0000,0x0000,0x0000,0x0000,
////////////0x0000,0x0000,0x0000,0x0000,0x0000,0x0000,0x0000,0x0000,0x0000,0x0000,0x0000,0x0000,0x0000,0x0000,0x0000,0x0000,
////////////0x0000,0x0000,0x0000,0x0000,0x0000,0x0000,0x0000,0x0000,0x0000,0x0000,0x0000,0x0000,0x0000,0x0000,0x0000,0x0000,
////////////0x0000,0x0000,0x0000,0x0000,0x0000,0x0000,0x0000,0x0000,0x0000,0x0000,0x0000,0x0000,0x0000,0x0000,0x0000,0x0000,
////////////0x0000,0x0000,0x0000,0x0000,0x0000,0x0000,0x0000,0x0000,0x0000,0x0000,0x0000,0x0000,0x0000,0x0000,0x0000,0x0000,
////////////0x0000,0x0000,0x0000,0x0000,0x0000,0x0000,0x0000,0x0000,0x0000,0x0000,0x0000,0x0000,0x0000,0x0000,0x0000,0x0000,
////////////0x0000,0x0000,0x0000,0x0000,0x0000,0x0000,0x0000,0x0000,0x0000,0x0000,0x0000,0x0000,0x0000,0x0000,0x0000,0x0000,
////////////0x0000,0x0000,0x0000,0x0000,0x0000,0x0000,0x0000,0x0000
};

//48：光电选择  ??????????????
unsigned short const Thai_Font25_Pic_48[] = { 
152,56,
//////////0x0000,0x0000,0x0000,0x0000,0x0000,0x0000,0x0000,0x0000,0x0000,0x0000,0x0000,0x0000,0x0000,0x0000,0x0000,0x0000,
//////////0x0000,0x0000,0x0000,0x0000,0x0000,0x0000,0x0000,0x0000,0x0000,0x0000,0x0000,0x0000,0x0000,0x0000,0x0000,0x0000,
//////////0x0000,0x0000,0x0000,0x0000,0x0000,0x0000,0x0000,0x0000,0x0000,0x0000,0x0000,0x0000,0x0000,0x0000,0x0000,0x0000,
//////////0x0000,0x0000,0x0000,0x0000,0x0000,0x0000,0x0000,0x0000,0x0000,0x0000,0x0000,0x0000,0x0000,0x0000,0x0000,0x0000,
//////////0x0000,0x0000,0x0000,0x0000,0x0000,0x0000,0x0000,0x0000,0x0000,0x0000,0x0000,0x0000,0x0000,0x0000,0x0000,0x0000,
//////////0x0000,0x0160,0x0000,0x0000,0x0000,0x0000,0x0000,0x0000,0x0000,0x0000,0x0000,0x0160,0x0000,0x0000,0x0001,0x0000,
//////////0x0000,0x0000,0x0000,0x0800,0x0000,0x3f60,0x0000,0x0000,0x01fe,0x0000,0x0000,0x0000,0x0003,0xf000,0x0000,0xc160,
//////////0x0000,0x0000,0x0300,0x0000,0x0000,0x0000,0x000f,0x0000,0x0001,0x80e0,0x0000,0x0000,0x030c,0x0000,0x0000,0x0000,
//////////0x000d,0x8000,0x0001,0xfe60,0x0000,0x0000,0x0312,0x0000,0x0000,0x0000,0x000d,0x8000,0x0000,0x01a0,0x0000,0x0000,
//////////0x01f2,0x0000,0x0000,0x0000,0x0007,0x0000,0x0000,0x0060,0x0000,0x0000,0x009c,0x0000,0x0000,0x0000,0x0000,0x0000,
//////////0x0000,0x0000,0x0000,0x0000,0x0000,0x0000,0x0000,0x0000,0x0000,0x0000,0x0000,0x0000,0x0000,0x0000,0x0002,0x0000,
//////////0x0000,0x0800,0x0000,0x0000,0x00c0,0x1f00,0x7c00,0xfc06,0x0726,0x1c06,0x181c,0x981f,0x003c,0x0000,0x00c0,0x6180,
//////////0xc303,0x8706,0x0ddc,0x2606,0x1837,0x7030,0xc0c3,0x0000,0x00c0,0xc0c1,0x8186,0x0106,0x081c,0x2606,0x1820,0x7060,
//////////0x6081,0x0000,0x00c0,0x8463,0x0081,0xc186,0x0f36,0x2606,0x183c,0xd8c0,0x2181,0x8000,0x00c0,0x8e63,0x7881,0x8186,
//////////0x0922,0x1e06,0x1824,0x88de,0x21fd,0x8000,0x00c1,0x9262,0x48c3,0x0186,0x09e2,0x0606,0x1827,0x8892,0x300c,0x0000,
//////////0x00c1,0xb162,0x4cc3,0x0186,0x0962,0x0606,0x1825,0x8893,0x300c,0x0000,0x00c0,0x2160,0x48c3,0x0186,0x0762,0x0606,
//////////0x181d,0x8812,0x300c,0x0000,0x00c0,0x60e0,0x78c3,0x0186,0x0062,0x0606,0x1801,0x881e,0x300c,0x0000,0x00c0,0x40a0,
//////////0x40c3,0x0186,0x0062,0x0606,0x1801,0x8810,0x300c,0x0000,0x00f8,0x70e0,0x40c3,0x0187,0xc062,0x061e,0x1f01,0x8810,
//////////0x303c,0x0000,0x00c8,0xc860,0x40c3,0x0186,0x4062,0x0671,0x1901,0x8810,0x304c,0x0000,0x00c8,0xc860,0x40c3,0x0186,
//////////0x4062,0x0691,0x9901,0x8810,0x304c,0x0000,0x0048,0x4860,0x40c3,0x0182,0x4062,0x0711,0x0901,0x8810,0x304c,0x0000,
//////////0x0078,0x7060,0x7fc3,0x0183,0xc0fe,0x060f,0x0f03,0xf81f,0xf038,0x0000,0x0000,0x0000,0x0000,0x0000,0x0000,0x0000,
//////////0x0000,0x0000,0x0000,0x0000,0x0000,0x0000,0x0000,0x0000,0x0000,0x0000,0x0000,0x0000,0x0000,0x0000,0x0000,0x0000,
//////////0x0000,0x0000,0x0000,0x0000,0x0000,0x0000,0x0000,0x0000,0x0000,0x0000,0x0000,0x0000,0x0000,0x0000,0x0000,0x0000,
//////////0x0000,0x0000,0x0000,0x0000,0x0000,0x0000,0x0000,0x0000,0x0000,0x0000,0x0000,0x0000,0x0000,0x0000,0x0000,0x0000,
//////////0x0000,0x0000,0x0000,0x0000,0x0000,0x0000,0x0000,0x0000,0x0000,0x0000,0x0000,0x0000,0x0000,0x0000,0x0000,0x0000,
//////////0x0000,0x0000,0x0000,0x0000,0x0000,0x0000,0x0000,0x0000,0x0000,0x0000,0x0000,0x0000,0x0000,0x0000,0x0000,0x0000,
//////////0x0000,0x0000,0x0000,0x0000,0x0000,0x0000,0x0000,0x0000,0x0000,0x0000,0x0000,0x0000,0x0000,0x0000,0x0000,0x0000,
//////////0x0000,0x0000,0x0000,0x0000,0x0000,0x0000,0x0000,0x0000,0x0000,0x0000,0x0000,0x0000,0x0000,0x0000,0x0000,0x0000,
//////////0x0000,0x0000,0x0000,0x0000,0x0000,0x0000,0x0000,0x0000,0x0000,0x0000,0x0000,0x0000,0x0000,0x0000,0x0000,0x0000,
//////////0x0000,0x0000,0x0000,0x0000,0x0000,0x0000,0x0000,0x0000,0x0000,0x0000,0x0000,0x0000,0x0000,0x0000,0x0000,0x0000,
//////////0x0000,0x0000,0x0000,0x0000,0x0000,0x0000,0x0000,0x0000,0x0000,0x0000,0x0000,0x0000,0x0000,0x0000,0x0000,0x0000,
//////////0x0000,0x0000,0x0000,0x0000,0x0000,0x0000,0x0000,0x0000,0x0000,0x0000,0x0000,0x0000,0x0000,0x0000,0x0000,0x0000,
//////////0x0000,0x0000,0x0000,0x0000,0x0000,0x0000,0x0000,0x0000,0x0000,0x0000,0x0000,0x0000,0x0000,0x0000,0x0000,0x0000,
//////////0x0000,0x0000,0x0000,0x0000,0x0000,0x0000,0x0000,0x0000,0x0000,0x0000,0x0000,0x0000,0x0000,0x0000,0x0000,0x0000,
//////////0x0000,0x0000,0x0000,0x0000,0x0000,0x0000,0x0000,0x0000,0x0000,0x0000,0x0000,0x0000,0x0000,0x0000,0x0000,0x0000,

};

//49：低有效 ?????????
unsigned short const Thai_Font25_Pic_49[] = { 
92,56,
////////////0x0000,0x0000,0x0000,0x0000,0x0000,0x0000,0x0000,0x3000,0x0000,0x0000,0x0000,0x0000,0x0000,0x3000,0x0000,0x0000,
////////////0x0000,0x0000,0x0000,0x3000,0x0000,0x0000,0x0000,0x0000,0x0000,0x3000,0x0000,0x0000,0x0000,0x0000,0x0000,0x3000,
////////////0x0000,0x0000,0x0000,0x0000,0x0000,0x0000,0x0000,0x0000,0x0000,0x0000,0x0000,0x0000,0x0000,0x0000,0x0000,0x0000,
////////////0x0000,0x0000,0x0000,0x0030,0x0000,0x0000,0x0000,0x0000,0x0e00,0x3c33,0x000f,0x0000,0x0000,0x7800,0x1100,0x2433,
////////////0x0009,0x0c00,0x0000,0x4c00,0x3d80,0x2437,0x0009,0x0800,0x0000,0xc400,0x2580,0x3c75,0x000f,0x1000,0x0000,0x4c00,
////////////0x2580,0x0cf9,0x0003,0x3000,0x0000,0x7800,0x1d80,0x1b39,0x0006,0xc000,0x0000,0x0000,0x0180,0x3e31,0x000f,0x8000,
////////////0x0000,0x0000,0x0180,0x0001,0x0000,0x0000,0x0000,0x0000,0x0180,0x0101,0x0000,0x0000,0x0079,0xc0f8,0x0181,0xe301,
////////////0x007c,0x0000,0x00ce,0x6186,0x0186,0x3e01,0x00c3,0x0000,0x00c4,0x2302,0x0187,0x8e01,0x0181,0x8000,0x00c0,0x2203,
////////////0x0184,0x9b01,0x0338,0x8000,0x00c0,0x2003,0x018c,0xb301,0x0324,0x8000,0x00ce,0x2003,0x0184,0xb301,0x0364,0x8000,
////////////0x00db,0x2003,0x0187,0x3301,0x0364,0x8000,0x00d1,0x2003,0x0180,0x3301,0x033c,0x8000,0x00d9,0x2003,0x0180,0x3301,
////////////0x0318,0x8000,0x00ce,0x2003,0x0180,0x3301,0x0330,0x8000,0x00cc,0x2003,0x01f0,0x3301,0xe360,0x8000,0x00d8,0x2003,
////////////0x0190,0x3301,0x3340,0x8000,0x00f0,0x2003,0x0190,0x3301,0x33c0,0x8000,0x00e0,0x2003,0x0090,0x3301,0x3380,0x8000,
////////////0x00c0,0x2003,0x00f0,0x7f01,0xe300,0x8000,0x0000,0x0000,0x0000,0x0000,0x0000,0x0000,0x0000,0x0000,0x0000,0x0000,
////////////0x0000,0x0000,0x0000,0x0000,0x0000,0x0000,0x0000,0x0000,0x0000,0x0000,0x0000,0x0000,0x0000,0x0000,0x0000,0x0000,
////////////0x0000,0x0000,0x0000,0x0000,0x0000,0x0000,0x0000,0x0000,0x0000,0x0000,0x0000,0x0000,0x0000,0x0000,0x0000,0x0000,
////////////0x0000,0x0000,0x0000,0x0000,0x0000,0x0000,0x0000,0x0000,0x0000,0x0000,0x0000,0x0000,0x0000,0x0000,0x0000,0x0000,
////////////0x0000,0x0000,0x0000,0x0000,0x0000,0x0000,0x0000,0x0000,0x0000,0x0000,0x0000,0x0000,0x0000,0x0000,0x0000,0x0000,
////////////0x0000,0x0000,0x0000,0x0000,0x0000,0x0000,0x0000,0x0000,0x0000,0x0000,0x0000,0x0000,0x0000,0x0000,0x0000,0x0000,
////////////0x0000,0x0000,0x0000,0x0000,0x0000,0x0000,0x0000,0x0000,0x0000,0x0000,0x0000,0x0000,0x0000,0x0000,0x0000,0x0000,
////////////0x0000,0x0000,0x0000,0x0000,0x0000,0x0000,0x0000,0x0000,0x0000,0x0000,0x0000,0x0000,0x0000,0x0000,0x0000,0x0000,
////////////0x0000,0x0000,0x0000,0x0000,0x0000,0x0000,0x0000,0x0000,0x0000,0x0000,0x0000,0x0000,0x0000,0x0000,0x0000,0x0000,

};

//50：高有效 ?????????
unsigned short const Thai_Font25_Pic_50[] = { 
90,56,
//////////0x0000,0x0000,0x0000,0x0000,0x0000,0x0000,0x0000,0x0000,0x0000,0x0000,0x0000,0x0000,0x0000,0x0000,0x0000,0x0000,
//////////0x0000,0x0000,0x0000,0x0000,0x0000,0x0000,0x0000,0x0000,0x0000,0x0000,0x0000,0x0000,0x0000,0x0000,0x0000,0x0000,
//////////0x0000,0x0000,0x0000,0x0000,0x0000,0x0000,0x0000,0x0000,0x0000,0x0000,0x0000,0x0000,0x0000,0x0000,0x0000,0x0000,
//////////0x0000,0x0000,0x0000,0x0060,0x0000,0x0000,0x0000,0x0000,0x1c00,0x7866,0x001e,0x0000,0x0000,0x0000,0x2200,0x4866,
//////////0x0012,0x1800,0x0000,0x0000,0x7b00,0x486e,0x0012,0x1000,0x0000,0x0000,0x4b00,0x78ea,0x001e,0x2000,0x0000,0x0000,
//////////0x4b00,0x19f2,0x0006,0x6000,0x0000,0x0000,0x3b00,0x3672,0x000d,0x8000,0x0000,0x0000,0x0300,0x7c62,0x001f,0x0000,
//////////0x0000,0xc000,0x0300,0x0002,0x0000,0x0000,0x0000,0xc000,0x0300,0x0202,0x0000,0x0000,0x001f,0x801c,0x0303,0xc602,
//////////0x00f8,0x0000,0x0061,0x8024,0x030c,0x7c02,0x0186,0x0000,0x00c3,0x4026,0x030f,0x1c02,0x0303,0x0000,0x0086,0x6026,
//////////0x0309,0x3602,0x0671,0x0000,0x008c,0x603e,0x0319,0x6602,0x0649,0x0000,0x019e,0x2006,0x0309,0x6602,0x06c9,0x0000,
//////////0x01b3,0x2606,0x030e,0x6602,0x06c9,0x0000,0x0021,0x2306,0x0300,0x6602,0x0679,0x0000,0x0061,0x2186,0x0300,0x6602,
//////////0x0631,0x0000,0x0040,0xa0c6,0x0300,0x6602,0x0661,0x0000,0x0078,0xa066,0x03e0,0x6603,0xc6c1,0x0000,0x00c8,0x6036,
//////////0x0320,0x6602,0x6681,0x0000,0x00c8,0x601e,0x0320,0x6602,0x6781,0x0000,0x0048,0x600e,0x0120,0x6602,0x6701,0x0000,
//////////0x0070,0x600e,0x01e0,0xfe03,0xc601,0x0000,0x0000,0x0000,0x0000,0x0000,0x0000,0x0000,0x0007,0x1000,0x0000,0x0000,
//////////0x0000,0x0000,0x000d,0x9000,0x0000,0x0000,0x0000,0x0000,0x000d,0x9000,0x0000,0x0000,0x0000,0x0000,0x0007,0x9000,
//////////0x0000,0x0000,0x0000,0x0000,0x0000,0x9000,0x0000,0x0000,0x0000,0x0000,0x0001,0x9000,0x0000,0x0000,0x0000,0x0000,
//////////0x0001,0xf000,0x0000,0x0000,0x0000,0x0000,0x0000,0x0000,0x0000,0x0000,0x0000,0x0000,0x0000,0x0000,0x0000,0x0000,
//////////0x0000,0x0000,0x0000,0x0000,0x0000,0x0000,0x0000,0x0000,0x0000,0x0000,0x0000,0x0000,0x0000,0x0000,0x0000,0x0000,
//////////0x0000,0x0000,0x0000,0x0000,0x0000,0x0000,0x0000,0x0000,0x0000,0x0000,0x0000,0x0000,0x0000,0x0000,0x0000,0x0000,
//////////0x0000,0x0000,0x0000,0x0000,0x0000,0x0000,0x0000,0x0000,0x0000,0x0000,0x0000,0x0000,0x0000,0x0000,0x0000,0x0000,
//////////0x0000,0x0000,0x0000,0x0000,0x0000,0x0000,0x0000,0x0000,0x0000,0x0000,0x0000,0x0000,0x0000,0x0000,0x0000,0x0000,
//////////0x0000,0x0000,0x0000,0x0000,0x0000,0x0000,0x0000,0x0000,0x0000,0x0000,0x0000,0x0000,0x0000,0x0000,0x0000,0x0000,

};

//51：参数模式 ???????????
unsigned short const Thai_Font25_Pic_51[] = { 
127,56,
////////0x0000,0x0000,0x0000,0x0000,0x01c0,0x0000,0x0000,0x0000,0x0000,0x0000,0x0000,0x0000,0x0242,0x0000,0x0000,0x0000,
////////0x0000,0x0000,0x0000,0x0000,0x0246,0x0000,0x0000,0x0000,0x0000,0x0000,0x0000,0x0000,0x01c4,0x0000,0x0000,0x0000,
////////0x0000,0x0000,0x0000,0x0000,0x00c8,0x0000,0x0000,0x0000,0x0000,0x0000,0x0000,0x0000,0x01b0,0x0000,0x0000,0x0000,
////////0x0000,0x0000,0x0000,0x0000,0x01e0,0x0000,0x0000,0x0000,0x0000,0x0000,0x0000,0x0000,0x0000,0x0000,0x0000,0x0000,
////////0x0000,0x0000,0x0000,0x0000,0x0000,0x0000,0x0000,0x0000,0x00f8,0x0000,0x0000,0x0000,0x0000,0x0000,0x0000,0x0000,
////////0x018c,0x0000,0x0000,0x0000,0x0000,0x0000,0x0000,0x0000,0x0306,0x0000,0x0000,0x0000,0x0000,0x8000,0x0600,0x0000,
////////0x0302,0x0000,0x0000,0x0000,0x01e1,0x8000,0x0600,0x0000,0x0180,0x0000,0x0000,0x0000,0x0123,0x0000,0x0600,0x0000,
////////0x00e0,0x0000,0x0000,0x0000,0x012e,0x0000,0x0600,0x0000,0x0030,0x0000,0x0000,0x0000,0x00f8,0x0000,0x0600,0x0000,
////////0x0030,0x0000,0x0000,0x0000,0x0000,0x0000,0x0000,0x0000,0x0030,0x0000,0x0000,0x0000,0x0000,0x0000,0x0000,0x0000,
////////0x0030,0x7078,0x7018,0x0f80,0x79c0,0x1c03,0xe01f,0x0000,0x0030,0x9048,0xc818,0x1860,0xce60,0x2406,0x1830,0xc000,
////////0x0030,0x9848,0xc818,0x3030,0xc420,0x260c,0x0c60,0x4000,0x0030,0x9878,0xc818,0x6710,0xc020,0x2619,0xc440,0x6000,
////////0x0030,0x7830,0x7818,0x6490,0xc020,0x3e19,0x2400,0x6000,0x0030,0x1838,0x0818,0x6c90,0xce20,0x0613,0x2400,0x6000,
////////0x0030,0x1878,0x0818,0x6c90,0xdb26,0x0613,0x2400,0x6000,0x0030,0x18d8,0x0818,0x6790,0xd123,0x0613,0xc400,0x6000,
////////0x0030,0x1998,0x0818,0x6310,0xd921,0x8616,0x0400,0x6000,0x0030,0x1918,0x3e18,0x6610,0xce20,0xc614,0x0400,0x6000,
////////0x003c,0x1b18,0x4b18,0x6c10,0xcc20,0x6614,0x0400,0x6000,0x0036,0x1e18,0xc8d8,0x6810,0xd820,0x361c,0x0400,0x6000,
////////0x0022,0x1c18,0xc878,0x7810,0xf020,0x1e18,0x0400,0x6000,0x0036,0x1c18,0x6838,0x7010,0xe020,0x0e18,0x0400,0x6000,
////////0x001c,0x1818,0x3818,0x6010,0xc020,0x0e18,0x0400,0x6000,0x0000,0x0000,0x0000,0x0000,0x0000,0x0000,0x0000,0x0000,
////////0x0000,0x0000,0x0000,0x0000,0x0000,0x0000,0x0000,0x0000,0x0000,0x0000,0x0000,0x0000,0x0000,0x0000,0x0000,0x0000,
////////0x0000,0x0000,0x0000,0x0000,0x0000,0x0000,0x0000,0x0000,0x0000,0x0000,0x0000,0x0000,0x0000,0x0000,0x0000,0x0000,
////////0x0000,0x0000,0x0000,0x0000,0x0000,0x0000,0x0000,0x0000,0x0000,0x0000,0x0000,0x0000,0x0000,0x0000,0x0000,0x0000,
////////0x0000,0x0000,0x0000,0x0000,0x0000,0x0000,0x0000,0x0000,0x0000,0x0000,0x0000,0x0000,0x0000,0x0000,0x0000,0x0000,
////////0x0000,0x0000,0x0000,0x0000,0x0000,0x0000,0x0000,0x0000,0x0000,0x0000,0x0000,0x0000,0x0000,0x0000,0x0000,0x0000,
////////0x0000,0x0000,0x0000,0x0000,0x0000,0x0000,0x0000,0x0000,0x0000,0x0000,0x0000,0x0000,0x0000,0x0000,0x0000,0x0000,
////////0x0000,0x0000,0x0000,0x0000,0x0000,0x0000,0x0000,0x0000,0x0000,0x0000,0x0000,0x0000,0x0000,0x0000,0x0000,0x0000,
////////0x0000,0x0000,0x0000,0x0000,0x0000,0x0000,0x0000,0x0000,0x0000,0x0000,0x0000,0x0000,0x0000,0x0000,0x0000,0x0000,
////////0x0000,0x0000,0x0000,0x0000,0x0000,0x0000,0x0000,0x0000,0x0000,0x0000,0x0000,0x0000,0x0000,0x0000,0x0000,0x0000,
////////0x0000,0x0000,0x0000,0x0000,0x0000,0x0000,0x0000,0x0000,0x0000,0x0000,0x0000,0x0000,0x0000,0x0000,0x0000,0x0000,
////////0x0000,0x0000,0x0000,0x0000,0x0000,0x0000,0x0000,0x0000,0x0000,0x0000,0x0000,0x0000,0x0000,0x0000,0x0000,0x0000,

};

//52：基准模式 ???????????
unsigned short const Thai_Font25_Pic_52[] = { 
171,56,
//////////////0x0000,0x0000,0x0000,0x0000,0x0000,0x0000,0x0000,0x0000,0x0000,0x0000,0x0000,0x0000,0x0000,0x0000,0x0000,0x0000,
//////////////0x0000,0x0000,0x0000,0x0000,0x0000,0x0000,0x0000,0x0000,0x0000,0x0000,0x0000,0x0000,0x0000,0x0000,0x0000,0x0000,
//////////////0x0000,0x0000,0x0000,0x0000,0x0000,0x0000,0x0000,0x0000,0x0000,0x0000,0x0000,0x0000,0x0000,0x0000,0x0000,0x0000,
//////////////0x0000,0x0000,0x0000,0x0000,0x0000,0x0000,0x0000,0x0000,0x0000,0x0000,0x0000,0x0000,0x0000,0x0000,0x0000,0x0000,
//////////////0x0000,0x0000,0x0000,0x0000,0x0000,0x0000,0x0000,0x0000,0x0000,0x0000,0x0000,0x0000,0x0000,0x0000,0x0000,0x0000,
//////////////0x0000,0x0000,0x0000,0x0000,0x0000,0x0000,0x0000,0x0000,0x0000,0x0000,0x0000,0x0000,0x0000,0x0000,0x0000,0x0000,
//////////////0x0000,0x0000,0x0000,0x00f8,0x0000,0x0000,0x0000,0x0000,0x0000,0x0000,0x0000,0x0000,0x0000,0x0000,0x018c,0x0000,
//////////////0x0000,0x0000,0x0000,0x0000,0x0000,0x0000,0x0000,0x0000,0x0000,0x0306,0x0000,0x0000,0x0000,0x0000,0x0000,0x0000,
//////////////0x0000,0x0000,0x0000,0x0000,0x0302,0x0000,0x0000,0x0000,0x0000,0x0000,0x0000,0x0000,0x0000,0x0000,0x0000,0x0180,
//////////////0x0000,0x0000,0x0000,0x0000,0x0000,0x0000,0x0000,0x0000,0x0000,0x0000,0x00e0,0x0000,0x0000,0x0000,0x0000,0x0000,
//////////////0x0000,0x0000,0x0000,0x0000,0x0000,0x0030,0x0000,0x0000,0x0000,0x0000,0x0000,0x0000,0x0000,0x0000,0x0000,0x0000,
//////////////0x0030,0x0000,0x0000,0x0000,0x0000,0x0000,0x0000,0x0000,0x0000,0x0000,0x0000,0x0030,0x0000,0x0000,0x0000,0x0000,
//////////////0x0000,0x0000,0x0000,0xc000,0x0000,0x0000,0x0030,0x7078,0x7018,0x0f80,0xe030,0x7c03,0xce03,0xc07e,0xc3e0,0x380c,
//////////////0x0000,0x0030,0x9048,0xc818,0x1861,0x9030,0xc306,0x730c,0x30c3,0x8618,0x4c0c,0x0000,0x0030,0x9848,0xc818,0x3031,
//////////////0x9031,0x8106,0x2108,0x1180,0x0c08,0x4c0c,0x0000,0x0030,0x9878,0xc818,0x6711,0x9031,0x0186,0x0118,0x19fe,0x080c,
//////////////0x4c0c,0x0000,0x0030,0x7830,0x7818,0x6490,0xf030,0x0186,0x011f,0xd803,0x800c,0x3c0c,0x0000,0x0030,0x1838,0x0818,
//////////////0x6c90,0x1030,0x0186,0x7100,0xc001,0x800c,0x0c0c,0x0000,0x0030,0x1878,0x0818,0x6c90,0x1030,0x0186,0xd900,0xc071,
//////////////0x800c,0x0c0c,0x0000,0x0030,0x18d8,0x0818,0x6790,0x1030,0x0186,0x8900,0xc0d1,0x800c,0x0c0c,0x0000,0x0030,0x1998,
//////////////0x0818,0x6310,0x1030,0x0186,0xc900,0xc099,0x000c,0x0c0c,0x0000,0x0030,0x1918,0x3e18,0x6610,0x7c30,0x0186,0x7100,
//////////////0xc0d9,0x000c,0x0c0c,0x0000,0x003c,0x1b18,0x4b18,0x6c10,0x9630,0x0186,0x6103,0xc07d,0x000c,0x0c3c,0x0000,0x0036,
//////////////0x1e18,0xc8d8,0x6811,0x91b0,0x0186,0xc104,0xc005,0x000c,0x0ce2,0x0000,0x0022,0x1c18,0xc878,0x7811,0x90f0,0x0187,
//////////////0x8104,0xc005,0x000c,0x0d23,0x0000,0x0036,0x1c18,0x6838,0x7010,0xd070,0x0187,0x0104,0xc007,0x000c,0x0e22,0x0000,
//////////////0x001c,0x1818,0x3818,0x6010,0x7030,0x0186,0x0103,0x8003,0x000c,0x0c1e,0x0000,0x0000,0x0000,0x0000,0x0000,0x0000,
//////////////0x0000,0x0000,0x0000,0x0000,0x0000,0x0000,0x0000,0x0000,0x0000,0x0000,0x0000,0x0000,0x0000,0x00c7,0x0000,0x0000,
//////////////0x0000,0x0000,0x0000,0x0000,0x0000,0x0000,0x0000,0x0000,0x00cd,0x8000,0x0000,0x0000,0x0000,0x0000,0x0000,0x0000,
//////////////0x0000,0x0000,0x0000,0x00c8,0x8000,0x0000,0x0000,0x0000,0x0000,0x0000,0x0000,0x0000,0x0000,0x0000,0x00cd,0x8000,
//////////////0x0000,0x0000,0x0000,0x0000,0x0000,0x0000,0x0000,0x0000,0x0000,0x07c7,0x8000,0x0000,0x0000,0x0000,0x0000,0x0000,
//////////////0x0000,0x0000,0x0000,0x0000,0x04c0,0x8000,0x0000,0x0000,0x0000,0x0000,0x0000,0x0000,0x0000,0x0000,0x0000,0x0cfd,
//////////////0x0000,0x0000,0x0000,0x0000,0x0000,0x0000,0x0000,0x0000,0x0000,0x0000,0x04b7,0x0000,0x0000,0x0000,0x0000,0x0000,
//////////////0x0000,0x0000,0x0000,0x0000,0x0000,0x0782,0x0000,0x0000,0x0000,0x0000,0x0000,0x0000,0x0000,0x0000,0x0000,0x0000,
//////////////0x0000,0x0000,0x0000,0x0000,0x0000,0x0000,0x0000,0x0000,0x0000,0x0000,0x0000,0x0000,0x0000,0x0000,0x0000,0x0000,
//////////////0x0000,0x0000,0x0000,0x0000,0x0000,0x0000,0x0000,0x0000,0x0000,0x0000,0x0000,0x0000,0x0000,0x0000,0x0000,0x0000,
//////////////0x0000,0x0000,0x0000,0x0000,0x0000,0x0000,0x0000,0x0000,0x0000,0x0000,0x0000,0x0000,0x0000,0x0000,0x0000,0x0000,
//////////////0x0000,0x0000,0x0000,0x0000,0x0000,0x0000,0x0000,0x0000,0x0000,0x0000,0x0000,0x0000,0x0000,0x0000,0x0000,0x0000,
//////////////0x0000,0x0000,0x0000,0x0000,0x0000,0x0000,0x0000,0x0000,0x0000,0x0000,0x0000,0x0000,0x0000,0x0000,0x0000,0x0000,
//////////////0x0000,0x0000,0x0000,0x0000,0x0000,0x0000,0x0000,0x0000,0x0000,0x0000,0x0000,0x0000,0x0000,0x0000,0x0000,0x0000,
//////////////0x0000,0x0000,0x0000,0x0000,0x0000,0x0000,0x0000,0x0000,0x0000,0x0000,0x0000,0x0000,0x0000,0x0000,0x0000,0x0000,
//////////////0x0000,0x0000,0x0000,0x0000,0x0000,0x0000,0x0000,0x0000,0x0000,0x0000,0x0000,0x0000,0x0000,0x0000,0x0000,0x0000,
//////////////0x0000,0x0000,0x0000,0x0000,0x0000,0x0000,0x0000,0x0000
};

//53：请输入6位密码 687610  ?????????????6????
unsigned short const Thai_Font25_Pic_53[] = { 
227,56,
////////0x0000,0x0000,0x0000,0x0000,0x0000,0x0000,0x0000,0x0000,0x0000,0x0000,0x0000,0x0000,0x0000,0x0000,0x0000,0x0000,
////////0x0000,0x0000,0x0000,0x0000,0x0000,0x0000,0x0000,0x0000,0x0000,0x0000,0x0000,0x0000,0x0000,0x0000,0x0000,0x0000,
////////0x0000,0x0000,0x0000,0x0000,0x0000,0x0000,0x0000,0x0000,0x0000,0x0000,0x0000,0x0000,0x0000,0x0000,0x0000,0x0000,
////////0x0000,0x0000,0x0000,0x0000,0x0000,0x0000,0x0000,0x0000,0x0000,0x0000,0x0000,0x0000,0x0000,0x0000,0x0000,0x0000,
////////0x0000,0x0000,0x0000,0x0000,0x0000,0x0000,0x0000,0x0000,0x0000,0x0000,0x0000,0x0000,0x0000,0x0000,0x0000,0x0000,
////////0x0000,0x0000,0x0000,0x0000,0x0000,0x0000,0x0000,0x0000,0x0000,0x0000,0x0000,0x0000,0x0000,0x0000,0x0000,0x0000,
////////0x0000,0x0000,0x0000,0x0000,0x0000,0x0000,0x0000,0x0000,0x0000,0x0000,0x0000,0x0000,0x0000,0x0000,0x0000,0x0000,
////////0x0000,0x0000,0x0000,0x0000,0x0000,0x0000,0x0000,0x0000,0x0000,0x0000,0x0000,0x0000,0x0000,0x0000,0x0000,0x0000,
////////0x0000,0x0000,0x0000,0x0000,0x0000,0x0000,0x0000,0x0000,0x0000,0x0000,0x0000,0x001e,0x0000,0x0000,0x0000,0x0000,
////////0x0000,0x0000,0x0000,0x0000,0x0000,0x0000,0x0000,0x0000,0x0000,0x0000,0x0012,0x5800,0x0000,0x0000,0x0000,0x0000,
////////0x0000,0x0000,0x0000,0x0000,0x0000,0x0000,0x0000,0x0000,0x0000,0x0012,0x5000,0x0000,0x0000,0x0000,0x4000,0x0000,
////////0x0000,0x0004,0x0000,0x0000,0x0000,0x0000,0x0000,0x0000,0x001e,0x6000,0x0000,0x0000,0x00f0,0xc000,0x0000,0x0000,
////////0x0f0c,0x0000,0x0000,0x0000,0x0000,0x0000,0x0000,0x0006,0x6000,0x0000,0x0000,0x0091,0x8000,0x0000,0x0000,0x0918,
////////0x0000,0x0000,0x0000,0x0000,0x0000,0x0000,0x000d,0xc000,0x0000,0x0000,0x0097,0x0000,0x0000,0x0000,0x0970,0x0000,
////////0x0000,0x0000,0x0000,0x0000,0x0000,0x001f,0x4000,0x0000,0x0000,0x007c,0x0000,0x0000,0x0000,0x07c0,0x0000,0x0000,
////////0x0000,0x0000,0x0000,0x0000,0x0000,0x4000,0x0000,0x0000,0x0000,0x0060,0x0000,0x0000,0x0000,0x0000,0x0000,0x0000,
////////0x0000,0x0000,0x0000,0x0000,0x4000,0x0000,0x0000,0x0000,0x0060,0x0000,0x0000,0x0000,0x0000,0x0000,0x003f,0x0078,
////////0x0fc0,0x103e,0x0380,0x407c,0x0380,0xc0f0,0x7078,0x0fc0,0x1e03,0x83c0,0x7c01,0xf800,0x0000,0x00e1,0xc186,0x3870,
////////0x1061,0x84c0,0x40c3,0x04c0,0xc30c,0x9048,0x30c0,0x3304,0x8241,0x8607,0x0e00,0x0000,0x0180,0x4102,0x6010,0x10c0,
////////0x84c0,0x4181,0x84c0,0xc204,0x9848,0x61a0,0x6184,0xc243,0x030c,0x0200,0x0000,0x0070,0x6303,0x1c18,0x1080,0xc4c0,
////////0x4300,0x84c0,0xc606,0x9878,0x4330,0xc084,0xc3c2,0x1183,0x8300,0x0000,0x0060,0x63fb,0x1818,0x1000,0xc3c0,0x4378,
////////0x83c0,0xc7f6,0x7830,0x4630,0xc003,0xc182,0x3983,0x0300,0x0000,0x00c0,0x6018,0x3018,0x1000,0xc0c0,0x4248,0xc0c0,
////////0xc030,0x1838,0xcf10,0x8000,0xc1c6,0x4986,0x0300,0x0000,0x00c0,0x6018,0x3018,0x1000,0xc0c0,0x424c,0xc0c0,0xc030,
////////0x1878,0xd990,0xbf00,0xc3c6,0xc586,0x0300,0x0000,0x00c0,0x6018,0x3018,0x1000,0xc0c0,0x4048,0xc0c0,0xc030,0x18d8,
////////0x1090,0xe180,0xc6c0,0x8586,0x0300,0x0000,0x00c0,0x6018,0x3018,0x1000,0xc0c0,0x4078,0xc0c0,0xc030,0x1998,0x3090,
////////0xc080,0xccc1,0x8386,0x0300,0x0000,0x00c0,0x6018,0x3018,0x1000,0xc0c0,0x4040,0xc0c0,0xc030,0x1918,0x2050,0xc0c0,
////////0xc8c1,0x0286,0x0300,0x0000,0x00c0,0x6078,0x3c18,0x7800,0xc0c0,0x4040,0xc0c3,0xc0f0,0x1b18,0x3c50,0xc0c0,0xd8c1,
////////0xc386,0x0300,0x0000,0x00c0,0x6098,0x3219,0xcc00,0xc0c0,0x4040,0xc0ce,0x2130,0x1e18,0x6430,0xc0c0,0xf0c3,0x2186,
////////0x0300,0x0000,0x00c0,0x6098,0x321b,0xc400,0xc0c0,0x4040,0xc0d2,0x3130,0x1c18,0x6430,0x4080,0xe0c3,0x2186,0x0300,
////////0x0000,0x00c0,0x6098,0x321c,0xcc00,0xc0c0,0x4040,0xc0e2,0x2130,0x1c18,0x2430,0x6180,0xe0c1,0x2186,0x0300,0x0000,
////////0x00c0,0x6070,0x1c18,0x7800,0xc3ff,0xc07f,0xc0c1,0xe0e0,0x1818,0x3830,0x3f00,0xc0c1,0xc186,0x0300,0x0000,0x0000,
////////0x0000,0x0000,0x0000,0x0000,0x0000,0x0000,0x0000,0x0000,0x0000,0x0000,0x0000,0x0000,0x0000,0x0000,0x0000,0x0038,
////////0x0000,0x0000,0x0000,0x0000,0x0000,0x0000,0x0000,0x0000,0x0000,0x0000,0x0000,0x0000,0x0000,0x0000,0x0064,0x0000,
////////0x0000,0x0000,0x0000,0x0000,0x0000,0x0000,0x0000,0x0000,0x0000,0x0000,0x0000,0x0000,0x0000,0x0064,0x0000,0x0000,
////////0x0000,0x0000,0x0000,0x0000,0x0000,0x0000,0x0000,0x0000,0x0000,0x0000,0x0000,0x0000,0x003c,0x0000,0x0000,0x0000,
////////0x0000,0x0000,0x0000,0x0000,0x0000,0x0000,0x0000,0x0000,0x0000,0x0000,0x0000,0x0004,0x0000,0x0000,0x0000,0x0000,
////////0x0000,0x0000,0x0000,0x0000,0x0000,0x0000,0x0000,0x0000,0x0000,0x0000,0x0004,0x0000,0x0000,0x0000,0x0000,0x0000,
////////0x0000,0x0000,0x0000,0x0000,0x0000,0x0000,0x0000,0x0000,0x0000,0x0004,0x0000,0x0000,0x0000,0x0000,0x0000,0x0000,
////////0x0000,0x0000,0x0000,0x0000,0x0000,0x0000,0x0000,0x0000,0x0000,0x0000,0x0000,0x0000,0x0000,0x0000,0x0000,0x0000,
////////0x0000,0x0000,0x0000,0x0000,0x0000,0x0000,0x0000,0x0000,0x0000,0x0000,0x0000,0x0000,0x0000,0x0000,0x0000,0x0000,
////////0x0000,0x0000,0x0000,0x0000,0x0000,0x0000,0x0000,0x0000,0x0000,0x0000,0x0000,0x0000,0x0000,0x0000,0x0000,0x0000,
////////0x0000,0x0000,0x0000,0x0000,0x0000,0x0000,0x0000,0x0000,0x0000,0x0000,0x0000,0x0000,0x0000,0x0000,0x0000,0x0000,
////////0x0000,0x0000,0x0000,0x0000,0x0000,0x0000,0x0000,0x0000,0x0000,0x0000,0x0000,0x0000,0x0000,0x0000,0x0000,0x0000,
////////0x0000,0x0000,0x0000,0x0000,0x0000,0x0000,0x0000,0x0000,0x0000,0x0000,0x0000,0x0000,0x0000,0x0000,0x0000,0x0000,
////////0x0000,0x0000,0x0000,0x0000,0x0000,0x0000,0x0000,0x0000,0x0000,0x0000,0x0000,0x0000,0x0000,0x0000,0x0000,0x0000,
////////0x0000,0x0000,0x0000,0x0000,0x0000,0x0000,0x0000,0x0000,0x0000,0x0000,0x0000,0x0000,0x0000,0x0000,0x0000,0x0000,
////////0x0000,0x0000,0x0000,0x0000,0x0000,0x0000,0x0000,0x0000,0x0000,0x0000,0x0000,0x0000,0x0000,0x0000,0x0000,0x0000,
////////0x0000,0x0000,0x0000,0x0000,0x0000,0x0000,0x0000,0x0000,0x0000,0x0000,0x0000,0x0000,0x0000,0x0000,0x0000,0x0000,
////////0x0000,0x0000,0x0000,0x0000,0x0000,0x0000,0x0000,0x0000,0x0000,0x0000,0x0000,0x0000,0x0000,0x0000,0x0000,0x0000,
////////0x0000,0x0000,0x0000,0x0000,0x0000,0x0000,0x0000,0x0000,0x0000,0x0000,0x0000,0x0000,0x0000,0x0000,0x0000,0x0000,
////////0x0000,0x0000,0x0000,0x0000,0x0000,0x0000,0x0000,0x0000,0x0000,0x0000,0x0000,0x0000,0x0000,0x0000,0x0000,0x0000,
////////0x0000,0x0000,0x0000,0x0000,0x0000,0x0000,0x0000,0x0000,0x0000,0x0000,0x0000,0x0000,0x0000,0x0000,0x0000,0x0000,
////////0x0000,0x0000,0x0000,0x0000,0x0000,0x0000,0x0000,0x0000
};

//54：请输入密码 ?????????????
unsigned short const Thai_Font25_Pic_54[] = { 
166,56,
//////////0x0000,0x0000,0x0000,0x0000,0x0000,0x0000,0x0000,0x0000,0x0000,0x0000,0x0000,0x0000,0x0000,0x0000,0x0000,0x0000,
//////////0x0000,0x0000,0x0000,0x0000,0x0000,0x0000,0x0000,0x0000,0x0000,0x0000,0x0000,0x0000,0x0000,0x0000,0x0000,0x0000,
//////////0x0000,0x0000,0x0000,0x0000,0x0000,0x0000,0x0000,0x0000,0x0000,0x0000,0x0000,0x0000,0x0000,0x0000,0x0000,0x0000,
//////////0x0000,0x0000,0x0000,0x0000,0x0000,0x0000,0x0000,0x0000,0x0000,0x0000,0x0000,0x0000,0x0000,0x0000,0x0000,0x0000,
//////////0x0000,0x0000,0x0000,0x0000,0x0000,0x0000,0x0000,0x0000,0x0000,0x0000,0x0000,0x0000,0x0000,0x0000,0x0000,0x0000,
//////////0x0000,0x0000,0x0000,0x0000,0x0000,0x0000,0x0000,0x0000,0x0000,0x0000,0x0000,0x0000,0x0000,0x0000,0x0000,0x0000,
//////////0x0000,0x0000,0x0000,0x0000,0x0000,0x0000,0x0000,0x001e,0x0000,0x0000,0x0000,0x0000,0x0000,0x0000,0x0000,0x0000,
//////////0x0000,0x0000,0x0012,0x5800,0x0000,0x0000,0x0000,0x0000,0x0000,0x0000,0x0000,0x0000,0x0000,0x0012,0x5000,0x0000,
//////////0x0000,0x0000,0x4000,0x0000,0x0000,0x0000,0x0000,0x0000,0x001e,0x6000,0x0000,0x0000,0x00f0,0xc000,0x0000,0x0000,
//////////0x0000,0x0000,0x0000,0x0006,0x6000,0x0000,0x0000,0x0091,0x8000,0x0000,0x0000,0x0000,0x0000,0x0000,0x000d,0xc000,
//////////0x0000,0x0000,0x0097,0x0000,0x0000,0x0000,0x0000,0x0000,0x0000,0x001f,0x4000,0x0000,0x0000,0x007c,0x0000,0x0000,
//////////0x0000,0x0000,0x0000,0x0000,0x0000,0x4000,0x0000,0x0000,0x0000,0x0060,0x0000,0x0000,0x0000,0x0000,0x0000,0x0000,
//////////0x4000,0x0000,0x0000,0x0000,0x0060,0x0000,0x003f,0x0078,0x0fc0,0x103e,0x0380,0x407c,0x0380,0xc0f0,0x7078,0x0fc0,
//////////0x0000,0x00e1,0xc186,0x3870,0x1061,0x84c0,0x40c3,0x04c0,0xc30c,0x9048,0x30c0,0x0000,0x0180,0x4102,0x6010,0x10c0,
//////////0x84c0,0x4181,0x84c0,0xc204,0x9848,0x61a0,0x0000,0x0070,0x6303,0x1c18,0x1080,0xc4c0,0x4300,0x84c0,0xc606,0x9878,
//////////0x4330,0x0000,0x0060,0x63fb,0x1818,0x1000,0xc3c0,0x4378,0x83c0,0xc7f6,0x7830,0x4630,0x0000,0x00c0,0x6018,0x3018,
//////////0x1000,0xc0c0,0x4248,0xc0c0,0xc030,0x1838,0xcf10,0x0000,0x00c0,0x6018,0x3018,0x1000,0xc0c0,0x424c,0xc0c0,0xc030,
//////////0x1878,0xd990,0x0000,0x00c0,0x6018,0x3018,0x1000,0xc0c0,0x4048,0xc0c0,0xc030,0x18d8,0x1090,0x0000,0x00c0,0x6018,
//////////0x3018,0x1000,0xc0c0,0x4078,0xc0c0,0xc030,0x1998,0x3090,0x0000,0x00c0,0x6018,0x3018,0x1000,0xc0c0,0x4040,0xc0c0,
//////////0xc030,0x1918,0x2050,0x0000,0x00c0,0x6078,0x3c18,0x7800,0xc0c0,0x4040,0xc0c3,0xc0f0,0x1b18,0x3c50,0x0000,0x00c0,
//////////0x6098,0x3219,0xcc00,0xc0c0,0x4040,0xc0ce,0x2130,0x1e18,0x6430,0x0000,0x00c0,0x6098,0x321b,0xc400,0xc0c0,0x4040,
//////////0xc0d2,0x3130,0x1c18,0x6430,0x0000,0x00c0,0x6098,0x321c,0xcc00,0xc0c0,0x4040,0xc0e2,0x2130,0x1c18,0x2430,0x0000,
//////////0x00c0,0x6070,0x1c18,0x7800,0xc3ff,0xc07f,0xc0c1,0xe0e0,0x1818,0x3830,0x0000,0x0000,0x0000,0x0000,0x0000,0x0000,
//////////0x0000,0x0000,0x0000,0x0000,0x0000,0x0000,0x0000,0x0038,0x0000,0x0000,0x0000,0x0000,0x0000,0x0000,0x0000,0x0000,
//////////0x0000,0x0000,0x0064,0x0000,0x0000,0x0000,0x0000,0x0000,0x0000,0x0000,0x0000,0x0000,0x0000,0x0064,0x0000,0x0000,
//////////0x0000,0x0000,0x0000,0x0000,0x0000,0x0000,0x0000,0x0000,0x003c,0x0000,0x0000,0x0000,0x0000,0x0000,0x0000,0x0000,
//////////0x0000,0x0000,0x0000,0x0004,0x0000,0x0000,0x0000,0x0000,0x0000,0x0000,0x0000,0x0000,0x0000,0x0000,0x0004,0x0000,
//////////0x0000,0x0000,0x0000,0x0000,0x0000,0x0000,0x0000,0x0000,0x0000,0x0004,0x0000,0x0000,0x0000,0x0000,0x0000,0x0000,
//////////0x0000,0x0000,0x0000,0x0000,0x0000,0x0000,0x0000,0x0000,0x0000,0x0000,0x0000,0x0000,0x0000,0x0000,0x0000,0x0000,
//////////0x0000,0x0000,0x0000,0x0000,0x0000,0x0000,0x0000,0x0000,0x0000,0x0000,0x0000,0x0000,0x0000,0x0000,0x0000,0x0000,
//////////0x0000,0x0000,0x0000,0x0000,0x0000,0x0000,0x0000,0x0000,0x0000,0x0000,0x0000,0x0000,0x0000,0x0000,0x0000,0x0000,
//////////0x0000,0x0000,0x0000,0x0000,0x0000,0x0000,0x0000,0x0000,0x0000,0x0000,0x0000,0x0000,0x0000,0x0000,0x0000,0x0000,
//////////0x0000,0x0000,0x0000,0x0000,0x0000,0x0000,0x0000,0x0000,0x0000,0x0000,0x0000,0x0000,0x0000,0x0000,0x0000,0x0000,
//////////0x0000,0x0000,0x0000,0x0000,0x0000,0x0000,0x0000,0x0000,0x0000,0x0000,0x0000,0x0000,0x0000,0x0000,0x0000,0x0000,
//////////0x0000,0x0000,0x0000,0x0000,0x0000,0x0000,0x0000,0x0000,0x0000,0x0000,0x0000,0x0000,0x0000,0x0000,0x0000,0x0000,
//////////0x0000,0x0000,0x0000,0x0000,0x0000,0x0000,0x0000,0x0000,0x0000,0x0000,0x0000,0x0000,0x0000,0x0000,0x0000,0x0000,
//////////0x0000,0x0000,0x0000,0x0000,0x0000,0x0000,0x0000,0x0000,0x0000,0x0000,0x0000,0x0000,0x0000,0x0000,0x0000,0x0000,
//////////0x0000,0x0000,0x0000,0x0000,0x0000,0x0000,0x0000,0x0000,0x0000,0x0000,0x0000,0x0000,0x0000,0x0000,0x0000,0x0000,
//////////0x0000,0x0000,0x0000,0x0000,0x0000,0x0000,0x0000,0x0000
};

//55：年 ??
unsigned short const Thai_Font25_Pic_55[] = { 
29,56,
0x0000,0x0000,0x0000,0x0000,0x0000,0x0000,0x0000,0x0000,0x0000,0x0000,0x0000,0x0000,0x0000,0x0000,0x0000,0x0000,
0x0000,0x3000,0x0000,0x3000,0x001f,0x3800,0x0060,0xf800,0x00c0,0x7800,0x00ff,0x3800,0x0000,0xd800,0x0000,0x3800,
0x0000,0x0800,0x0000,0x0800,0x0070,0x0800,0x0098,0x0800,0x0098,0x0800,0x0098,0x0800,0x0078,0x0800,0x0018,0x0800,
0x0018,0x0800,0x0018,0x0800,0x0018,0x0800,0x0018,0x0800,0x0018,0x0800,0x0018,0x0800,0x0018,0x0800,0x0018,0x0800,
0x007f,0xf800,0x0000,0x0000,0x0000,0x0000,0x0000,0x0000,0x0000,0x0000,0x0000,0x0000,0x0000,0x0000,0x0000,0x0000,
0x0000,0x0000,0x0000,0x0000,0x0000,0x0000,0x0000,0x0000,0x0000,0x0000,0x0000,0x0000,0x0000,0x0000,0x0000,0x0000,
0x0000,0x0000,0x0000,0x0000,0x0000,0x0000,0x0000,0x0000,0x0000,0x0000,0x0000,0x0000,0x0000,0x0000,0x0000,0x0000,

};

//56：月 ?????
unsigned short const Thai_Font25_Pic_56[] = { 
67,56,
////////0x0000,0x0000,0x0000,0x0000,0x0000,0x0000,0x0000,0x0000,0x0000,0x0000,0x0000,0x0000,0x0000,0x0000,0x0000,0x0000,
////////0x0000,0x0000,0x0000,0x0000,0x0000,0x0000,0x0000,0x0000,0x0000,0x0000,0x0000,0x0000,0x0000,0x0000,0x0000,0x0000,
////////0x0000,0x0000,0x0000,0x0000,0x0000,0x0000,0x0000,0x0000,0x0000,0x00b0,0x0000,0x0000,0x0000,0x0000,0x00b0,0x0000,
////////0x0000,0x0000,0x0000,0x1fb0,0x0000,0x0000,0x0000,0x0000,0x60b0,0x0000,0x0000,0x0000,0x0000,0xc070,0x0000,0x0000,
////////0x0000,0x0000,0xff30,0x0000,0x0000,0x0000,0x0000,0x00d0,0x0000,0x0000,0x0000,0x0000,0x0030,0x0000,0x0000,0x0000,
////////0x0000,0x0000,0x0000,0x0000,0x0000,0x0000,0x0000,0x0000,0x0000,0x0000,0x00c0,0x1f00,0x7c03,0x80c0,0x0000,0x00c0,
////////0x30c0,0xc304,0xc0c0,0x0000,0x00c0,0x6061,0x8184,0xc0c0,0x0000,0x00c0,0xce23,0x0084,0xc0c0,0x0000,0x00c0,0xc923,
////////0x7883,0xc0c0,0x0000,0x00c0,0xd922,0x48c0,0xc0c0,0x0000,0x00c0,0xd922,0x4cc0,0xc0c0,0x0000,0x00c0,0xcf20,0x48c0,
////////0xc0c0,0x0000,0x00c0,0xc620,0x78c0,0xc0c0,0x0000,0x00c0,0xcc20,0x40c0,0xc0c0,0x0000,0x00f8,0xd820,0x40c0,0xc3c0,
////////0x0000,0x00c8,0xd020,0x40c0,0xce20,0x0000,0x00c8,0xf020,0x40c0,0xd230,0x0000,0x0048,0xe020,0x40c0,0xe220,0x0000,
////////0x0078,0xc020,0x7fc0,0xc1e0,0x0000,0x0000,0x0000,0x0000,0x0000,0x0000,0x0000,0x0000,0x0000,0x0000,0x0000,0x0000,
////////0x0000,0x0000,0x0000,0x0000,0x0000,0x0000,0x0000,0x0000,0x0000,0x0000,0x0000,0x0000,0x0000,0x0000,0x0000,0x0000,
////////0x0000,0x0000,0x0000,0x0000,0x0000,0x0000,0x0000,0x0000,0x0000,0x0000,0x0000,0x0000,0x0000,0x0000,0x0000,0x0000,
////////0x0000,0x0000,0x0000,0x0000,0x0000,0x0000,0x0000,0x0000,0x0000,0x0000,0x0000,0x0000,0x0000,0x0000,0x0000,0x0000,
////////0x0000,0x0000,0x0000,0x0000,0x0000,0x0000,0x0000,0x0000,0x0000,0x0000,0x0000,0x0000,0x0000,0x0000,0x0000,0x0000,
////////0x0000,0x0000,0x0000,0x0000,0x0000,0x0000,0x0000,0x0000,0x0000,0x0000,0x0000,0x0000,0x0000,0x0000,0x0000,0x0000,
////////0x0000,0x0000,0x0000,0x0000,0x0000,0x0000,0x0000,0x0000,0x0000,0x0000,0x0000,0x0000,0x0000,0x0000,0x0000,0x0000,
////////0x0000,0x0000,0x0000,0x0000,0x0000,0x0000,0x0000,0x0000
};

//57：日 ???
unsigned short const Thai_Font25_Pic_57[] = { 
42,56,
0x0000,0x0000,0x0000,0x0000,0x0000,0x0000,0x0000,0x0000,0x0000,0x0000,0x0000,0x0000,0x0000,0x0000,0x0000,0x0000,
0x0000,0x0000,0x0000,0x0000,0x0000,0x0000,0x0000,0x0000,0x0000,0x0000,0x0000,0x0000,0x0000,0x0000,0x0000,0x0000,
0x0000,0x0000,0x0400,0x0000,0x000f,0x0c00,0x0000,0x0009,0x1800,0x0000,0x0009,0x7000,0x0000,0x0007,0xc000,0x0000,
0x0000,0x0000,0x0000,0x0000,0x0000,0x0000,0x003c,0x0701,0x8000,0x00c3,0x0981,0x8000,0x0081,0x0981,0x8000,0x0181,
0x8981,0x8000,0x0181,0x8781,0x8000,0x0181,0x8181,0x8000,0x0181,0x8181,0x8000,0x0001,0x8181,0x8000,0x0001,0x8181,
0x8000,0x0001,0x8181,0x8000,0x0007,0x8187,0x8000,0x000d,0x819c,0x4000,0x0009,0x81a4,0x6000,0x000d,0x81c4,0x4000,
0x0007,0x0183,0xc000,0x0000,0x0000,0x0000,0x0000,0x0000,0x0000,0x0000,0x0000,0x0000,0x0000,0x0000,0x0000,0x0000,
0x0000,0x0000,0x0000,0x0000,0x0000,0x0000,0x0000,0x0000,0x0000,0x0000,0x0000,0x0000,0x0000,0x0000,0x0000,0x0000,
0x0000,0x0000,0x0000,0x0000,0x0000,0x0000,0x0000,0x0000,0x0000,0x0000,0x0000,0x0000,0x0000,0x0000,0x0000,0x0000,
0x0000,0x0000,0x0000,0x0000,0x0000,0x0000,0x0000,0x0000,0x0000,0x0000,0x0000,0x0000,0x0000,0x0000,0x0000,0x0000,
0x0000,0x0000,0x0000,0x0000,0x0000,0x0000,0x0000,0x0000
};

//58：小时 ???????
unsigned short const Thai_Font25_Pic_58[] = { 
77,56,
0x0000,0x0000,0x0000,0x0000,0x0000,0x0001,0x8000,0x0000,0x0000,0x0000,0x0001,0x8000,0x0000,0x0000,0x0000,0x0001,
0x8000,0x0000,0x0000,0x0000,0x0001,0x8000,0x0000,0x0000,0x0000,0x0001,0x8000,0x0000,0x0000,0x0000,0x0000,0x0000,
0x0000,0x0000,0x0000,0x0000,0x0000,0x0000,0x0000,0x0000,0x0000,0x0000,0x0000,0x0000,0x0000,0x0000,0x0000,0x1f00,
0x0000,0x0000,0x0000,0x0000,0x3180,0x0000,0x0000,0x0000,0x0200,0x60c0,0x0000,0x0000,0x0007,0x8600,0x6040,0x0000,
0x0000,0x0004,0x8c00,0x3000,0x0000,0x0000,0x0004,0xb800,0x1c00,0x0000,0x0000,0x0003,0xe000,0x0600,0x0000,0x0000,
0x0000,0x0000,0x0600,0x0000,0x0000,0x0000,0x4000,0x0600,0x0000,0x0000,0x0078,0xc0f0,0x060e,0x0300,0xe000,0x018f,
0x830c,0x0619,0x0301,0x2000,0x01e3,0x8204,0x0619,0x0301,0x3000,0x0126,0xc606,0x0619,0x0301,0x3000,0x032c,0xc606,
0x060f,0x0301,0xf000,0x012c,0xc606,0x0601,0x0300,0x3000,0x01cc,0xc606,0x0601,0x0330,0x3000,0x000c,0xc006,0x0601,
0x0318,0x3000,0x000c,0xc006,0x0601,0x030c,0x3000,0x000c,0xc006,0x0607,0xc306,0x3000,0x000c,0xc01e,0x0789,0x6303,
0x3000,0x000c,0xc036,0x06d9,0x1b01,0xb000,0x000c,0xc026,0x0459,0x0f00,0xf000,0x000c,0xc036,0x06cd,0x0700,0x7000,
0x001f,0xc01c,0x0387,0x0300,0x7000,0x0000,0x0000,0x0000,0x0000,0x0000,0x0000,0x0000,0x0000,0x0000,0x0000,0x0000,
0x0000,0x0000,0x0000,0x0000,0x0000,0x0000,0x0000,0x0000,0x0000,0x0000,0x0000,0x0000,0x0000,0x0000,0x0000,0x0000,
0x0000,0x0000,0x0000,0x0000,0x0000,0x0000,0x0000,0x0000,0x0000,0x0000,0x0000,0x0000,0x0000,0x0000,0x0000,0x0000,
0x0000,0x0000,0x0000,0x0000,0x0000,0x0000,0x0000,0x0000,0x0000,0x0000,0x0000,0x0000,0x0000,0x0000,0x0000,0x0000,
0x0000,0x0000,0x0000,0x0000,0x0000,0x0000,0x0000,0x0000,0x0000,0x0000,0x0000,0x0000,0x0000,0x0000,0x0000,0x0000,
0x0000,0x0000,0x0000,0x0000,0x0000,0x0000,0x0000,0x0000,0x0000,0x0000,0x0000,0x0000,0x0000,0x0000,0x0000,0x0000,
0x0000,0x0000,0x0000,0x0000,0x0000,0x0000,0x0000,0x0000,0x0000,0x0000,0x0000,0x0000,0x0000,0x0000,0x0000,0x0000,
0x0000,0x0000,0x0000,0x0000,0x0000,0x0000,0x0000,0x0000
};

//59：分钟 ????
unsigned short const Thai_Font25_Pic_59[] = { 
58,56,
0x0000,0x0000,0x0000,0x0000,0x0000,0x0000,0x0000,0x0000,0x0000,0x0000,0x0000,0x0000,0x0000,0x0000,0x0000,0x0000,
0x0000,0x0000,0x0000,0x0000,0x0000,0x0000,0x0000,0x0000,0x0000,0x0000,0x0000,0x0000,0x0000,0x0000,0x0000,0x0000,
0x0000,0x0000,0x0001,0x8000,0x0000,0x0000,0x0001,0x8000,0x0000,0x0000,0x00f9,0x8000,0x0000,0x0000,0x0307,0x8000,
0x0000,0x0000,0x0603,0x8000,0x0000,0x0000,0x07f9,0x8000,0x0000,0x0000,0x0006,0x8000,0x0000,0x0000,0x0001,0x8000,
0x0000,0x0000,0x0000,0x0000,0x0000,0x0000,0x0000,0x0000,0x00e0,0x307c,0x070e,0x0000,0x0130,0x30c3,0x0989,0x0000,
0x0130,0x3181,0x0999,0x8000,0x0130,0x3101,0x8999,0x8000,0x00f0,0x3001,0x8791,0x8000,0x0030,0x3001,0x81b1,0x8000,
0x0030,0x3001,0x81b1,0x8000,0x0030,0x3001,0x81a1,0x8000,0x0030,0x3001,0x81e1,0x8000,0x0030,0x3001,0x81c1,0x8000,
0x0030,0xf001,0x81c1,0x8000,0x0033,0x8801,0x81c1,0x8000,0x0034,0x8c01,0x8181,0x8000,0x0038,0x8801,0x8181,0x8000,
0x0030,0x7801,0x8181,0x8000,0x0000,0x0000,0x0000,0x0000,0x0000,0x0000,0x0000,0x0000,0x0000,0x0000,0x0000,0x0000,
0x0000,0x0000,0x0000,0x0000,0x0000,0x0000,0x0000,0x0000,0x0000,0x0000,0x0000,0x0000,0x0000,0x0000,0x0000,0x0000,
0x0000,0x0000,0x0000,0x0000,0x0000,0x0000,0x0000,0x0000,0x0000,0x0000,0x0000,0x0000,0x0000,0x0000,0x0000,0x0000,
0x0000,0x0000,0x0000,0x0000,0x0000,0x0000,0x0000,0x0000,0x0000,0x0000,0x0000,0x0000,0x0000,0x0000,0x0000,0x0000,
0x0000,0x0000,0x0000,0x0000,0x0000,0x0000,0x0000,0x0000,0x0000,0x0000,0x0000,0x0000,0x0000,0x0000,0x0000,0x0000,
0x0000,0x0000,0x0000,0x0000,0x0000,0x0000,0x0000,0x0000,0x0000,0x0000,0x0000,0x0000,0x0000,0x0000,0x0000,0x0000,

};

//60：时间模式 ????????
unsigned short const Thai_Font25_Pic_60[] = { 
119,56,
0x0000,0x0000,0x0000,0x0000,0x0000,0x0000,0x0000,0x0000,0x0000,0x0000,0x0000,0x0000,0x0000,0x0000,0x0000,0x0000,
0x0000,0x0000,0x0000,0x0000,0x0000,0x0000,0x0000,0x0000,0x0000,0x0000,0x0000,0x0000,0x0000,0x0000,0x0000,0x0000,
0x0000,0x0000,0x0000,0x0000,0x0000,0x0000,0x0000,0x0000,0x0000,0x0000,0x0000,0x0000,0x0000,0x0000,0x0000,0x0000,
0x0000,0x0000,0x0000,0x0000,0x0000,0x0000,0x0000,0x0000,0x0000,0x0000,0x0000,0x0000,0x0000,0x0000,0x0000,0x0000,
0x0000,0x0000,0x0000,0x0000,0x0000,0x0000,0x0000,0x0000,0x00f8,0x0000,0x0000,0x0000,0x0000,0x0000,0x0000,0x0000,
0x018c,0x0000,0x0000,0x0000,0x0000,0x0000,0x0000,0x0000,0x0306,0x0000,0x0000,0x0000,0x0000,0x0000,0x0000,0x0000,
0x0302,0x0000,0x0000,0x0000,0x0000,0x0000,0x0000,0x0000,0x0180,0x0000,0x0000,0x0000,0x0000,0x0000,0x0000,0x0000,
0x00e0,0x0000,0x0000,0x0000,0x0000,0x0000,0x0000,0x0000,0x0030,0x0000,0x0000,0x0000,0x0000,0x0000,0x0000,0x0000,
0x0030,0x0000,0x0000,0x0000,0x0000,0x0000,0x0000,0x0000,0x0030,0x0000,0x0000,0x0000,0x0000,0x0000,0x0000,0x0000,
0x0030,0x7078,0x7018,0x0f80,0xc03c,0x00f8,0x07c0,0x0000,0x0030,0x9048,0xc818,0x1860,0xc0c3,0x030c,0x0c30,0x0000,
0x0030,0x9848,0xc818,0x3030,0xc081,0x0606,0x1810,0x0000,0x0030,0x9878,0xc818,0x6710,0xc181,0x8423,0x1018,0x0000,
0x0030,0x7830,0x7818,0x6490,0xc181,0x8473,0x0018,0x0000,0x0030,0x1838,0x0818,0x6c90,0xc181,0x8c93,0x0018,0x0000,
0x0030,0x1878,0x0818,0x6c90,0xc181,0x8d8b,0x0018,0x0000,0x0030,0x18d8,0x0818,0x6790,0xc001,0x810b,0x0018,0x0000,
0x0030,0x1998,0x0818,0x6310,0xc001,0x8307,0x0018,0x0000,0x0030,0x1918,0x3e18,0x6610,0xc001,0x8205,0x0018,0x0000,
0x003c,0x1b18,0x4b18,0x6c10,0xf807,0x8387,0x0018,0x0000,0x0036,0x1e18,0xc8d8,0x6810,0xc80d,0x8643,0x0018,0x0000,
0x0022,0x1c18,0xc878,0x7810,0xc809,0x8643,0x0018,0x0000,0x0036,0x1c18,0x6838,0x7010,0x480d,0x8243,0x0018,0x0000,
0x001c,0x1818,0x3818,0x6010,0x7807,0x0383,0x0018,0x0000,0x0000,0x0000,0x0000,0x0000,0x0000,0x0000,0x0000,0x0000,
0x0000,0x0000,0x0000,0x0000,0x0000,0x0000,0x0000,0x0000,0x0000,0x0000,0x0000,0x0000,0x0000,0x0000,0x0000,0x0000,
0x0000,0x0000,0x0000,0x0000,0x0000,0x0000,0x0000,0x0000,0x0000,0x0000,0x0000,0x0000,0x0000,0x0000,0x0000,0x0000,
0x0000,0x0000,0x0000,0x0000,0x0000,0x0000,0x0000,0x0000,0x0000,0x0000,0x0000,0x0000,0x0000,0x0000,0x0000,0x0000,
0x0000,0x0000,0x0000,0x0000,0x0000,0x0000,0x0000,0x0000,0x0000,0x0000,0x0000,0x0000,0x0000,0x0000,0x0000,0x0000,
0x0000,0x0000,0x0000,0x0000,0x0000,0x0000,0x0000,0x0000,0x0000,0x0000,0x0000,0x0000,0x0000,0x0000,0x0000,0x0000,
0x0000,0x0000,0x0000,0x0000,0x0000,0x0000,0x0000,0x0000,0x0000,0x0000,0x0000,0x0000,0x0000,0x0000,0x0000,0x0000,
0x0000,0x0000,0x0000,0x0000,0x0000,0x0000,0x0000,0x0000,0x0000,0x0000,0x0000,0x0000,0x0000,0x0000,0x0000,0x0000,
0x0000,0x0000,0x0000,0x0000,0x0000,0x0000,0x0000,0x0000,0x0000,0x0000,0x0000,0x0000,0x0000,0x0000,0x0000,0x0000,
0x0000,0x0000,0x0000,0x0000,0x0000,0x0000,0x0000,0x0000,0x0000,0x0000,0x0000,0x0000,0x0000,0x0000,0x0000,0x0000,
0x0000,0x0000,0x0000,0x0000,0x0000,0x0000,0x0000,0x0000,0x0000,0x0000,0x0000,0x0000,0x0000,0x0000,0x0000,0x0000,
0x0000,0x0000,0x0000,0x0000,0x0000,0x0000,0x0000,0x0000,0x0000,0x0000,0x0000,0x0000,0x0000,0x0000,0x0000,0x0000,

};

//61：脉冲当量模式 ?????????
unsigned short const Thai_Font25_Pic_61[] = { 
128,56,
0x0000,0x0000,0x0000,0x0000,0x0000,0x0000,0x0000,0x0000,0x0000,0x0000,0x0000,0x0000,0x0000,0x0000,0x0000,0x0000,
0x0000,0x0000,0x0000,0x0000,0x0000,0x0000,0x0000,0x0000,0x0000,0x0000,0x0000,0x0000,0x0000,0x0000,0x0000,0x0000,
0x0000,0x0000,0x0000,0x0000,0x0000,0x0000,0x0000,0x0000,0x0000,0x0000,0x0000,0x0000,0x0000,0x0000,0x0000,0x0000,
0x0000,0x0000,0x0000,0x0000,0x0000,0x0000,0x0000,0x0000,0x0000,0x0000,0x0000,0x0000,0x0000,0x0000,0x0000,0x0000,
0x0000,0x0000,0x0000,0x0000,0x0000,0x0000,0x0000,0x0000,0x00f8,0x0000,0x0000,0x0000,0x0000,0x0000,0x0000,0x0000,
0x018c,0x0000,0x0000,0x0000,0x7c00,0x0000,0x0000,0x0000,0x0306,0x0000,0x0000,0x0001,0x8300,0x0000,0x0000,0x0000,
0x0302,0x0000,0x0000,0x0003,0x0180,0x0000,0x0000,0x0000,0x0180,0x0000,0x0000,0x0003,0xfc80,0x0000,0x0000,0x0000,
0x00e0,0x0000,0x0000,0x0000,0x0340,0x0000,0x0000,0x0000,0x0030,0x0000,0x0000,0x0000,0x00c0,0x0000,0x0000,0x0000,
0x0030,0x0000,0x0000,0x0000,0x0000,0x0000,0x0000,0x0000,0x0030,0x0000,0x0000,0x0000,0x0040,0x0000,0x0000,0x0000,
0x0030,0x7078,0x7018,0x0f80,0x78c3,0x8e20,0x7c01,0xe000,0x0030,0x9048,0xc818,0x1861,0x8f84,0x8e21,0x8706,0x1800,
0x0030,0x9848,0xc818,0x3031,0xe384,0xca21,0x0104,0x0800,0x0030,0x9878,0xc818,0x6711,0x26c4,0xdb23,0x018c,0x0c00,
0x0030,0x7830,0x7818,0x6493,0x2cc3,0xd923,0x388f,0xec00,0x0030,0x1838,0x0818,0x6c91,0x2cc0,0xd122,0x6c80,0x6000,
0x0030,0x1878,0x0818,0x6c91,0xccc0,0xd1a2,0x4480,0x6000,0x0030,0x18d8,0x0818,0x6790,0x0cc0,0xf1a0,0x6c80,0x6000,
0x0030,0x1998,0x0818,0x6310,0x0cc0,0xe0a0,0x3e80,0x6000,0x0030,0x1918,0x3e18,0x6610,0x0cc0,0xe0a0,0x0280,0x6000,
0x003c,0x1b18,0x4b18,0x6c10,0x0cc0,0xe0e0,0x0281,0xe000,0x0036,0x1e18,0xc8d8,0x6810,0x0cc0,0xe060,0x0382,0x6000,
0x0022,0x1c18,0xc878,0x7810,0x0cc0,0xc060,0x0182,0x6000,0x0036,0x1c18,0x6838,0x7010,0x0cc0,0xc060,0x0182,0x6000,
0x001c,0x1818,0x3818,0x6010,0x1fc0,0xc060,0x0181,0xc000,0x0000,0x0000,0x0000,0x0000,0x0000,0x0000,0x0000,0x0000,
0x0000,0x0000,0x0000,0x0000,0x0000,0x0000,0x0000,0x0000,0x0000,0x0000,0x0000,0x0000,0x0000,0x0000,0x0000,0x0000,
0x0000,0x0000,0x0000,0x0000,0x0000,0x0000,0x0000,0x0000,0x0000,0x0000,0x0000,0x0000,0x0000,0x0000,0x0000,0x0000,
0x0000,0x0000,0x0000,0x0000,0x0000,0x0000,0x0000,0x0000,0x0000,0x0000,0x0000,0x0000,0x0000,0x0000,0x0000,0x0000,
0x0000,0x0000,0x0000,0x0000,0x0000,0x0000,0x0000,0x0000,0x0000,0x0000,0x0000,0x0000,0x0000,0x0000,0x0000,0x0000,
0x0000,0x0000,0x0000,0x0000,0x0000,0x0000,0x0000,0x0000,0x0000,0x0000,0x0000,0x0000,0x0000,0x0000,0x0000,0x0000,
0x0000,0x0000,0x0000,0x0000,0x0000,0x0000,0x0000,0x0000,0x0000,0x0000,0x0000,0x0000,0x0000,0x0000,0x0000,0x0000,
0x0000,0x0000,0x0000,0x0000,0x0000,0x0000,0x0000,0x0000,0x0000,0x0000,0x0000,0x0000,0x0000,0x0000,0x0000,0x0000,
0x0000,0x0000,0x0000,0x0000,0x0000,0x0000,0x0000,0x0000,0x0000,0x0000,0x0000,0x0000,0x0000,0x0000,0x0000,0x0000,
0x0000,0x0000,0x0000,0x0000,0x0000,0x0000,0x0000,0x0000,0x0000,0x0000,0x0000,0x0000,0x0000,0x0000,0x0000,0x0000,
0x0000,0x0000,0x0000,0x0000,0x0000,0x0000,0x0000,0x0000,0x0000,0x0000,0x0000,0x0000,0x0000,0x0000,0x0000,0x0000,
0x0000,0x0000,0x0000,0x0000,0x0000,0x0000,0x0000,0x0000,0x0000,0x0000,0x0000,0x0000,0x0000,0x0000,0x0000,0x0000,

};

//62：请输入脉冲当量 ?????????????????
unsigned short const Thai_Font25_Pic_62[] = { 
210,56,
//////////0x0000,0x0000,0x0000,0x0000,0x0000,0x0000,0x0000,0x0000,0x0000,0x0000,0x0000,0x0000,0x0000,0x0000,0x0000,0x0000,
//////////0x0000,0x0000,0x0000,0x0000,0x0000,0x0000,0x0000,0x0000,0x0000,0x0000,0x0000,0x0000,0x0000,0x0000,0x0000,0x0000,
//////////0x0000,0x0000,0x0000,0x0000,0x0000,0x0000,0x0000,0x0000,0x0000,0x0000,0x0000,0x0000,0x0000,0x0000,0x0000,0x0000,
//////////0x0000,0x0000,0x0000,0x0000,0x0000,0x0000,0x0000,0x0000,0x0000,0x0000,0x0000,0x0000,0x0000,0x0000,0x0000,0x0000,
//////////0x0000,0x0000,0x0000,0x0000,0x0000,0x0000,0x0000,0x0000,0x0000,0x0000,0x0000,0x0000,0x0000,0x0000,0x0000,0x0000,
//////////0x0000,0x0000,0x0000,0x0000,0x0000,0x0000,0x0000,0x0000,0x0000,0x0000,0x0000,0x0000,0x0000,0x0000,0x0000,0x0000,
//////////0x0000,0x0000,0x0000,0x0000,0x0000,0x0000,0x0000,0x0000,0x0000,0x0000,0x0000,0x0000,0x0000,0x0000,0x0000,0x0000,
//////////0x0000,0x0000,0x0000,0x0000,0x0000,0x0000,0x0000,0x0000,0x0000,0x0030,0x0000,0x0000,0x0000,0x0000,0x0000,0x0000,
//////////0x0000,0x0000,0x001e,0x0000,0x0000,0x0000,0x0000,0x0030,0x0000,0x0000,0x0000,0x0000,0x0000,0x0000,0x0000,0x0000,
//////////0x0012,0x5800,0x0000,0x0000,0x0000,0x1f30,0x0000,0x0000,0x0000,0x0000,0x0000,0x0000,0x0000,0x0000,0x0012,0x5000,
//////////0x0000,0x0000,0xc000,0x60f0,0x0000,0x0000,0x0000,0x0000,0x0000,0x0000,0x0000,0x0000,0x001e,0x6000,0x0000,0x0000,
//////////0xc000,0xc070,0x0000,0x0000,0x0000,0x0000,0x0000,0x0000,0x0000,0x0000,0x0006,0x6000,0x0000,0x0000,0xc000,0xff30,
//////////0x0000,0x0000,0x0000,0x0000,0x0000,0x0000,0x0000,0x0000,0x000d,0xc000,0x0000,0x0000,0xc000,0x00d0,0x0000,0x0000,
//////////0x0000,0x0000,0x0000,0x0000,0x0000,0x0000,0x001f,0x4000,0x0000,0x0000,0xc000,0x0030,0x0000,0x0000,0x0000,0x0000,
//////////0x0000,0x0000,0x0000,0x0000,0x0000,0x4000,0x0000,0x0000,0x0000,0x0000,0x0000,0x0000,0x0000,0x0000,0x0000,0x0000,
//////////0x0000,0x0000,0x0000,0x4000,0x0000,0x0000,0x0000,0x0010,0x0000,0x0000,0x0000,0x0000,0x003f,0x0078,0x0fc0,0x103e,
//////////0x0380,0x407c,0x0380,0xc07c,0x03e0,0x1e30,0xe388,0x1f00,0x7800,0x0000,0x00e1,0xc186,0x3870,0x1061,0x84c0,0x40c3,
//////////0x04c0,0xc0c3,0x0618,0x63e1,0x2388,0x61c1,0x8600,0x0000,0x0180,0x4102,0x6010,0x10c0,0x84c0,0x4181,0x84c0,0xc181,
//////////0x8c08,0x78e1,0x3288,0x4041,0x0200,0x0000,0x0070,0x6303,0x1c18,0x1080,0xc4c0,0x4300,0x84c0,0xc338,0x880c,0x49b1,
//////////0x36c8,0xc063,0x0300,0x0000,0x0060,0x63fb,0x1818,0x1000,0xc3c0,0x4378,0x83c0,0xc324,0x800c,0xcb30,0xf648,0xce23,
//////////0xfb00,0x0000,0x00c0,0x6018,0x3018,0x1000,0xc0c0,0x4248,0xc0c0,0xc264,0x800c,0x4b30,0x3448,0x9b20,0x1800,0x0000,
//////////0x00c0,0x6018,0x3018,0x1000,0xc0c0,0x424c,0xc0c0,0xc264,0x800c,0x7330,0x3468,0x9120,0x1800,0x0000,0x00c0,0x6018,
//////////0x3018,0x1000,0xc0c0,0x4048,0xc0c0,0xc278,0x800c,0x0330,0x3c68,0x1b20,0x1800,0x0000,0x00c0,0x6018,0x3018,0x1000,
//////////0xc0c0,0x4078,0xc0c0,0xc2c0,0x800c,0x0330,0x3828,0x0fa0,0x1800,0x0000,0x00c0,0x6018,0x3018,0x1000,0xc0c0,0x4040,
//////////0xc0c0,0xc280,0x800c,0x0330,0x3828,0x00a0,0x1800,0x0000,0x00c0,0x6078,0x3c18,0x7800,0xc0c0,0x4040,0xc0c3,0xc280,
//////////0x800c,0x0330,0x3838,0x00a0,0x7800,0x0000,0x00c0,0x6098,0x3219,0xcc00,0xc0c0,0x4040,0xc0ce,0x2380,0x800c,0x0330,
//////////0x3818,0x00e0,0x9800,0x0000,0x00c0,0x6098,0x321b,0xc400,0xc0c0,0x4040,0xc0d2,0x3300,0x800c,0x0330,0x3018,0x0060,
//////////0x9800,0x0000,0x00c0,0x6098,0x321c,0xcc00,0xc0c0,0x4040,0xc0e2,0x2300,0x800c,0x0330,0x3018,0x0060,0x9800,0x0000,
//////////0x00c0,0x6070,0x1c18,0x7800,0xc3ff,0xc07f,0xc0c1,0xe300,0x800c,0x07f0,0x3018,0x0060,0x7000,0x0000,0x0000,0x0000,
//////////0x0000,0x0000,0x0000,0x0000,0x0000,0x0000,0x0000,0x0000,0x0000,0x0000,0x0000,0x0000,0x0000,0x0038,0x0000,0x0000,
//////////0x0000,0x0000,0x0000,0x0000,0x0000,0x0000,0x0000,0x0000,0x0000,0x0000,0x0000,0x0064,0x0000,0x0000,0x0000,0x0000,
//////////0x0000,0x0000,0x0000,0x0000,0x0000,0x0000,0x0000,0x0000,0x0000,0x0064,0x0000,0x0000,0x0000,0x0000,0x0000,0x0000,
//////////0x0000,0x0000,0x0000,0x0000,0x0000,0x0000,0x0000,0x003c,0x0000,0x0000,0x0000,0x0000,0x0000,0x0000,0x0000,0x0000,
//////////0x0000,0x0000,0x0000,0x0000,0x0000,0x0004,0x0000,0x0000,0x0000,0x0000,0x0000,0x0000,0x0000,0x0000,0x0000,0x0000,
//////////0x0000,0x0000,0x0000,0x0004,0x0000,0x0000,0x0000,0x0000,0x0000,0x0000,0x0000,0x0000,0x0000,0x0000,0x0000,0x0000,
//////////0x0000,0x0004,0x0000,0x0000,0x0000,0x0000,0x0000,0x0000,0x0000,0x0000,0x0000,0x0000,0x0000,0x0000,0x0000,0x0000,
//////////0x0000,0x0000,0x0000,0x0000,0x0000,0x0000,0x0000,0x0000,0x0000,0x0000,0x0000,0x0000,0x0000,0x0000,0x0000,0x0000,
//////////0x0000,0x0000,0x0000,0x0000,0x0000,0x0000,0x0000,0x0000,0x0000,0x0000,0x0000,0x0000,0x0000,0x0000,0x0000,0x0000,
//////////0x0000,0x0000,0x0000,0x0000,0x0000,0x0000,0x0000,0x0000,0x0000,0x0000,0x0000,0x0000,0x0000,0x0000,0x0000,0x0000,
//////////0x0000,0x0000,0x0000,0x0000,0x0000,0x0000,0x0000,0x0000,0x0000,0x0000,0x0000,0x0000,0x0000,0x0000,0x0000,0x0000,
//////////0x0000,0x0000,0x0000,0x0000,0x0000,0x0000,0x0000,0x0000,0x0000,0x0000,0x0000,0x0000,0x0000,0x0000,0x0000,0x0000,
//////////0x0000,0x0000,0x0000,0x0000,0x0000,0x0000,0x0000,0x0000,0x0000,0x0000,0x0000,0x0000,0x0000,0x0000,0x0000,0x0000,
//////////0x0000,0x0000,0x0000,0x0000,0x0000,0x0000,0x0000,0x0000,0x0000,0x0000,0x0000,0x0000,0x0000,0x0000,0x0000,0x0000,
//////////0x0000,0x0000,0x0000,0x0000,0x0000,0x0000,0x0000,0x0000,0x0000,0x0000,0x0000,0x0000,0x0000,0x0000,0x0000,0x0000,
//////////0x0000,0x0000,0x0000,0x0000,0x0000,0x0000,0x0000,0x0000,0x0000,0x0000,0x0000,0x0000,0x0000,0x0000,0x0000,0x0000,
//////////0x0000,0x0000,0x0000,0x0000,0x0000,0x0000,0x0000,0x0000,0x0000,0x0000,0x0000,0x0000,0x0000,0x0000,0x0000,0x0000,
//////////0x0000,0x0000,0x0000,0x0000,0x0000,0x0000,0x0000,0x0000,0x0000,0x0000,0x0000,0x0000,0x0000,0x0000,0x0000,0x0000,
//////////0x0000,0x0000,0x0000,0x0000,0x0000,0x0000,0x0000,0x0000,0x0000,0x0000,0x0000,0x0000,0x0000,0x0000,0x0000,0x0000,
//////////0x0000,0x0000,0x0000,0x0000,0x0000,0x0000,0x0000,0x0000,0x0000,0x0000,0x0000,0x0000,0x0000,0x0000,0x0000,0x0000,

};

//1：电脑自检，数据加载.，，，需要六秒，请稍等  ????????????????，  ?????????????，。。   ??????? 6 ??????  ???????。
unsigned short const Thai_Font25_Pic_63[] = { 
682,56,
//////////0x0000,0x0000,0x0000,0x0000,0x0000,0x0000,0x0000,0x0000,0x0000,0x0000,0x0000,0x0000,0x0000,0x0000,0x0000,0x0000,
//////////0x0000,0x0000,0x0000,0x0000,0x0000,0x0000,0x0000,0x0000,0x0000,0x0000,0x0000,0x0000,0x0000,0x0000,0x0000,0x0000,
//////////0x0000,0x0000,0x0000,0x0000,0x0000,0x0000,0x0000,0x0000,0x0000,0x0000,0x0000,0x0000,0x0000,0x0000,0x0000,0x0000,
//////////0x0000,0x0000,0x0000,0x0000,0x0000,0x0000,0x0000,0x0000,0x0000,0x0000,0x0000,0x0000,0x0000,0x0000,0x0000,0x0000,
//////////0x0000,0x0000,0x0000,0x0000,0x0000,0x0000,0x0000,0x0000,0x0000,0x0000,0x0000,0x0000,0x0000,0x0000,0x0000,0x0000,
//////////0x0000,0x0000,0x0000,0x0000,0x0000,0x0000,0x0000,0x0000,0x0000,0x0000,0x0000,0x0000,0x0000,0x0000,0x0000,0x0000,
//////////0x0000,0x0000,0x0000,0x0000,0x0000,0x0000,0x0000,0x0000,0x0000,0x0000,0x0000,0x0000,0x0000,0x0000,0x0000,0x0000,
//////////0x0000,0x0000,0x0000,0x0000,0x0000,0x0000,0x0000,0x0000,0x0000,0x0000,0x0000,0x0000,0x0000,0x0000,0x0000,0x0000,
//////////0x0000,0x0000,0x0000,0x0000,0x0000,0x0000,0x0000,0x0000,0x0000,0x0000,0x0000,0x0000,0x0000,0x0000,0x0000,0x0000,
//////////0x0000,0x0000,0x0000,0x0000,0x0000,0x0000,0x0000,0x0000,0x0000,0x0000,0x0000,0x0000,0x0000,0x0000,0x0000,0x0000,
//////////0x0000,0x0000,0x0000,0x0000,0x0000,0x0000,0x0000,0x0000,0x0000,0x0000,0x0000,0x0000,0x0000,0x0000,0x0000,0x0000,
//////////0x0000,0x0000,0x0000,0x0000,0x0000,0x0000,0x0000,0x0000,0x0000,0x0000,0x0000,0x0000,0x0000,0x0000,0x0000,0x0000,
//////////0x0000,0x0000,0x0000,0x0000,0x0000,0x0000,0x0000,0x0000,0x0000,0x0000,0x0000,0x0000,0x0000,0x0000,0x0000,0x0000,
//////////0x0000,0x0000,0x0000,0x0000,0x0000,0x0000,0x0000,0x0000,0x0000,0x0000,0x0000,0x0000,0x0000,0x0000,0x0000,0x0000,
//////////0x0000,0x0000,0x0000,0x0000,0x0000,0x0000,0x0000,0x0000,0x0000,0x0000,0x0000,0x0000,0x0000,0x0000,0x0000,0x0000,
//////////0x0000,0x0000,0x0000,0x0000,0x0000,0x0000,0x0000,0x0000,0x0000,0x0000,0x0000,0x0000,0x0000,0x0000,0x0000,0x0000,
//////////0x0000,0x0000,0x0000,0x0000,0x0000,0x0000,0x0000,0x0000,0x0000,0x0000,0x0000,0x0000,0x0000,0x0000,0x0000,0x0000,
//////////0x0000,0x0000,0x0000,0x0000,0x0000,0x0000,0x0000,0x0000,0x0000,0x0000,0x0000,0x0000,0x0000,0x0000,0x0000,0x0000,
//////////0x0000,0x0000,0x0000,0x0000,0x0000,0x0000,0x0000,0x0000,0x0000,0x0000,0x0000,0x0000,0x0000,0x0000,0x0000,0x0000,
//////////0x0000,0x0000,0x0000,0x0000,0x0000,0x0000,0x0000,0x0000,0x0000,0x0000,0x0000,0x0000,0x0000,0x0000,0x0000,0x0000,
//////////0x0000,0x0000,0x0000,0x0000,0x0000,0x0000,0x0000,0x0000,0x0000,0x0000,0x0000,0x0000,0x0000,0x0000,0x0000,0x0000,
//////////0x0000,0x0000,0x0000,0x0000,0x0000,0x0000,0x0000,0x0000,0x0000,0x0000,0x0000,0x0000,0x0000,0x0000,0x0000,0x0000,
//////////0x0000,0x0000,0x0000,0x0000,0x0000,0x0000,0x0000,0x0000,0x0000,0x0000,0x0000,0x0000,0x0000,0x0000,0x0000,0x0000,
//////////0x0000,0x0000,0x0000,0x0000,0x0000,0x0000,0x0000,0x0000,0x0000,0x0000,0x0000,0x0600,0x0000,0x0000,0x0000,0x0000,
//////////0x0000,0x0000,0x0000,0x0000,0x0000,0x0000,0x0000,0x0000,0x0000,0x0000,0x0000,0x0000,0x0000,0x0000,0x0000,0x0000,
//////////0x0000,0x0000,0x0000,0x0000,0x0f80,0x0000,0x0000,0x0001,0xe000,0x0000,0x0000,0x0000,0x000e,0x003c,0x0000,0x0000,
//////////0x0000,0x0000,0x0000,0x0000,0x0000,0x0000,0x0600,0x0000,0x0000,0x0000,0x0000,0x0000,0x0000,0x0000,0x0000,0xf000,
//////////0x0000,0x0000,0x0000,0x0000,0x0000,0x0000,0x0000,0x0000,0x0000,0x0000,0x0000,0x0000,0x0000,0x0000,0x0000,0x18c0,
//////////0x0000,0x0000,0x0001,0x2180,0x0000,0x0000,0x0000,0x0011,0x0024,0x3000,0x0000,0x0000,0x0000,0x0000,0x7c00,0x0000,
//////////0x0003,0xe600,0x0000,0x0000,0x0000,0x0000,0x0000,0x0000,0x0000,0x0000,0x9800,0x0000,0x1000,0x0000,0x0000,0x0000,
//////////0x0000,0x0000,0x0000,0x0000,0x0000,0x0000,0x0000,0x0000,0x0000,0x0000,0x3060,0x0000,0x0000,0x0001,0x2100,0x0000,
//////////0x0000,0x0000,0x003d,0x8024,0x2000,0x0000,0x0000,0x0000,0x0001,0x8300,0x0000,0x000c,0x1e00,0x0000,0x0000,0x0000,
//////////0x2000,0x0000,0x0000,0x0000,0x0001,0x8800,0x003c,0x3000,0x0000,0x0000,0x0000,0x0000,0x0000,0x0000,0x0000,0x0000,
//////////0x0000,0x0000,0x0000,0x0000,0x0000,0x3020,0x0000,0x0000,0x0001,0xe200,0x0000,0x0000,0x0000,0x0025,0x803c,0x4000,
//////////0x0000,0x0000,0x0000,0x0003,0x0180,0x0000,0x0018,0x0e00,0x0000,0x0000,0x0078,0x6000,0x0000,0x0000,0x0000,0x0000,
//////////0x9800,0x0024,0x6000,0x0000,0x0000,0x0000,0x0000,0x0000,0x0000,0x0000,0x0000,0x0000,0x0000,0x0000,0x0000,0x0000,
//////////0x1800,0x0000,0x0000,0x0000,0x6600,0x0000,0x0000,0x0000,0x0025,0x800c,0xc000,0x0000,0x0000,0x0000,0x0003,0xfc80,
//////////0x0000,0x001f,0xe600,0x0000,0x0000,0x0048,0xc000,0x0000,0x0000,0x0000,0x0000,0xf000,0x0025,0xc000,0x0000,0x0000,
//////////0x0000,0x0000,0x0000,0x0000,0x0000,0x0000,0x0000,0x0000,0x0000,0x0000,0x0000,0x0e00,0x0000,0x0000,0x0000,0xd800,
//////////0x0000,0x0000,0x0000,0x001d,0x801b,0x0000,0x0000,0x0000,0x0000,0x0000,0x0340,0x0000,0x0000,0x1a00,0x0000,0x0000,
//////////0x004b,0x8000,0x0000,0x0000,0x0000,0x0000,0x0000,0x001f,0x0000,0x0000,0x0000,0x0000,0x0000,0x0000,0x0000,0x0000,
//////////0x0000,0x0000,0x0000,0x0000,0x0000,0x0000,0x0300,0x0000,0x0000,0x0001,0xf000,0x0000,0x0000,0x0000,0x0001,0x803e,
//////////0x0000,0x0000,0x0000,0x0000,0x0000,0x00c0,0x0000,0x0000,0x0600,0x0000,0x0000,0x003e,0x0000,0x0000,0x0000,0x0000,
//////////0x0000,0x0000,0x0000,0x0000,0x0000,0x0000,0x0000,0x000c,0x0000,0x0000,0x0000,0x0000,0x0000,0x0000,0x0000,0x0000,
//////////0x0000,0x0300,0x0000,0x0000,0x0000,0x0000,0x0000,0x0000,0x0000,0x0001,0x8000,0x0000,0x0000,0x0000,0x0000,0x0000,
//////////0x0000,0x0000,0x0000,0x0000,0x0000,0x0000,0x0018,0x0000,0x0000,0x0000,0x0000,0x0000,0x0000,0x0000,0x0000,0x0000,
//////////0x0000,0x0000,0x000c,0x0000,0x0000,0x0000,0x0000,0x0000,0x0000,0x0000,0x0000,0x0000,0x0300,0x0000,0x0000,0x0000,
//////////0x0000,0x0000,0x0000,0x0000,0x0001,0x8001,0x0000,0x0000,0x0000,0x0000,0x0000,0x0000,0x0000,0x0000,0x0000,0x0000,
//////////0x0000,0x0018,0x0000,0x0000,0x0000,0x0000,0x003f,0x00f8,0x01f0,0x01c0,0xf380,0xf01e,0x00f8,0x01f8,0x07c0,0x3804,
//////////0x0783,0xc11c,0x020e,0x0100,0x0003,0xe01f,0x0078,0x0307,0x0780,0xf801,0xf00f,0x181f,0x00e0,0x301f,0x0000,0x0001,
//////////0x81e3,0x0c03,0xc00f,0x807c,0x0001,0xe000,0x1e03,0x80c1,0xf01c,0x3800,0x001e,0x03e0,0x03f0,0x0fc0,0x0f80,0x3c00,
//////////0x0000,0x00e1,0xc186,0x0618,0x0241,0x9cc3,0x0c61,0x830e,0x0618,0x0c30,0x4c04,0x1866,0x4326,0x0213,0x0100,0x0006,
//////////0x1830,0xc186,0x0309,0x0483,0x0c03,0x0c19,0x9830,0xc190,0x3061,0x8000,0x0001,0x863e,0x0c0c,0x3030,0xc0c3,0x0003,
//////////0x3000,0x6184,0xc0c3,0x0c26,0x2400,0x0061,0x8618,0x0c30,0x3870,0x1860,0x4300,0x0000,0x0180,0x4302,0x0c0c,0x0261,
//////////0x8842,0x0440,0x8202,0x0c34,0x1818,0x4c04,0x1026,0x4626,0x0213,0x0100,0x000c,0x0c60,0x4102,0x0309,0x8486,0x0606,
//////////0x063c,0xd860,0x6190,0x30c0,0xc000,0x0001,0x878e,0x0c08,0x1060,0x6181,0x0006,0x1800,0x4084,0xc0c6,0x0426,0x6600,
//////////0x0040,0x8c0c,0x1868,0x6010,0x3030,0x8100,0x0000,0x0070,0x6203,0x0846,0x0261,0x8046,0x06c0,0xc603,0x0866,0x3008,
//////////0x4c04,0x3032,0x5c26,0x0213,0x0100,0x0019,0xc440,0x6303,0x0309,0x8784,0x230c,0xe226,0xd8c0,0x2190,0x3084,0x6000,
//////////0x0001,0x849b,0x0c18,0x1842,0x3101,0x800c,0x0800,0xc0c4,0xc0c4,0x0626,0x6600,0x00c0,0xd804,0x10cc,0x1c18,0x6710,
//////////0x8180,0x0000,0x0060,0x6003,0x08e6,0x03e1,0x8047,0xf6c0,0xc671,0x08c6,0x3788,0x3c04,0x3fb1,0xf01e,0x020f,0x0100,
//////////0x0019,0x2400,0x6303,0x0307,0x8304,0x730c,0x9226,0x98de,0x20f0,0x308e,0x6000,0x0001,0x8cb3,0x0c18,0x1847,0x3001,
//////////0x800c,0x0000,0xc0c3,0xc0c0,0x061e,0x4600,0x00fe,0xdbc4,0x118c,0x1818,0x6490,0xfd80,0x0000,0x00c0,0x6003,0x1926,
//////////0x0061,0x9c40,0x30c0,0xc4d9,0x19e2,0x248c,0x0c04,0x0180,0x0006,0x0203,0x0100,0x001b,0x2400,0x6303,0x0301,0x838c,
//////////0x930d,0x9225,0x9892,0x3010,0x3192,0x6000,0x0001,0x84b3,0x0c18,0x18c9,0x3001,0x8008,0x0000,0xc0c0,0xc0c0,0x0606,
//////////0xc600,0x0006,0x1246,0x33c4,0x3018,0x4c90,0x0c00,0x0000,0x00c0,0x6003,0x1b16,0x6061,0xb640,0x30c0,0xc489,0x1b32,
//////////0x24cc,0x0c04,0x0180,0x0006,0x0203,0x0100,0x001b,0x2400,0x6303,0x0301,0x878d,0x8b0d,0x921d,0x9893,0x3010,0x31b1,
//////////0x6000,0x0001,0x8733,0x0c18,0x18d8,0xb001,0x800b,0xf000,0xc0c0,0xc0c0,0x0606,0xc600,0x0006,0x1266,0x3664,0x3018,
//////////0x4c90,0x0c00,0x0000,0x00c0,0x6003,0x0216,0x3061,0xa240,0x3000,0xc0d9,0x0212,0x048c,0x0c04,0x0180,0x0006,0x0203,
//////////0x0100,0x0019,0xe400,0x6003,0x0301,0x8d81,0x0b0c,0xf201,0x1812,0x3010,0x3021,0x6000,0x0001,0x8033,0x0c00,0x1810,
//////////0xb001,0x800e,0x1800,0x00c0,0xc0c0,0x0606,0x8600,0x0006,0x0246,0x0424,0x3018,0x4f10,0x0c00,0x0000,0x00c0,0x6003,
//////////0x060e,0x1861,0xb240,0x3000,0xc07d,0x0612,0x078c,0x0c04,0x0180,0x0006,0x0203,0x0100,0x0018,0xc400,0x6003,0x0301,
//////////0x9983,0x070c,0x6201,0x181e,0x3010,0x3060,0xe000,0x0001,0x8033,0x0c00,0x1830,0x7001,0x800c,0x0800,0x00c0,0xc0c0,
//////////0x0607,0x8600,0x0006,0x03c6,0x0c24,0x3018,0x5810,0x0c00,0x0000,0x00c0,0x6003,0x040a,0x0c61,0x9c40,0x3000,0xc005,
//////////0x040a,0x040c,0x0c04,0x0180,0x0006,0x0203,0x0100,0x0019,0x8400,0x6003,0x0301,0x9182,0x050c,0xc201,0x1810,0x307c,
//////////0x3040,0xa000,0x0001,0x8033,0x0c00,0x1820,0x5001,0x800c,0x0c00,0x00c0,0xc0c0,0x0607,0x0600,0x0006,0x0206,0x0814,
//////////0x3018,0x5010,0x0c00,0x0000,0x00c0,0x6003,0x070e,0x0661,0x9840,0xf003,0xc005,0x078a,0x040c,0x0c04,0x0783,0xc106,
//////////0x0203,0x0100,0x001b,0x0400,0x600f,0x03c1,0xb183,0x870d,0x8201,0x1810,0x3096,0x3070,0xe000,0x0001,0xf033,0x0f80,
//////////0x7838,0x7001,0x800c,0x0c00,0x03c0,0xc3c0,0x0607,0x0600,0x001e,0x0206,0x0f14,0x3018,0x5010,0x3c00,0x0000,0x00c0,
//////////0x6003,0x0c86,0x0361,0xb041,0x3006,0xc007,0x0c86,0x040c,0x0c04,0x0986,0x4306,0x0203,0x0100,0x001a,0x0400,0x601b,
//////////0x0361,0xe186,0x430d,0x0201,0x1810,0x3191,0xb0c8,0x6000,0x0001,0x9033,0x0c80,0xd864,0x3001,0x800c,0x0c00,0x06c0,
//////////0xce20,0x0607,0x0600,0x0026,0x0206,0x190c,0x3018,0x7010,0x6c00,0x0000,0x00c0,0x6003,0x0c86,0x01e1,0xe041,0x3004,
//////////0xc003,0x0c86,0x040c,0x0c04,0x0986,0x4606,0x0203,0x0100,0x001e,0x0400,0x6013,0x0221,0xc186,0x430f,0x0201,0x1810,
//////////0x3190,0xf0c8,0x6000,0x0001,0x9033,0x0c80,0x9864,0x3001,0x8004,0x0800,0x04c0,0xd230,0x0606,0x0600,0x0026,0x0206,
//////////0x190c,0x3018,0x6010,0x4400,0x0000,0x00c0,0x6003,0x0486,0x00e1,0xc041,0x3006,0xc003,0x0486,0x040c,0x0c04,0x0982,
//////////0x5c06,0x0203,0x0100,0x001c,0x0400,0x601b,0x0361,0xc182,0x430e,0x0201,0x1810,0x30d0,0x7048,0x6000,0x0000,0x9033,
//////////0x0480,0xd824,0x3001,0x8006,0x1800,0x06c0,0xe220,0x0606,0x0600,0x0026,0x0206,0x090c,0x3018,0x6010,0x6c00,0x0000,
//////////0x00c0,0x6003,0x0706,0x00e1,0x8040,0xe003,0x8003,0x0706,0x07fc,0x3ffc,0x0701,0xf01f,0xfe0f,0xff00,0x0018,0x0400,
//////////0x600e,0x01c1,0x8183,0x830c,0x0207,0xf81f,0xf070,0x3070,0x6000,0x0000,0xf07f,0x0780,0x7038,0x3001,0x8003,0xf000,
//////////0x0380,0xc1e0,0x0606,0x0600,0x001c,0x03fe,0x0e0c,0x3018,0x6010,0x3800,0x0000,0x0000,0x0000,0x0000,0x0000,0x0000,
//////////0x0000,0x0000,0x0000,0x0000,0x0000,0x0000,0x0000,0x0000,0x0000,0x0000,0x0000,0x0000,0x0000,0x0000,0x0000,0x0000,
//////////0x0000,0x0000,0x0000,0x0000,0x0000,0x0000,0x0000,0x0000,0x0000,0x0000,0x0000,0x0000,0x0000,0x0000,0x0000,0x0000,
//////////0x0000,0x0000,0x0000,0x0000,0x0000,0x0000,0x0000,0x0000,0x0000,0x0000,0x0000,0x0000,0x0000,0x0000,0x0000,0x0000,
//////////0x0000,0x0000,0x0000,0x0000,0x0000,0x0000,0x0000,0x0000,0x0000,0x0000,0x0000,0x0000,0x0003,0x8800,0x0000,0x0000,
//////////0x0000,0x0000,0x0000,0x0000,0x0000,0x0000,0x0000,0x0000,0x0000,0x0000,0x0000,0x0000,0x0000,0x0000,0x0000,0x0000,
//////////0x0000,0x0000,0x0000,0x0000,0x0000,0x0000,0x0000,0x0000,0x0000,0x0000,0x0000,0x0000,0x0000,0x0000,0x0000,0x0000,
//////////0x0000,0x0000,0x0000,0x0000,0x0000,0x0000,0x0000,0x0006,0xc800,0x0000,0x0000,0x0000,0x0000,0x0000,0x0000,0x0000,
//////////0x0000,0x0000,0x0000,0x0000,0x0000,0x0000,0x0000,0x0000,0x0000,0x0000,0x0000,0x0000,0x0000,0x0000,0x0000,0x0000,
//////////0x0000,0x0000,0x0000,0x0000,0x0000,0x0000,0x0000,0x0000,0x0000,0x0000,0x0000,0x0000,0x0000,0x0000,0x0000,0x0000,
//////////0x0000,0x0000,0x0006,0xc800,0x0000,0x0000,0x0000,0x0000,0x0000,0x0000,0x0000,0x0000,0x0000,0x0000,0x0000,0x0000,
//////////0x0000,0x0000,0x0000,0x0000,0x0000,0x0000,0x0000,0x0000,0x0000,0x0000,0x0000,0x0000,0x0000,0x0000,0x0000,0x0000,
//////////0x0000,0x0000,0x0000,0x0000,0x0000,0x0000,0x0000,0x0000,0x0000,0x0000,0x0000,0x0000,0x0000,0x0003,0xc800,0x0000,
//////////0x0000,0x0000,0x0000,0x0000,0x0000,0x0000,0x0000,0x0000,0x0000,0x0000,0x0000,0x0000,0x0000,0x0000,0x0000,0x0000,
//////////0x0000,0x0000,0x0000,0x0000,0x0000,0x0000,0x0000,0x0000,0x0000,0x0000,0x0000,0x0000,0x0000,0x0000,0x0000,0x0000,
//////////0x0000,0x0000,0x0000,0x0000,0x0000,0x0000,0x0000,0x0000,0x0000,0x4800,0x0000,0x0000,0x0000,0x0000,0x0000,0x0000,
//////////0x0000,0x0000,0x0000,0x0000,0x0000,0x0000,0x0000,0x0000,0x0000,0x0000,0x0000,0x0000,0x0000,0x0000,0x0000,0x0000,
//////////0x0000,0x0000,0x0000,0x0000,0x0000,0x0000,0x0000,0x0000,0x0000,0x0000,0x0000,0x0000,0x0000,0x0000,0x0000,0x0000,
//////////0x0000,0x0000,0x0000,0x0000,0xc800,0x0000,0x0000,0x0000,0x0000,0x0000,0x0000,0x0000,0x0000,0x0000,0x0000,0x0000,
//////////0x0000,0x0000,0x0000,0x0000,0x0000,0x0000,0x0000,0x0000,0x0000,0x0000,0x0000,0x0000,0x0000,0x0000,0x0000,0x0000,
//////////0x0000,0x0000,0x0000,0x0000,0x0000,0x0000,0x0000,0x0000,0x0000,0x0000,0x0000,0x0000,0x0000,0x0000,0x0000,0xf800,
//////////0x0000,0x0000,0x0000,0x0000,0x0000,0x0000,0x0000,0x0000,0x0000,0x0000,0x0000,0x0000,0x0000,0x0000,0x0000,0x0000,
//////////0x0000,0x0000,0x0000,0x0000,0x0000,0x0000,0x0000,0x0000,0x0000,0x0000,0x0000,0x0000,0x0000,0x0000,0x0000,0x0000,
//////////0x0000,0x0000,0x0000,0x0000,0x0000,0x0000,0x0000,0x0000,0x0000,0x0000,0x0000,0x0000,0x0000,0x0000,0x0000,0x0000,
//////////0x0000,0x0000,0x0000,0x0000,0x0000,0x0000,0x0000,0x0000,0x0000,0x0000,0x0000,0x0000,0x0000,0x0000,0x0000,0x0000,
//////////0x0000,0x0000,0x0000,0x0000,0x0000,0x0000,0x0000,0x0000,0x0000,0x0000,0x0000,0x0000,0x0000,0x0000,0x0000,0x0000,
//////////0x0000,0x0000,0x0000,0x0000,0x0000,0x0000,0x0000,0x0000,0x0000,0x0000,0x0000,0x0000,0x0000,0x0000,0x0000,0x0000,
//////////0x0000,0x0000,0x0000,0x0000,0x0000,0x0000,0x0000,0x0000,0x0000,0x0000,0x0000,0x0000,0x0000,0x0000,0x0000,0x0000,
//////////0x0000,0x0000,0x0000,0x0000,0x0000,0x0000,0x0000,0x0000,0x0000,0x0000,0x0000,0x0000,0x0000,0x0000,0x0000,0x0000,
//////////0x0000,0x0000,0x0000,0x0000,0x0000,0x0000,0x0000,0x0000,0x0000,0x0000,0x0000,0x0000,0x0000,0x0000,0x0000,0x0000,
//////////0x0000,0x0000,0x0000,0x0000,0x0000,0x0000,0x0000,0x0000,0x0000,0x0000,0x0000,0x0000,0x0000,0x0000,0x0000,0x0000,
//////////0x0000,0x0000,0x0000,0x0000,0x0000,0x0000,0x0000,0x0000,0x0000,0x0000,0x0000,0x0000,0x0000,0x0000,0x0000,0x0000,
//////////0x0000,0x0000,0x0000,0x0000,0x0000,0x0000,0x0000,0x0000,0x0000,0x0000,0x0000,0x0000,0x0000,0x0000,0x0000,0x0000,
//////////0x0000,0x0000,0x0000,0x0000,0x0000,0x0000,0x0000,0x0000,0x0000,0x0000,0x0000,0x0000,0x0000,0x0000,0x0000,0x0000,
//////////0x0000,0x0000,0x0000,0x0000,0x0000,0x0000,0x0000,0x0000,0x0000,0x0000,0x0000,0x0000,0x0000,0x0000,0x0000,0x0000,
//////////0x0000,0x0000,0x0000,0x0000,0x0000,0x0000,0x0000,0x0000,0x0000,0x0000,0x0000,0x0000,0x0000,0x0000,0x0000,0x0000,
//////////0x0000,0x0000,0x0000,0x0000,0x0000,0x0000,0x0000,0x0000,0x0000,0x0000,0x0000,0x0000,0x0000,0x0000,0x0000,0x0000,
//////////0x0000,0x0000,0x0000,0x0000,0x0000,0x0000,0x0000,0x0000,0x0000,0x0000,0x0000,0x0000,0x0000,0x0000,0x0000,0x0000,
//////////0x0000,0x0000,0x0000,0x0000,0x0000,0x0000,0x0000,0x0000,0x0000,0x0000,0x0000,0x0000,0x0000,0x0000,0x0000,0x0000,
//////////0x0000,0x0000,0x0000,0x0000,0x0000,0x0000,0x0000,0x0000,0x0000,0x0000,0x0000,0x0000,0x0000,0x0000,0x0000,0x0000,
//////////0x0000,0x0000,0x0000,0x0000,0x0000,0x0000,0x0000,0x0000,0x0000,0x0000,0x0000,0x0000,0x0000,0x0000,0x0000,0x0000,
//////////0x0000,0x0000,0x0000,0x0000,0x0000,0x0000,0x0000,0x0000,0x0000,0x0000,0x0000,0x0000,0x0000,0x0000,0x0000,0x0000,
//////////0x0000,0x0000,0x0000,0x0000,0x0000,0x0000,0x0000,0x0000,0x0000,0x0000,0x0000,0x0000,0x0000,0x0000,0x0000,0x0000,
//////////0x0000,0x0000,0x0000,0x0000,0x0000,0x0000,0x0000,0x0000,0x0000,0x0000,0x0000,0x0000,0x0000,0x0000,0x0000,0x0000,
//////////0x0000,0x0000,0x0000,0x0000,0x0000,0x0000,0x0000,0x0000,0x0000,0x0000,0x0000,0x0000,0x0000,0x0000,0x0000,0x0000,
//////////0x0000,0x0000,0x0000,0x0000,0x0000,0x0000,0x0000,0x0000,0x0000,0x0000,0x0000,0x0000,0x0000,0x0000,0x0000,0x0000,
//////////0x0000,0x0000,0x0000,0x0000,0x0000,0x0000,0x0000,0x0000,0x0000,0x0000,0x0000,0x0000,0x0000,0x0000,0x0000,0x0000,
//////////0x0000,0x0000,0x0000,0x0000,0x0000,0x0000,0x0000,0x0000,0x0000,0x0000,0x0000,0x0000,0x0000,0x0000,0x0000,0x0000,
//////////0x0000,0x0000,0x0000,0x0000,0x0000,0x0000,0x0000,0x0000,0x0000,0x0000,0x0000,0x0000,0x0000,0x0000,0x0000,0x0000,
//////////0x0000,0x0000,0x0000,0x0000,0x0000,0x0000,0x0000,0x0000,0x0000,0x0000,0x0000,0x0000,0x0000,0x0000,0x0000,0x0000,
//////////0x0000,0x0000,0x0000,0x0000,0x0000,0x0000,0x0000,0x0000,0x0000,0x0000,0x0000,0x0000,0x0000,0x0000,0x0000,0x0000,
//////////0x0000,0x0000,0x0000,0x0000,0x0000,0x0000,0x0000,0x0000,0x0000,0x0000,0x0000,0x0000,0x0000,0x0000,0x0000,0x0000,
//////////0x0000,0x0000,0x0000,0x0000,0x0000,0x0000,0x0000,0x0000,0x0000,0x0000,0x0000,0x0000,0x0000,0x0000,0x0000,0x0000,
//////////0x0000,0x0000,0x0000,0x0000,0x0000,0x0000,0x0000,0x0000,0x0000,0x0000,0x0000,0x0000,0x0000,0x0000,0x0000,0x0000,
//////////0x0000,0x0000,0x0000,0x0000,0x0000,0x0000,0x0000,0x0000,0x0000,0x0000,0x0000,0x0000,0x0000,0x0000,0x0000,0x0000,
//////////0x0000,0x0000,0x0000,0x0000,0x0000,0x0000,0x0000,0x0000,0x0000,0x0000,0x0000,0x0000,0x0000,0x0000,0x0000,0x0000,
//////////0x0000,0x0000,0x0000,0x0000,0x0000,0x0000,0x0000,0x0000,0x0000,0x0000,0x0000,0x0000,0x0000,0x0000,0x0000,0x0000,
//////////0x0000,0x0000,0x0000,0x0000,0x0000,0x0000,0x0000,0x0000,0x0000,0x0000,0x0000,0x0000,0x0000,0x0000,0x0000,0x0000,
//////////0x0000,0x0000,0x0000,0x0000,0x0000,0x0000,0x0000,0x0000,0x0000,0x0000,0x0000,0x0000,0x0000,0x0000,0x0000,0x0000,
//////////0x0000,0x0000,0x0000,0x0000,0x0000,0x0000,0x0000,0x0000,0x0000,0x0000,0x0000,0x0000,0x0000,0x0000,0x0000,0x0000,
//////////0x0000,0x0000,0x0000,0x0000,0x0000,0x0000,0x0000,0x0000,0x0000,0x0000,0x0000,0x0000,0x0000,0x0000,0x0000,0x0000,
//////////0x0000,0x0000,0x0000,0x0000,0x0000,0x0000,0x0000,0x0000,0x0000,0x0000,0x0000,0x0000,0x0000,0x0000,0x0000,0x0000,
//////////0x0000,0x0000,0x0000,0x0000,0x0000,0x0000,0x0000,0x0000
};


//**************************************************

//小字体  Cordia New 17

//1：电脑检测完成，请按运行按键 ! >> 点击此处 ???????????????????? ??????????????！》????????
unsigned short const Thai_Font17_Pic_1[] = { 
395,38,
//////////0x0000,0x0000,0x0000,0x0000,0x0000,0x0000,0x0000,0x0000,0x0000,0x0000,0x0000,0x0000,0x0000,0x0000,0x0000,0x0000,
//////////0x0000,0x0000,0x0000,0x0000,0x0000,0x0000,0x0000,0x0029,0x0000,0x0000,0x0000,0x0000,0x0000,0x0000,0x0000,0x0000,
//////////0x0000,0x0000,0x0000,0x0000,0x0000,0x0000,0x0000,0x0000,0x0000,0x0000,0x0000,0x0000,0x0000,0x0000,0x0000,0x0000,
//////////0x003a,0x0000,0x0000,0x0000,0x0000,0x0000,0x0000,0x0000,0x0000,0x0000,0x0000,0x0000,0x0000,0x0000,0x0000,0x0000,
//////////0x0000,0x0000,0x0000,0x0000,0x0000,0x0000,0x0000,0x0000,0x0000,0x0016,0x0000,0x0000,0x0000,0x0000,0x0000,0x0000,
//////////0x0000,0x0000,0x0000,0x0000,0x0000,0x0000,0x0000,0x0000,0x0000,0x0000,0x0000,0x0000,0x0000,0x0000,0x0000,0x0000,
//////////0x0000,0x0000,0x0038,0x0000,0x0000,0x0000,0x0000,0x0000,0x0000,0x0000,0x0000,0x0000,0x0000,0x0000,0x0000,0x0000,
//////////0x0000,0x0000,0x0000,0x0000,0x0000,0x0000,0x0000,0x0000,0x0000,0x0000,0x0000,0x0000,0x0000,0x0000,0x0000,0x0000,
//////////0x0000,0x0000,0x0000,0x0000,0x0040,0x0000,0x0000,0x0000,0x0000,0x0000,0x0000,0x0000,0x0000,0x0008,0x0000,0x0000,
//////////0x0000,0x0000,0x0000,0x0000,0x0004,0x0000,0x0000,0x0000,0x0000,0x0000,0x0000,0x0000,0x0000,0x1f40,0x0000,0x1c00,
//////////0x0000,0x0000,0x0000,0x0000,0x3800,0x0000,0x0009,0x00e0,0x0000,0x0000,0x0000,0x0000,0x0000,0x01f4,0x0000,0x0000,
//////////0x0000,0x0000,0x0000,0x0000,0x0000,0x0000,0x2180,0x0000,0x1480,0x0000,0x0000,0x000d,0x0000,0x2c00,0x0000,0x000b,
//////////0x00a4,0x0000,0x0000,0x0000,0x0000,0x0000,0x0218,0x0000,0x0000,0x0000,0x0000,0x0000,0x0000,0x0000,0x0000,0x3fc0,
//////////0x0000,0x1c80,0x0000,0x0000,0x000d,0x0000,0x2c00,0x0000,0x000d,0x00e4,0x0000,0x0000,0x0000,0x0000,0x0000,0x03fc,
//////////0x0000,0x0000,0x0000,0x0000,0x0000,0x0000,0x0000,0x0000,0x00c0,0x0000,0x0b00,0x0000,0x0000,0x000d,0x0000,0x3800,
//////////0x0000,0x000d,0x0058,0x0000,0x0000,0x0000,0x0000,0x0000,0x000c,0x0000,0x0000,0x0000,0x0000,0x0000,0x0000,0x0000,
//////////0x0000,0x0000,0x0000,0x1c00,0x0000,0x0000,0x000d,0x0000,0x0000,0x0000,0x0001,0x00e0,0x0800,0x0000,0x0000,0x0000,
//////////0x0000,0x0000,0x0000,0x0000,0x0000,0x0000,0x8000,0x0000,0x0000,0x0000,0x0000,0x0000,0x0000,0x0000,0x0000,0x0001,
//////////0x0000,0x0000,0x0000,0x0001,0x0000,0x0800,0x0000,0x0000,0x0000,0x0000,0x0000,0x0000,0x03b8,0xf0f0,0x780f,0x03c3,
//////////0x823c,0x7138,0x2704,0x43c3,0x99c1,0x1e0f,0x0730,0x0f81,0xe1c1,0x3867,0x3878,0x1c3c,0x3841,0x03c0,0x0800,0x0000,
//////////0x007c,0x0f07,0x71e0,0xe384,0x0000,0x0649,0x9998,0xc631,0x8c64,0x8266,0x4248,0x2904,0x4666,0x9a41,0x3331,0x8d30,
//////////0x1843,0x1241,0x2869,0x28cc,0x1466,0x4841,0x0620,0x0806,0x00c0,0x00c2,0x188c,0x9330,0xa484,0x0000,0x0609,0x0908,
//////////0x8222,0x4823,0x8242,0x3c38,0x2704,0x4427,0x99c1,0x2120,0x8f30,0x0c62,0x09c1,0x3867,0x6884,0x1c42,0x3841,0x0410,
//////////0x0803,0x8070,0x0063,0x104c,0x1210,0xe384,0x0000,0x06c9,0xe908,0xba26,0x4bb0,0x827a,0x0008,0x2104,0x47a4,0x1841,
//////////0x3d2e,0xc830,0x0866,0xe841,0x0861,0x4804,0x0402,0x0841,0x0dd0,0x0800,0x700e,0x0043,0x374d,0x93d0,0x2084,0x0000,
//////////0x0728,0x2108,0xaa0b,0x4eb0,0x8208,0x0008,0x2104,0x4083,0x9841,0x043a,0xc730,0x0867,0xa841,0x0861,0x4804,0x8402,
//////////0x0841,0x0f50,0x0800,0x0c01,0x8043,0x3d4e,0x5044,0x2084,0x0000,0x06e8,0x2008,0x3e19,0x47b0,0x8208,0x0008,0x2104,
//////////0x4082,0x1841,0x041e,0xc430,0x0866,0xe841,0x0861,0x8804,0x4402,0x0841,0x0dd0,0x0800,0x3006,0x0043,0x374d,0xd042,
//////////0x2084,0x0000,0x0648,0x2008,0x0610,0xc630,0x8208,0x0008,0x2104,0x4082,0x1841,0x0418,0xc430,0x0866,0xc841,0x1e61,
//////////0x8804,0x2402,0x09e1,0x0d90,0x0001,0xc038,0x0043,0x364c,0x9041,0x209e,0x0000,0x0688,0xe038,0x061c,0xc630,0x8238,
//////////0x7108,0x2104,0x7382,0x1841,0x1c18,0xc430,0x0867,0x8841,0x2b61,0x8804,0x1402,0x0ba1,0xcf10,0x0006,0x00c0,0x0043,
//////////0x3c4d,0x11c0,0xa0ba,0x0000,0x0708,0xa028,0x0214,0xc630,0x8228,0x4208,0x2104,0x5282,0x1841,0x1418,0xc430,0x0867,
//////////0x0841,0x28e1,0x0804,0x0c02,0x0ca1,0x6e10,0x0c00,0x0000,0x0043,0x384e,0x1140,0x60ca,0x0000,0x0608,0xe038,0x021c,
//////////0x47f1,0xfe38,0x3c1f,0xe3fc,0x7383,0xf8ff,0x1c1f,0xc7f0,0x0866,0x08ff,0x1861,0x0804,0x0402,0x08e1,0xcc10,0x0c00,
//////////0x0000,0x0043,0x304c,0x11c0,0x208e,0x0000,0x0000,0x0000,0x0000,0x0000,0x0000,0x0000,0x0000,0x0000,0x0000,0x0000,
//////////0x0000,0x0000,0x0000,0x0000,0x0000,0x0000,0x0000,0x0000,0x0000,0x0000,0x0000,0x0000,0x0000,0x0000,0x0000,0x0000,
//////////0x0000,0x0000,0x0000,0x0000,0x0000,0x0000,0x0000,0x0000,0x0000,0x0000,0x0000,0x0003,0x0000,0x0000,0x0000,0x0000,
//////////0x0000,0x0000,0x0000,0x0000,0x0000,0x0000,0x0000,0x0000,0x0000,0x0000,0x0000,0x0000,0x0000,0x0000,0x0000,0x0000,
//////////0x0000,0x0000,0x0000,0x0000,0x0004,0x8000,0x0000,0x0000,0x0000,0x0000,0x0000,0x0000,0x0000,0x0000,0x0000,0x0000,
//////////0x0000,0x0000,0x0000,0x0000,0x0000,0x0000,0x0000,0x0000,0x0000,0x0000,0x0000,0x0000,0x0000,0x0003,0x8000,0x0000,
//////////0x0000,0x0000,0x0000,0x0000,0x0000,0x0000,0x0000,0x0000,0x0000,0x0000,0x0000,0x0000,0x0000,0x0000,0x0000,0x0000,
//////////0x0000,0x0000,0x0000,0x0000,0x0000,0x0000,0x0000,0x8000,0x0000,0x0000,0x0000,0x0000,0x0000,0x0000,0x0000,0x0000,
//////////0x0000,0x0000,0x0000,0x0000,0x0000,0x0000,0x0000,0x0000,0x0000,0x0000,0x0000,0x0000,0x0000,0x0000,0x0000,0x0000,
//////////0x8000,0x0000,0x0000,0x0000,0x0000,0x0000,0x0000,0x0000,0x0000,0x0000,0x0000,0x0000,0x0000,0x0000,0x0000,0x0000,
//////////0x0000,0x0000,0x0000,0x0000,0x0000,0x0000,0x0000,0x0000,0x0000,0x0000,0x0000,0x0000,0x0000,0x0000,0x0000,0x0000,
//////////0x0000,0x0000,0x0000,0x0000,0x0000,0x0000,0x0000,0x0000,0x0000,0x0000,0x0000,0x0000,0x0000,0x0000,0x0000,0x0000,
//////////0x0000,0x0000,0x0000,0x0000,0x0000,0x0000,0x0000,0x0000,0x0000,0x0000,0x0000,0x0000,0x0000,0x0000,0x0000,0x0000,
//////////0x0000,0x0000,0x0000,0x0000,0x0000,0x0000,0x0000,0x0000,0x0000,0x0000,0x0000,0x0000,0x0000,0x0000,0x0000,0x0000,
//////////0x0000,0x0000,0x0000,0x0000,0x0000,0x0000,0x0000,0x0000,0x0000,0x0000,0x0000,0x0000,0x0000,0x0000,0x0000,0x0000,
//////////0x0000,0x0000,0x0000,0x0000,0x0000,0x0000,0x0000,0x0000,0x0000,0x0000,0x0000,0x0000,0x0000,0x0000,0x0000,0x0000,
//////////0x0000,0x0000,0x0000,0x0000,0x0000,0x0000,0x0000,0x0000,0x0000,0x0000,0x0000,0x0000,0x0000,0x0000,0x0000,0x0000,
//////////0x0000,0x0000,0x0000,0x0000,0x0000,0x0000,0x0000,0x0000,0x0000,0x0000,0x0000,0x0000,0x0000,0x0000,0x0000,0x0000,
//////////0x0000,0x0000,0x0000,0x0000,0x0000,0x0000,0x0000,0x0000,0x0000,0x0000,0x0000,0x0000,0x0000,0x0000,0x0000,0x0000,
//////////0x0000,0x0000,0x0000,0x0000,0x0000,0x0000,0x0000,0x0000,0x0000,0x0000,0x0000,0x0000,0x0000,0x0000,0x0000,0x0000,
//////////0x0000,0x0000,0x0000,0x0000,0x0000,0x0000,0x0000,0x0000,0x0000,0x0000,0x0000,0x0000,0x0000,0x0000,0x0000,0x0000,
//////////0x0000,0x0000,0x0000,0x0000,0x0000,0x0000,0x0000,0x0000,0x0000,0x0000,0x0000,0x0000,0x0000,0x0000,0x0000,0x0000,
//////////0x0000,0x0000,0x0000,0x0000,0x0000,0x0000,0x0000,0x0000,0x0000,0x0000,0x0000,0x0000,0x0000,0x0000,0x0000,0x0000,
//////////0x0000,0x0000,0x0000,0x0000,0x0000,0x0000,0x0000,0x0000,0x0000,0x0000,0x0000,0x0000,0x0000,0x0000,0x0000,0x0000,
//////////0x0000,0x0000,0x0000,0x0000,0x0000,0x0000,0x0000,0x0000,0x0000,0x0000,0x0000,0x0000,0x0000,0x0000,0x0000,0x0000,
//////////0x0000,0x0000,0x0000,0x0000,0x0000,0x0000
};

//2：程序     ???????
unsigned short const Thai_Font17_Pic_2[] = { 
73,38,
0x0000,0x0000,0x0000,0x0000,0x0000,0x0000,0x0000,0x0000,0x0000,0x0000,0x0000,0x0000,0x0000,0x0000,0x0000,0x0000,
0x0000,0x0000,0x0000,0x0000,0x0000,0x0000,0x0000,0x0000,0x0000,0x0000,0x0000,0x0000,0x0000,0x0000,0x0780,0x0000,
0x0000,0x0000,0x0000,0x0cc0,0x1000,0x0000,0x0000,0x0000,0x0840,0x1000,0x0000,0x0000,0x0000,0x0600,0x1000,0x0000,
0x0000,0x0000,0x0300,0x1000,0x0000,0x0000,0x0000,0x0100,0x1000,0x0000,0x0000,0x0000,0x011c,0x11e1,0x10f8,0x3c70,
0xc000,0x0124,0x1331,0x1184,0x6650,0xc000,0x011c,0x1211,0x10c6,0x4270,0xc000,0x0104,0x13d1,0x1086,0x7a10,0xc000,
0x0104,0x1041,0x1086,0x0810,0xc000,0x0104,0x1041,0x1086,0x0810,0xc000,0x0104,0x1041,0x1086,0x083c,0xc000,0x01c4,
0x11c1,0xdc86,0x3856,0xc000,0x0144,0x1141,0x5486,0x2851,0xc000,0x01cf,0xf1c1,0xdc86,0x3830,0xc000,0x0000,0x0000,
0x0000,0x0000,0x0000,0x0000,0x0000,0x0000,0x0000,0x0000,0x0000,0x0000,0x0000,0x0000,0x0000,0x0000,0x0000,0x0000,
0x0000,0x0000,0x0000,0x0000,0x0000,0x0000,0x0000,0x0000,0x0000,0x0000,0x0000,0x0000,0x0000,0x0000,0x0000,0x0000,
0x0000,0x0000,0x0000,0x0000,0x0000,0x0000,0x0000,0x0000,0x0000,0x0000,0x0000,0x0000,0x0000,0x0000,0x0000,0x0000,
0x0000,0x0000,0x0000,0x0000,0x0000,0x0000,0x0000,0x0000,0x0000,0x0000,0x0000,0x0000,0x0000,0x0000,0x0000,0x0000,
0x0000,0x0000,0x0000,0x0000,0x0000,0x0000,0x0000,0x0000,0x0000,0x0000,0x0000,0x0000,0x0000,0x0000
};

//3：步骤   ???????
unsigned short const Thai_Font17_Pic_3[] = { 
61,38,
0x00a4,0x0000,0x0000,0x0000,0x00e8,0x0000,0x0000,0x0000,0x0058,0x0000,0x0000,0x0000,0x00e0,0x0000,0x0000,0x0000,
0x0000,0x0000,0x0000,0x0000,0x0000,0x0000,0x0000,0x0000,0x0000,0x0000,0x0000,0x0000,0x0063,0x0000,0x0000,0x0000,
0x0096,0x0000,0x0000,0x0000,0x0078,0x0000,0x0000,0x0000,0x0000,0x0000,0x0000,0x0000,0x0000,0x0000,0x0000,0x0000,
0x0793,0x843b,0x8787,0x0800,0x0754,0x8464,0x98c9,0x0800,0x0953,0x8460,0x9047,0x0800,0x06d0,0x846c,0x9761,0x0800,
0x0090,0x8472,0x9d61,0x0800,0x0090,0x846e,0x8f61,0x0800,0x0090,0x9e64,0x8c61,0x3c00,0x0090,0xba68,0x8c61,0x7400,
0x0090,0xca70,0x8c61,0x9400,0x01f0,0x8e60,0x8fe1,0x1c00,0x0000,0x0000,0x0000,0x0000,0x0000,0x0000,0x0000,0x0000,
0x0000,0x0000,0x0000,0x0000,0x0000,0x0000,0x0000,0x0000,0x0000,0x0000,0x0000,0x0000,0x0000,0x0000,0x0000,0x0000,
0x0000,0x0000,0x0000,0x0000,0x0000,0x0000,0x0000,0x0000,0x0000,0x0000,0x0000,0x0000,0x0000,0x0000,0x0000,0x0000,
0x0000,0x0000,0x0000,0x0000,0x0000,0x0000,0x0000,0x0000,0x0000,0x0000,0x0000,0x0000,0x0000,0x0000,0x0000,0x0000,
0x0000,0x0000,0x0000,0x0000,0x0000,0x0000,0x0000,0x0000
};

//4：标称位置   ??????????????
unsigned short const Thai_Font17_Pic_4[] = { 
122,38,
0x0000,0x0000,0x0000,0x0000,0x0000,0x0000,0x0000,0x0000,0x0000,0x0000,0x0000,0x0000,0x0000,0x0000,0x0000,0x0000,
0x0000,0x0000,0x0000,0x0000,0x0000,0x0000,0x0000,0x0000,0x0000,0x0000,0x0000,0x0000,0x0000,0x0000,0x0000,0x0000,
0x0000,0x0000,0x0000,0x0000,0x0000,0x0000,0x0000,0x0000,0x0000,0x0000,0x0000,0x0000,0x0000,0x0000,0x0000,0x0000,
0x0038,0x0000,0x0000,0x0000,0x0000,0x0000,0x0000,0x0000,0x002c,0x0000,0x0000,0x3000,0x0000,0x0001,0x8000,0x0000,
0x002c,0x0000,0x0000,0x3000,0x0000,0x0001,0x8000,0x0000,0x0038,0x0000,0x0000,0x3000,0x0000,0x0001,0x8000,0x0000,
0x0000,0x0000,0x0000,0x3000,0x0000,0x0001,0x8000,0x0000,0x0000,0x0000,0x0000,0x0000,0x0000,0x0000,0x0000,0x0000,
0x03b8,0xf044,0x718e,0x1070,0xee3c,0x3c3c,0x8781,0xc000,0x0649,0x9844,0x9252,0x1051,0x9266,0x6673,0x0cc1,0x4000,
0x0609,0x0844,0x71ce,0x1071,0x8242,0x424a,0x8841,0xc000,0x06c8,0x0844,0x1182,0x1011,0xb27a,0x0234,0x8040,0x4000,
0x0728,0x0844,0x1182,0x1211,0xca08,0x0204,0x8048,0x4000,0x06e8,0x0844,0x1282,0x1111,0xba08,0x0204,0x8044,0x4000,
0x0648,0x0844,0x1482,0x7891,0x9208,0x0204,0x8042,0x4000,0x0688,0x0877,0x1482,0xe851,0xa238,0x0204,0x8041,0x4000,
0x0708,0x0855,0x1883,0x2831,0xc228,0x0204,0x8040,0xc000,0x0608,0x0877,0x1082,0x3811,0x8238,0x020f,0x8040,0x4000,
0x0000,0x0000,0x0000,0x0000,0x0000,0x0000,0x0000,0x0000,0x0000,0x0000,0x0000,0x0000,0x0000,0x0000,0x0000,0x0000,
0x0000,0x0000,0x0000,0x0000,0x0000,0x0000,0x0000,0x0000,0x0000,0x0000,0x0000,0x0000,0x0000,0x0000,0x0000,0x0000,
0x0000,0x0000,0x0000,0x0000,0x0000,0x0000,0x0000,0x0000,0x0000,0x0000,0x0000,0x0000,0x0000,0x0000,0x0000,0x0000,
0x0000,0x0000,0x0000,0x0000,0x0000,0x0000,0x0000,0x0000,0x0000,0x0000,0x0000,0x0000,0x0000,0x0000,0x0000,0x0000,
0x0000,0x0000,0x0000,0x0000,0x0000,0x0000,0x0000,0x0000,0x0000,0x0000,0x0000,0x0000,0x0000,0x0000,0x0000,0x0000,
0x0000,0x0000,0x0000,0x0000,0x0000,0x0000,0x0000,0x0000,0x0000,0x0000,0x0000,0x0000,0x0000,0x0000,0x0000,0x0000,
0x0000,0x0000,0x0000,0x0000,0x0000,0x0000,0x0000,0x0000,0x0000,0x0000,0x0000,0x0000,0x0000,0x0000,0x0000,0x0000,
0x0000,0x0000,0x0000,0x0000,0x0000,0x0000,0x0000,0x0000,0x0000,0x0000,0x0000,0x0000,0x0000,0x0000,0x0000,0x0000,

};

//5：手动模式      ?????????
unsigned short const Thai_Font17_Pic_5[] = { 
99,38,
0x0000,0x0000,0x0000,0x0000,0x0000,0x0000,0x0000,0x0000,0x0000,0x0000,0x0000,0x0000,0x0000,0x0000,0x0000,0x0000,
0x0000,0x0000,0x0000,0x0000,0x0000,0x0000,0x0000,0x0000,0x0000,0x0000,0x0000,0x0000,0x0000,0x0000,0x0000,0x0000,
0x0000,0x0000,0x0000,0x0000,0x0000,0x0000,0x0000,0x0000,0x0000,0x0000,0x0780,0x0000,0x0000,0x0000,0x0000,0x0000,
0x0000,0x0cc0,0x0000,0x0000,0x0000,0x0000,0x0000,0x0000,0x0840,0x0000,0x0000,0x0000,0x0000,0x0000,0x0000,0x0600,
0x0000,0x0000,0x0000,0x0000,0x0000,0x0000,0x0300,0x0000,0x0000,0x0000,0x0000,0x0000,0x0000,0x0100,0x0000,0x0000,
0x0000,0x0000,0x0000,0x0000,0x011c,0x6386,0x1e08,0x8e19,0xc21e,0x0780,0x0000,0x0124,0x9286,0x3108,0x8a1a,0x4233,
0x18c0,0x0000,0x011c,0x7386,0x2088,0x8e19,0xc221,0x1260,0x0000,0x0104,0x6086,0x6e88,0x8218,0x4221,0x1720,0x0000,
0x0104,0x6086,0x7a88,0x8218,0x4221,0x04a0,0x0000,0x0104,0xa086,0x6e88,0x8218,0x4201,0x08a0,0x0000,0x0105,0x21e6,
0x6c88,0x8798,0x4f01,0x0860,0x0000,0x01c5,0x22b6,0x788e,0xead8,0x5d07,0x0e60,0x0000,0x0146,0x228e,0x708a,0xaa38,
0x6505,0x0a60,0x0000,0x01c4,0x2186,0x608e,0xe618,0x4707,0x0e20,0x0000,0x0000,0x0000,0x0000,0x0000,0x0000,0x0000,
0x0000,0x0000,0x0000,0x0000,0x0000,0x0000,0x0000,0x0000,0x0000,0x0000,0x0000,0x0000,0x0000,0x0000,0x0000,0x0000,
0x0000,0x0000,0x0000,0x0000,0x0000,0x0000,0x0000,0x0000,0x0000,0x0000,0x0000,0x0000,0x0000,0x0000,0x0000,0x0000,
0x0000,0x0000,0x0000,0x0000,0x0000,0x0000,0x0000,0x0000,0x0000,0x0000,0x0000,0x0000,0x0000,0x0000,0x0000,0x0000,
0x0000,0x0000,0x0000,0x0000,0x0000,0x0000,0x0000,0x0000,0x0000,0x0000,0x0000,0x0000,0x0000,0x0000,0x0000,0x0000,
0x0000,0x0000,0x0000,0x0000,0x0000,0x0000,0x0000,0x0000,0x0000,0x0000,0x0000,0x0000,0x0000,0x0000,0x0000,0x0000,
0x0000,0x0000,0x0000,0x0000,0x0000,0x0000,0x0000,0x0000,0x0000,0x0000,0x0000,0x0000,0x0000,0x0000,0x0000,0x0000,
0x0000,0x0000,0x0000,0x0000,0x0000,0x0000,0x0000,0x0000,0x0000,0x0000
};

//6：自动模式    ?????????
unsigned short const Thai_Font17_Pic_6[] = { 
85,38,
0x0000,0x0000,0x0000,0x0000,0x0000,0x0000,0x0000,0x0000,0x0000,0x0000,0x0000,0x0000,0x0000,0x0000,0x0000,0x0000,
0x0000,0x0000,0x0000,0x0000,0x0000,0x0000,0x0000,0x0000,0x0000,0x0000,0x0000,0x0000,0x0000,0x0000,0x0000,0x0000,
0x0000,0x0000,0x0000,0x0000,0x0780,0x0000,0x0000,0x0001,0xe070,0x0000,0x0cc0,0x0000,0x0000,0x0003,0x3052,0x0000,
0x0840,0x0000,0x0000,0x0002,0x1072,0x0000,0x0600,0x0000,0x0000,0x0001,0x802c,0x0000,0x0300,0x0000,0x0000,0x0000,
0xc070,0x0000,0x0100,0x0000,0x0000,0x0000,0x4000,0x0000,0x011c,0x6386,0x1e07,0x81e0,0x43b8,0x0000,0x0124,0x9286,
0x3118,0xc630,0x4648,0x0000,0x011c,0x7386,0x2090,0x4410,0x4608,0x0000,0x0104,0x6086,0x6e97,0x65d8,0x46c8,0x0000,
0x0104,0x6086,0x7a9d,0x6758,0x4728,0x0000,0x0104,0xa086,0x6e8f,0x63d8,0x46e8,0x0000,0x0105,0x21e6,0x6c8c,0x6318,
0x4648,0x0000,0x01c5,0x22b6,0x788c,0x6318,0x7688,0x0000,0x0146,0x228e,0x708c,0x6318,0x5708,0x0000,0x01c4,0x2186,
0x608f,0xe3f8,0x7608,0x0000,0x0000,0x0000,0x0000,0x0000,0x0000,0x0000,0x0000,0x0000,0x0000,0x0000,0x0000,0x0000,
0x0000,0x0000,0x0000,0x0000,0x0000,0x0000,0x0000,0x0000,0x0000,0x0000,0x0000,0x0000,0x0000,0x0000,0x0000,0x0000,
0x0000,0x0000,0x0000,0x0000,0x0000,0x0000,0x0000,0x0000,0x0000,0x0000,0x0000,0x0000,0x0000,0x0000,0x0000,0x0000,
0x0000,0x0000,0x0000,0x0000,0x0000,0x0000,0x0000,0x0000,0x0000,0x0000,0x0000,0x0000,0x0000,0x0000,0x0000,0x0000,
0x0000,0x0000,0x0000,0x0000,0x0000,0x0000,0x0000,0x0000,0x0000,0x0000,0x0000,0x0000,0x0000,0x0000,0x0000,0x0000,
0x0000,0x0000,0x0000,0x0000,0x0000,0x0000,0x0000,0x0000,0x0000,0x0000,0x0000,0x0000,0x0000,0x0000,0x0000,0x0000,
0x0000,0x0000,0x0000,0x0000
};

//7：自刀模式    ????????????
unsigned short const Thai_Font17_Pic_7[] = { 
106,38,
0x0000,0x0000,0x0000,0x0000,0x0000,0x0000,0x0000,0x0000,0x0000,0x0000,0x0000,0x0000,0x0000,0x0000,0x0000,0x0000,
0x0000,0x0000,0x0000,0x0000,0x0000,0x0000,0x0000,0x0000,0x0000,0x0000,0x0000,0x0000,0x0000,0x0000,0x0000,0x0000,
0x0000,0x0000,0x0000,0x0000,0x0000,0x0000,0x0000,0x0000,0x0000,0x0000,0x0780,0x0000,0x0000,0x0000,0x0000,0x1e07,
0x0000,0x0cc0,0x0000,0x0000,0xc600,0x0000,0x3305,0x2000,0x0840,0x0000,0x0001,0x2c00,0x0000,0x2107,0x2000,0x0600,
0x0000,0x0000,0xf000,0x0000,0x1802,0xc000,0x0300,0x0000,0x0000,0x0000,0x0000,0x0c07,0x0000,0x0100,0x0000,0x0000,
0x0000,0x0000,0x0400,0x0000,0x011c,0x6386,0x1e0e,0xe1e0,0x781e,0x043b,0x8000,0x0124,0x9286,0x3119,0x2311,0x8c63,
0x0464,0x8000,0x011c,0x7386,0x2098,0x2209,0x0441,0x0460,0x8000,0x0104,0x6086,0x6e9b,0x26e9,0x765d,0x846c,0x8000,
0x0104,0x6086,0x7a9c,0xa7a9,0xd675,0x8472,0x8000,0x0104,0xa086,0x6e9b,0xa6e8,0xf63d,0x846e,0x8000,0x0105,0x21e6,
0x6c99,0x26c8,0xc631,0x8464,0x8000,0x01c5,0x22b6,0x789a,0x2788,0xc631,0x8768,0x8000,0x0146,0x228e,0x709c,0x2708,
0xc631,0x8570,0x8000,0x01c4,0x2186,0x6098,0x2608,0xfe3f,0x8760,0x8000,0x0000,0x0000,0x0000,0x0000,0x0000,0x0000,
0x0000,0x0000,0x0000,0x0000,0x0000,0x0000,0x0000,0x0000,0x0000,0x0000,0x0000,0x0000,0x0000,0x0000,0x0000,0x0000,
0x0000,0x0000,0x0000,0x0000,0x0000,0x0000,0x0000,0x0000,0x0000,0x0000,0x0000,0x0000,0x0000,0x0000,0x0000,0x0000,
0x0000,0x0000,0x0000,0x0000,0x0000,0x0000,0x0000,0x0000,0x0000,0x0000,0x0000,0x0000,0x0000,0x0000,0x0000,0x0000,
0x0000,0x0000,0x0000,0x0000,0x0000,0x0000,0x0000,0x0000,0x0000,0x0000,0x0000,0x0000,0x0000,0x0000,0x0000,0x0000,
0x0000,0x0000,0x0000,0x0000,0x0000,0x0000,0x0000,0x0000,0x0000,0x0000,0x0000,0x0000,0x0000,0x0000,0x0000,0x0000,
0x0000,0x0000,0x0000,0x0000,0x0000,0x0000,0x0000,0x0000,0x0000,0x0000,0x0000,0x0000,0x0000,0x0000,0x0000,0x0000,
0x0000,0x0000,0x0000,0x0000,0x0000,0x0000,0x0000,0x0000,0x0000,0x0000
};

//8：示教模式   ?????????????
unsigned short const Thai_Font17_Pic_8[] = { 
124,38,
0x0000,0x0000,0x0000,0x0000,0x0000,0x0000,0x0000,0x0000,0x0000,0x0000,0x0000,0x0000,0x0000,0x0000,0x0000,0x0000,
0x0000,0x0000,0x0000,0x0000,0x0000,0x0000,0x0000,0x0000,0x0000,0x0000,0x0000,0x0000,0x0000,0x0000,0x0000,0x0000,
0x0000,0x0000,0x0000,0x0000,0x0000,0x0000,0x0000,0x0000,0x0000,0x0000,0x0000,0x0000,0x0000,0x0000,0x0000,0x0000,
0x0780,0x0000,0x0000,0x0000,0x0038,0x0e00,0x0000,0x0000,0x0cc0,0x0000,0x0000,0x0000,0x004c,0x0a40,0x0000,0x0000,
0x0840,0x0000,0x0000,0x0000,0x007c,0x0e40,0x0000,0x0000,0x0600,0x0000,0x0000,0x0000,0x0054,0x0580,0x0000,0x0000,
0x0300,0x0000,0x0000,0x0000,0x0074,0x0e00,0x0000,0x0000,0x0100,0x0000,0x0000,0x4000,0x0004,0x0000,0x0000,0x0000,
0x011c,0x6386,0x1e07,0x81e1,0xc204,0x7907,0x0f0e,0x1000,0x0124,0x9286,0x3118,0xc632,0x4204,0xe605,0x1992,0x1000,
0x011c,0x7386,0x2091,0x2411,0xc204,0x9507,0x108e,0x1000,0x0104,0x6086,0x6e93,0x25d8,0x4204,0x6901,0x0082,0x1000,
0x0104,0x6086,0x7a85,0xa758,0x4204,0x0921,0x0082,0x1000,0x0104,0xa086,0x6e8c,0xa3d8,0x4204,0x0911,0x0082,0x1000,
0x0105,0x21e6,0x6c88,0x6318,0x4f04,0x0909,0x0082,0x7800,0x01c5,0x22b6,0x788e,0x6318,0x5d07,0x0905,0x0082,0xe800,
0x0146,0x228e,0x708a,0x6318,0x6505,0x0903,0x0083,0x2800,0x01c4,0x2186,0x608e,0x23f8,0x4707,0x1f01,0x0082,0x3800,
0x0000,0x0000,0x0000,0x0000,0x0000,0x0000,0x0000,0x0000,0x0000,0x0000,0x0000,0x0000,0x0000,0x0000,0x0000,0x0000,
0x0000,0x0000,0x0000,0x0000,0x0000,0x0000,0x0000,0x0000,0x0000,0x0000,0x0000,0x0000,0x0000,0x0000,0x0000,0x0000,
0x0000,0x0000,0x0000,0x0000,0x0000,0x0000,0x0000,0x0000,0x0000,0x0000,0x0000,0x0000,0x0000,0x0000,0x0000,0x0000,
0x0000,0x0000,0x0000,0x0000,0x0000,0x0000,0x0000,0x0000,0x0000,0x0000,0x0000,0x0000,0x0000,0x0000,0x0000,0x0000,
0x0000,0x0000,0x0000,0x0000,0x0000,0x0000,0x0000,0x0000,0x0000,0x0000,0x0000,0x0000,0x0000,0x0000,0x0000,0x0000,
0x0000,0x0000,0x0000,0x0000,0x0000,0x0000,0x0000,0x0000,0x0000,0x0000,0x0000,0x0000,0x0000,0x0000,0x0000,0x0000,
0x0000,0x0000,0x0000,0x0000,0x0000,0x0000,0x0000,0x0000,0x0000,0x0000,0x0000,0x0000,0x0000,0x0000,0x0000,0x0000,
0x0000,0x0000,0x0000,0x0000,0x0000,0x0000,0x0000,0x0000,0x0000,0x0000,0x0000,0x0000,0x0000,0x0000,0x0000,0x0000,

};

//9：输入数据范围：????????????????????
unsigned short const Thai_Font17_Pic_9[] = { 
138,38,
0x0000,0x0000,0x0000,0x0000,0x0000,0x0000,0x0000,0x0000,0x0000,0x0000,0x0000,0x0000,0x0000,0x0006,0x0000,0x0000,
0x0000,0x0000,0x0000,0x0000,0x0000,0x0000,0x0006,0x0000,0x0000,0x0000,0x0000,0x0000,0x0000,0x0000,0x0000,0x0006,
0x0000,0x0000,0x0000,0x0000,0x0000,0x0000,0x0000,0x0000,0x0000,0x0000,0x0000,0x0000,0x0000,0x0000,0x0000,0x0000,
0x0000,0x0001,0x0000,0x0000,0x2000,0x0000,0x0000,0x0000,0x1c00,0x0000,0x007d,0x01c0,0x0000,0x2403,0x8000,0x0030,
0x0000,0x1480,0x0000,0x0086,0x0158,0x0000,0x2c02,0x9000,0x0030,0x0000,0x1c80,0x0000,0x00ff,0x01d8,0x0000,0x3403,
0x9000,0x0030,0x0000,0x0b00,0x0000,0x0003,0x00b0,0x0000,0x3401,0x6000,0x0030,0x0000,0x1c00,0x0000,0x0000,0x01d0,
0x0000,0x0403,0x8000,0x0000,0x0000,0x0000,0x0000,0x0000,0x0010,0x0000,0x0400,0x0000,0x0790,0xf038,0xf21e,0x1c30,
0xf0e7,0x1c10,0xf0e1,0x040f,0x0000,0x0e61,0x9828,0xea63,0x1433,0x1925,0x2413,0x1921,0x0418,0x8000,0x0951,0x0839,
0x2a41,0x1c32,0x4ced,0x1c12,0x08e1,0x0410,0x4000,0x0691,0x0808,0xda5d,0x8432,0xe429,0x0412,0xec21,0x0437,0x4000,
0x0091,0x0908,0x1275,0x8430,0x9429,0x0413,0xac21,0x043d,0x4000,0x0090,0x0888,0x123d,0x8431,0x1431,0x0411,0xec21,
0x0437,0x4000,0x0090,0x0848,0x1231,0x8f31,0x0c31,0x0411,0x8c27,0x8436,0x4000,0x0090,0x3828,0x1231,0x95b1,0xcc31,
0x0411,0x8c2e,0x873c,0x4000,0x0090,0x2818,0x1231,0x9471,0x4c21,0x0411,0x8c32,0x85b8,0x4000,0x01f0,0x3808,0x3e3f,
0x8c31,0xc421,0x0ff1,0xfc23,0x8730,0x4000,0x0000,0x0000,0x0000,0x0000,0x0000,0x0000,0x0000,0x0000,0x0000,0x0000,
0x0000,0x0000,0x00c8,0x0000,0x0000,0x0000,0x0000,0x0000,0x0000,0x0000,0x0000,0x0148,0x0000,0x0000,0x0000,0x0000,
0x0000,0x0000,0x0000,0x0000,0x01c8,0x0000,0x0000,0x0000,0x0000,0x0000,0x0000,0x0000,0x0000,0x0048,0x0000,0x0000,
0x0000,0x0000,0x0000,0x0000,0x0000,0x0000,0x0078,0x0000,0x0000,0x0000,0x0000,0x0000,0x0000,0x0000,0x0000,0x0000,
0x0000,0x0000,0x0000,0x0000,0x0000,0x0000,0x0000,0x0000,0x0000,0x0000,0x0000,0x0000,0x0000,0x0000,0x0000,0x0000,
0x0000,0x0000,0x0000,0x0000,0x0000,0x0000,0x0000,0x0000,0x0000,0x0000,0x0000,0x0000,0x0000,0x0000,0x0000,0x0000,
0x0000,0x0000,0x0000,0x0000,0x0000,0x0000,0x0000,0x0000,0x0000,0x0000,0x0000,0x0000,0x0000,0x0000,0x0000,0x0000,
0x0000,0x0000,0x0000,0x0000,0x0000,0x0000,0x0000,0x0000,0x0000,0x0000,0x0000,0x0000,0x0000,0x0000,0x0000,0x0000,
0x0000,0x0000,0x0000,0x0000,0x0000,0x0000,0x0000,0x0000,0x0000,0x0000,0x0000,0x0000,0x0000,0x0000,0x0000,0x0000,
0x0000,0x0000,0x0000,0x0000,0x0000,0x0000
};

//10：查找模式 ?????????
unsigned short const Thai_Font17_Pic_10[] = { 
89,38,
0x0000,0x0000,0x0000,0x0000,0x0000,0x0000,0x0000,0x0000,0x0000,0x0000,0x0000,0x0000,0x0000,0x0000,0x0000,0x0000,
0x0000,0x0000,0x0000,0x0000,0x0000,0x0000,0x0000,0x0000,0x0000,0x0000,0x0000,0x0000,0x0000,0x0000,0x0000,0x0000,
0x0000,0x0000,0x0000,0x0000,0x0780,0x0000,0x0001,0xc000,0x0000,0x0000,0x0cc0,0x0000,0x0001,0x4800,0x0000,0x0000,
0x0840,0x0000,0x0001,0xc800,0x0000,0x0000,0x0600,0x0000,0x0000,0xb000,0x0000,0x0000,0x0300,0x0000,0x0001,0xc000,
0x0000,0x0000,0x0100,0x0000,0x0000,0x0000,0x0000,0x0000,0x011c,0x6386,0x1e07,0x8708,0xe30f,0x0000,0x0124,0x9286,
0x310c,0x4909,0x2499,0x8000,0x011c,0x7386,0x2088,0x2708,0xe390,0x8000,0x0104,0x6086,0x6e9b,0xa108,0x2300,0x8000,
0x0104,0x6086,0x7a9a,0xa108,0x2300,0x8000,0x0104,0xa086,0x6e9f,0xa108,0x2500,0x8000,0x0105,0x21e6,0x6c9c,0x213c,
0x2900,0x8000,0x01c5,0x22b6,0x789c,0x2174,0x2900,0x8000,0x0146,0x228e,0x7098,0x2194,0x3100,0x8000,0x01c4,0x2186,
0x6098,0x211c,0x2100,0x8000,0x0000,0x0000,0x0000,0x0000,0x0000,0x0000,0x0000,0x0000,0x0000,0x0000,0x0000,0x0000,
0x0000,0x0000,0x0000,0x0000,0x0000,0x0000,0x0000,0x0000,0x0000,0x0000,0x0000,0x0000,0x0000,0x0000,0x0000,0x0000,
0x0000,0x0000,0x0000,0x0000,0x0000,0x0000,0x0000,0x0000,0x0000,0x0000,0x0000,0x0000,0x0000,0x0000,0x0000,0x0000,
0x0000,0x0000,0x0000,0x0000,0x0000,0x0000,0x0000,0x0000,0x0000,0x0000,0x0000,0x0000,0x0000,0x0000,0x0000,0x0000,
0x0000,0x0000,0x0000,0x0000,0x0000,0x0000,0x0000,0x0000,0x0000,0x0000,0x0000,0x0000,0x0000,0x0000,0x0000,0x0000,
0x0000,0x0000,0x0000,0x0000,0x0000,0x0000,0x0000,0x0000,0x0000,0x0000,0x0000,0x0000,0x0000,0x0000,0x0000,0x0000,
0x0000,0x0000,0x0000,0x0000
};

//11：序号 ?????
unsigned short const Thai_Font17_Pic_11[] = { 
50,38,
0x0000,0x0000,0x0000,0x0000,0x0000,0x0000,0x0000,0x0000,0x0000,0x0000,0x0000,0x0000,0x0000,0x0000,0x0000,0x0000,
0x0000,0x0000,0x0000,0x0000,0x0000,0x0000,0x0000,0x0000,0x0038,0x0000,0x0000,0x0000,0x002c,0x0006,0x3000,0x0000,
0x002c,0x0009,0x6000,0x0000,0x0038,0x0007,0x8000,0x0000,0x0000,0x0000,0x0000,0x0000,0x0000,0x0000,0x0000,0x0000,
0x01e0,0xf03c,0x3820,0x0000,0x0631,0x9862,0x4820,0x0000,0x0499,0x0841,0x3820,0x0000,0x05c8,0x08dd,0x0820,0x0000,
0x0128,0x08f5,0x0820,0x0000,0x0228,0x08dd,0x0820,0x0000,0x0218,0x08d9,0x0820,0x0000,0x0398,0x08f1,0x0820,0x0000,
0x0298,0x08e1,0x0820,0x0000,0x0388,0x08c1,0x1fe0,0x0000,0x0000,0x0000,0x0000,0x0000,0x0000,0x0000,0x0000,0x0000,
0x0000,0x0000,0x0000,0x0000,0x0000,0x0000,0x0000,0x0000,0x0000,0x0000,0x0000,0x0000,0x0000,0x0000,0x0000,0x0000,
0x0000,0x0000,0x0000,0x0000,0x0000,0x0000,0x0000,0x0000,0x0000,0x0000,0x0000,0x0000,0x0000,0x0000,0x0000,0x0000,
0x0000,0x0000,0x0000,0x0000,0x0000,0x0000,0x0000,0x0000,0x0000,0x0000,0x0000,0x0000,0x0000,0x0000,0x0000,0x0000,
0x0000,0x0000,0x0000,0x0000,0x0000,0x0000,0x0000,0x0000
};

//12：名称 ????
unsigned short const Thai_Font17_Pic_12[] = { 
28,38,
0x0000,0x0000,0x0060,0x0000,0x0060,0x0000,0x0060,0x0000,0x0000,0x0000,0x0050,0x0000,0x07d0,0x0000,0x0860,0x0000,
0x0ff0,0x0000,0x0030,0x0000,0x0000,0x0000,0x0000,0x0000,0x0790,0x7800,0x0e61,0x8c00,0x0951,0x0400,0x0691,0x7600,
0x0091,0xd600,0x0090,0xf600,0x0090,0xc600,0x0090,0xc600,0x0090,0xc600,0x01f0,0xfe00,0x0000,0x0000,0x0000,0x0000,
0x0000,0x0000,0x0000,0x0000,0x0000,0x0000,0x0000,0x0000,0x0000,0x0000,0x0000,0x0000,0x0000,0x0000,0x0000,0x0000,
0x0000,0x0000,0x0000,0x0000,0x0000,0x0000,0x0000,0x0000,0x0000,0x0000,0x0000,0x0000
};

//13：修改日期 ?????????????
unsigned short const Thai_Font17_Pic_13[] = { 
88,38,
0x0000,0x0000,0x0000,0x0000,0x0000,0x0000,0x0000,0x0030,0x0000,0x0000,0x0006,0x0000,0x0000,0x0030,0x0000,0x0000,
0x0006,0x0000,0x0000,0x0030,0x0000,0x0000,0x0006,0x0000,0x0000,0x0000,0x0000,0x0000,0x0000,0x0000,0x0000,0x0008,
0x0000,0x0000,0x0001,0x0000,0x0000,0x03e8,0x0000,0x0000,0x007d,0x0000,0x0000,0x2430,0x0000,0x018c,0x0086,0x0000,
0x0000,0x27f8,0x0000,0x0258,0x00ff,0x0000,0x0000,0x2018,0x0000,0x01e0,0x0003,0x0000,0x0000,0x2000,0x0000,0x0000,
0x0000,0x0000,0x0000,0x2000,0x0000,0x0000,0x0000,0x0000,0x0238,0x21e0,0xe670,0x8787,0x08e7,0x0000,0x0248,0x2631,
0xa690,0x8cc9,0x0925,0x0000,0x0238,0x2499,0xe670,0x8847,0x08ed,0x0000,0x0208,0x25c9,0x0610,0x8841,0x0829,0x0000,
0x0208,0x2128,0xe610,0x8841,0x0829,0x0000,0x0208,0x2228,0x8610,0x8041,0x0831,0x0000,0x0208,0x2218,0x8613,0xc041,
0x3c31,0x0000,0x0388,0x2398,0x8617,0x41c1,0x7431,0x0000,0x0288,0x2298,0x8619,0x4141,0x9421,0x0000,0x039f,0xe388,
0xfe11,0xc1c1,0x1c21,0x0000,0x0000,0x0000,0x0000,0x0000,0x0000,0x0000,0x0000,0x0000,0x0000,0x0000,0x0000,0x0000,
0x0000,0x0000,0x0000,0x0000,0x0000,0x0000,0x0000,0x0000,0x0000,0x0000,0x0000,0x0000,0x0000,0x0000,0x0000,0x0000,
0x0000,0x0000,0x0000,0x0000,0x0000,0x0000,0x0000,0x0000,0x0000,0x0000,0x0000,0x0000,0x0000,0x0000,0x0000,0x0000,
0x0000,0x0000,0x0000,0x0000,0x0000,0x0000,0x0000,0x0000,0x0000,0x0000,0x0000,0x0000,0x0000,0x0000,0x0000,0x0000,
0x0000,0x0000,0x0000,0x0000,0x0000,0x0000,0x0000,0x0000,0x0000,0x0000,0x0000,0x0000,0x0000,0x0000,0x0000,0x0000,
0x0000,0x0000,0x0000,0x0000,0x0000,0x0000,0x0000,0x0000,0x0000,0x0000,0x0000,0x0000,0x0000,0x0000,0x0000,0x0000,
0x0000,0x0000,0x0000,0x0000
};

//14：确认 ????
unsigned short const Thai_Font17_Pic_14[] = { 
48,38,
0x0000,0x0000,0x0000,0x0000,0x0000,0x0000,0x0000,0x0000,0x0000,0x0000,0x0000,0x0000,0x0000,0x0000,0x0000,0x0000,
0x0000,0x0000,0x0000,0x0000,0x0000,0x0000,0x0000,0x0000,0x0000,0x0000,0x0000,0x0000,0x0000,0x0000,0x0000,0x0000,
0x0000,0x0000,0x0000,0x0000,0x03b8,0xf81e,0x0700,0x0649,0x8463,0x0500,0x0608,0xc649,0x8700,0x06c8,0x865c,0x8100,
0x0728,0x8612,0xa100,0x06e8,0x8622,0x9100,0x0648,0x8621,0x8900,0x0688,0x8639,0x8500,0x0708,0x8629,0x8300,0x0608,
0x8638,0x8100,0x0000,0x0000,0x0000,0x0000,0x0000,0x0000,0x0000,0x0000,0x0000,0x0000,0x0000,0x0000,0x0000,0x0000,
0x0000,0x0000,0x0000,0x0000,0x0000,0x0000,0x0000,0x0000,0x0000,0x0000,0x0000,0x0000,0x0000,0x0000,0x0000,0x0000,
0x0000,0x0000,0x0000,0x0000,0x0000,0x0000,0x0000,0x0000,0x0000,0x0000,0x0000,0x0000,0x0000,0x0000,0x0000,0x0000,
0x0000,0x0000
};

//15：取消 ??????
unsigned short const Thai_Font17_Pic_15[] = { 
55,38,
0x0000,0x0000,0x0000,0x0000,0x0000,0x0000,0x0000,0x0000,0x0000,0x0000,0x0000,0x0000,0x0000,0x0000,0x0000,0x0000,
0x0000,0x0000,0x0000,0x0000,0x0000,0x0000,0x0000,0x0000,0x0000,0x0001,0xf000,0x0000,0x0000,0x0002,0x1800,0x0000,
0x0000,0x0003,0xf800,0x0000,0x0000,0x0000,0x0c00,0x0000,0x0000,0x0000,0x0000,0x0000,0x0000,0x0000,0x0000,0x0000,
0x0398,0xf820,0xf07c,0x0000,0x0699,0x8423,0x18c2,0x0000,0x0798,0xc622,0x4c63,0x0000,0x0418,0x8622,0xe443,0x0000,
0x0398,0x8620,0x9443,0x0000,0x0218,0x8621,0x1443,0x0000,0x0218,0x8621,0x0c43,0x0000,0x0218,0x8639,0xcc43,0x0000,
0x0218,0x8629,0x4c43,0x0000,0x03f8,0x8639,0xc443,0x0000,0x0000,0x0000,0x0000,0x0000,0x0000,0x0000,0x0000,0x0000,
0x0000,0x0000,0x0000,0x0000,0x0000,0x0000,0x0000,0x0000,0x0000,0x0000,0x0000,0x0000,0x0000,0x0000,0x0000,0x0000,
0x0000,0x0000,0x0000,0x0000,0x0000,0x0000,0x0000,0x0000,0x0000,0x0000,0x0000,0x0000,0x0000,0x0000,0x0000,0x0000,
0x0000,0x0000,0x0000,0x0000,0x0000,0x0000,0x0000,0x0000,0x0000,0x0000,0x0000,0x0000,0x0000,0x0000,0x0000,0x0000,
0x0000,0x0000,0x0000,0x0000,0x0000,0x0000,0x0000,0x0000
};

//16：自刀模式高度危险，请按确认按键进入！?????????????????????????????????  ???????????????
unsigned short const Thai_Font17_Pic_16[] = { 
411,38,
//////////0x0000,0x0000,0x0000,0x0000,0x0000,0x0000,0x0000,0x0000,0x0000,0x0000,0x0000,0x0000,0x0000,0x0000,0x0000,0x0000,
//////////0x0000,0x0000,0x0000,0x0000,0x0000,0x0000,0x0000,0x0000,0x0000,0x0000,0x0000,0x0000,0x0000,0x0000,0x0000,0x0000,
//////////0x0000,0x0000,0x0000,0x0000,0x0000,0x0000,0x0000,0x0000,0x0000,0x0000,0x0000,0x0000,0x0000,0x0000,0x0000,0x0000,
//////////0x0000,0x0000,0x0000,0x0000,0x0000,0x0000,0x0000,0x0000,0x0000,0x0000,0x0000,0x0000,0x0000,0x0000,0x0000,0x0000,
//////////0x0000,0x0000,0x0000,0x0000,0x0000,0x0000,0x0000,0x0000,0x0000,0x0000,0x0000,0x0000,0x0000,0x0000,0x0000,0x0000,
//////////0x0000,0x0000,0x0000,0x0000,0x0000,0x0000,0x0000,0x0000,0x0000,0x0000,0x0000,0x0000,0x0000,0x0000,0x0000,0x0000,
//////////0x0000,0x0000,0x0000,0x0000,0x0000,0x0000,0x0000,0x0000,0x0000,0x0000,0x0000,0x0000,0x0000,0x0000,0x0000,0x0000,
//////////0x0000,0x0000,0x0000,0x0000,0x0000,0x0000,0x0000,0x0000,0x0000,0x0000,0x0000,0x0000,0x0000,0x0000,0x0000,0x0000,
//////////0x0000,0x0000,0x0000,0x0000,0x0000,0x1000,0x0000,0x0000,0x0000,0x0000,0x0000,0x0000,0x0000,0x0000,0x0000,0x0000,
//////////0x0000,0x0000,0x0000,0x0000,0x0000,0x0000,0x0000,0x0000,0x0000,0x0000,0x0000,0x0000,0x0780,0x0000,0x0007,0xd000,
//////////0x0000,0x0000,0x03c0,0x0000,0x1f00,0x0000,0x0000,0x0000,0x0000,0x0000,0x0000,0x0000,0x0000,0x0000,0x0000,0x0000,
//////////0x0000,0x0000,0x0000,0x0000,0x0000,0x0000,0x0cc0,0x0000,0x0008,0x6000,0x0000,0x018c,0x0660,0x0006,0x3180,0x6300,
//////////0x0000,0x0000,0x0000,0x0300,0x0000,0x0000,0x0000,0x0000,0x0000,0x0000,0x0000,0x0340,0x0000,0x0000,0x0000,0x0000,
//////////0x0840,0x0000,0x000f,0xf000,0x0000,0x0258,0x0420,0x0009,0x7f80,0x9600,0x0000,0x0000,0x0000,0x0300,0x0000,0x0000,
//////////0x0000,0x0000,0x0000,0x0000,0x0000,0x0340,0x0000,0x0000,0x0000,0x0000,0x0600,0x0000,0x0000,0x3000,0x0000,0x01e0,
//////////0x0300,0x0007,0x80c0,0x7800,0x0000,0x0000,0x0000,0x0300,0x0000,0x0000,0x0000,0x0000,0x0000,0x0000,0x0000,0x0340,
//////////0x0000,0x0000,0x0000,0x0000,0x0300,0x0000,0x0000,0x0000,0x0000,0x0000,0x0180,0x0000,0x0000,0x0000,0x0000,0x0000,
//////////0x0000,0x0300,0x0000,0x0000,0x0000,0x0000,0x0000,0x0000,0x0000,0x0340,0x0000,0x0000,0x0000,0x0000,0x0100,0x0000,
//////////0x0000,0x0000,0x0000,0x0000,0x0080,0x0000,0x0000,0x0000,0x0000,0x0000,0x0000,0x0000,0x0000,0x0000,0x0000,0x0000,
//////////0x0000,0x0000,0x0000,0x0040,0x0000,0x0000,0x0000,0x0000,0x011c,0x6386,0x1e1c,0x30f0,0x3c0e,0x0f07,0x708e,0x11c3,
//////////0x1dc3,0xc384,0x3b8f,0x0f07,0x30f0,0x731e,0x071c,0x31e0,0xf800,0x0f83,0xc3e0,0x4783,0xe078,0x704e,0x18ee,0x3e0f,
//////////0x81c0,0x0000,0x0124,0x9286,0x3114,0x3188,0xc60a,0x318c,0x9092,0x1143,0x324c,0x6484,0x6499,0x998d,0x3318,0xd333,
//////////0x0514,0x3331,0x8400,0x1846,0x6610,0x4cc6,0x10c4,0x904a,0x1992,0x6118,0xc140,0x0000,0x011c,0x7386,0x209c,0x3104,
//////////0x930e,0x208c,0x108e,0x11c3,0x3048,0x2384,0x6090,0x908f,0x3208,0xf321,0x071c,0x3210,0xc600,0x0c64,0x2318,0x4843,
//////////0x1882,0x704e,0x1982,0x3192,0x41c0,0x0000,0x0104,0x6086,0x6e84,0x3374,0xb902,0x2ecd,0x9082,0x1043,0x364b,0xb084,
//////////0x6c9e,0x8088,0x32ec,0x8301,0x0104,0x3010,0x8600,0x0867,0xa208,0x4042,0x19ba,0x1042,0x19b2,0x2195,0x6040,0x0000,
//////////0x0104,0x6086,0x7a84,0x33d4,0x2542,0x3ace,0x5082,0x1043,0x394e,0xb084,0x7282,0x0087,0x33ac,0x7301,0x2104,0x3010,
//////////0x8600,0x0860,0x8208,0x4042,0x19ea,0x1042,0x19ca,0x2184,0xe840,0x0000,0x0104,0xa086,0x6e84,0x3374,0x4522,0x1ecd,
//////////0xd082,0x1043,0x3747,0xb084,0x6e82,0x0084,0x31ec,0x4301,0x1104,0x3010,0x8600,0x0860,0x8208,0x4042,0x19ba,0x1042,
//////////0x19ba,0x2188,0xe440,0x0000,0x0105,0x21e6,0x6c8f,0x3364,0x4312,0x18cc,0x9082,0x78f3,0x3246,0x309e,0x6482,0x0084,
//////////0x318c,0x4301,0x090f,0x3010,0x8600,0x0860,0x8209,0xc042,0x19b2,0x1047,0x9992,0x2188,0xa240,0x0000,0x01c5,0x22b6,
//////////0x7895,0xb3c4,0x730a,0x18cd,0x10e2,0xe95b,0x3446,0x30ba,0x688e,0x0084,0x318c,0x4301,0x0515,0xb010,0x8600,0x0863,
//////////0x838b,0x2042,0x19e2,0x104a,0xd9a2,0x219e,0x4140,0x0000,0x0146,0x228e,0x7094,0x7384,0x5306,0x18ce,0x10a3,0x2947,
//////////0x3846,0x30ca,0x708a,0x0084,0x318c,0x4301,0x0314,0x7010,0x8600,0x0862,0x828d,0x2042,0x19c2,0x104a,0x39c2,0x2192,
//////////0x60c0,0x0000,0x01c4,0x2186,0x608c,0x3304,0x7102,0x1fcc,0x10e2,0x38c3,0x3047,0xf08e,0x608e,0x0087,0xf1fc,0x7f01,
//////////0x010c,0x3010,0x8600,0x0863,0x8389,0xc042,0x1982,0x3fc6,0x1982,0x218e,0x6040,0x0000,0x0000,0x0000,0x0000,0x0000,
//////////0x0000,0x0000,0x0000,0x0000,0x0000,0x0000,0x0000,0x0000,0x0000,0x0000,0x0000,0x0000,0x0000,0x0000,0x0000,0x0000,
//////////0x0000,0x0000,0x0000,0x0000,0x0000,0x0000,0x0000,0x0000,0x0000,0x0000,0x0000,0x0000,0x0000,0x0000,0x0000,0x0000,
//////////0x0000,0x0000,0x0000,0x0000,0x0000,0x0000,0x0000,0x0001,0x8000,0x0000,0x0000,0x00c0,0x0000,0x0000,0x0000,0x0000,
//////////0x0000,0x0000,0x0000,0x0000,0x0000,0x0000,0x0000,0x0000,0x0000,0x0000,0x0000,0x0000,0x0000,0x0000,0x0000,0x0000,
//////////0x0000,0x0002,0x4000,0x0000,0x0000,0x0120,0x0000,0x0000,0x0000,0x0000,0x0000,0x0000,0x0000,0x0000,0x0000,0x0000,
//////////0x0000,0x0000,0x0000,0x0000,0x0000,0x0000,0x0000,0x0000,0x0000,0x0000,0x0000,0x0001,0xc000,0x0000,0x0000,0x00e0,
//////////0x0000,0x0000,0x0000,0x0000,0x0000,0x0000,0x0000,0x0000,0x0000,0x0000,0x0000,0x0000,0x0000,0x0000,0x0000,0x0000,
//////////0x0000,0x0000,0x0000,0x0000,0x0000,0x0000,0x4000,0x0000,0x0000,0x0020,0x0000,0x0000,0x0000,0x0000,0x0000,0x0000,
//////////0x0000,0x0000,0x0000,0x0000,0x0000,0x0000,0x0000,0x0000,0x0000,0x0000,0x0000,0x0000,0x0000,0x0000,0x0000,0x0000,
//////////0x4000,0x0000,0x0000,0x0020,0x0000,0x0000,0x0000,0x0000,0x0000,0x0000,0x0000,0x0000,0x0000,0x0000,0x0000,0x0000,
//////////0x0000,0x0000,0x0000,0x0000,0x0000,0x0000,0x0000,0x0000,0x0000,0x0000,0x0000,0x0000,0x0000,0x0000,0x0000,0x0000,
//////////0x0000,0x0000,0x0000,0x0000,0x0000,0x0000,0x0000,0x0000,0x0000,0x0000,0x0000,0x0000,0x0000,0x0000,0x0000,0x0000,
//////////0x0000,0x0000,0x0000,0x0000,0x0000,0x0000,0x0000,0x0000,0x0000,0x0000,0x0000,0x0000,0x0000,0x0000,0x0000,0x0000,
//////////0x0000,0x0000,0x0000,0x0000,0x0000,0x0000,0x0000,0x0000,0x0000,0x0000,0x0000,0x0000,0x0000,0x0000,0x0000,0x0000,
//////////0x0000,0x0000,0x0000,0x0000,0x0000,0x0000,0x0000,0x0000,0x0000,0x0000,0x0000,0x0000,0x0000,0x0000,0x0000,0x0000,
//////////0x0000,0x0000,0x0000,0x0000,0x0000,0x0000,0x0000,0x0000,0x0000,0x0000,0x0000,0x0000,0x0000,0x0000,0x0000,0x0000,
//////////0x0000,0x0000,0x0000,0x0000,0x0000,0x0000,0x0000,0x0000,0x0000,0x0000,0x0000,0x0000,0x0000,0x0000,0x0000,0x0000,
//////////0x0000,0x0000,0x0000,0x0000,0x0000,0x0000,0x0000,0x0000,0x0000,0x0000,0x0000,0x0000,0x0000,0x0000,0x0000,0x0000,
//////////0x0000,0x0000,0x0000,0x0000,0x0000,0x0000,0x0000,0x0000,0x0000,0x0000,0x0000,0x0000,0x0000,0x0000,0x0000,0x0000,
//////////0x0000,0x0000,0x0000,0x0000,0x0000,0x0000,0x0000,0x0000,0x0000,0x0000,0x0000,0x0000,0x0000,0x0000,0x0000,0x0000,
//////////0x0000,0x0000,0x0000,0x0000,0x0000,0x0000,0x0000,0x0000,0x0000,0x0000,0x0000,0x0000,0x0000,0x0000,0x0000,0x0000,
//////////0x0000,0x0000,0x0000,0x0000,0x0000,0x0000,0x0000,0x0000,0x0000,0x0000,0x0000,0x0000,0x0000,0x0000,0x0000,0x0000,
//////////0x0000,0x0000,0x0000,0x0000,0x0000,0x0000,0x0000,0x0000,0x0000,0x0000,0x0000,0x0000,0x0000,0x0000,0x0000,0x0000,
//////////0x0000,0x0000,0x0000,0x0000,0x0000,0x0000,0x0000,0x0000,0x0000,0x0000,0x0000,0x0000,0x0000,0x0000,0x0000,0x0000,
//////////0x0000,0x0000,0x0000,0x0000,0x0000,0x0000,0x0000,0x0000,0x0000,0x0000,0x0000,0x0000,0x0000,0x0000,0x0000,0x0000,
//////////0x0000,0x0000,0x0000,0x0000,0x0000,0x0000,0x0000,0x0000,0x0000,0x0000,0x0000,0x0000
};

//17：拼音输入 ??????
unsigned short const Thai_Font17_Pic_17[] = { 
43,38,
0x0000,0x0000,0x0000,0x0000,0x0000,0x0000,0x0000,0x0000,0x0000,0x0000,0x0000,0x0000,0x0000,0x0000,0x0000,0x0008,
0x0000,0x0000,0x03e8,0x01c0,0x0000,0x0430,0x0148,0x0000,0x07f8,0x01c8,0x0000,0x0018,0x00b0,0x0000,0x0000,0x01c0,
0x0000,0x0000,0x0000,0x0000,0x01e0,0x8f23,0xc000,0x0310,0x8ea6,0x6000,0x0208,0x92a4,0x2000,0x06e8,0x8da0,0x2000,
0x06a8,0x8120,0x2000,0x07e8,0x8120,0x2000,0x0708,0x8120,0x2000,0x0708,0xe120,0x2000,0x0608,0xa120,0x2000,0x0608,
0xe3e0,0x2000,0x0000,0x0000,0x0000,0x0000,0x0000,0x0000,0x0000,0x0000,0x0000,0x0000,0x0000,0x0000,0x0000,0x0000,
0x0000,0x0000,0x0000,0x0000,0x0000,0x0000,0x0000,0x0000,0x0000,0x0000,0x0000,0x0000,0x0000,0x0000,0x0000,0x0000,
0x0000,0x0000,0x0000,0x0000,0x0000,0x0000,0x0000,0x0000,0x0000,0x0000,0x0000,0x0000,0x0000,0x0000,0x0000,0x0000,
0x0000,0x0000
};

//18：是否删除全部数据？???????????????????????????
unsigned short const Thai_Font17_Pic_18[] = { 
229,38,
0x0000,0x0000,0x0000,0x0000,0x0000,0x0000,0x0000,0x2900,0x0000,0x0000,0x0000,0x0000,0x0000,0x0000,0x0000,0x0000,
0x0000,0x0000,0x0000,0x0000,0x0000,0x0000,0x3a00,0x0000,0x0000,0x0000,0x0000,0x0000,0x0000,0x0000,0x0000,0x0000,
0x0000,0x0000,0x0000,0x0000,0x0000,0x1600,0x0000,0x0000,0x0000,0x0000,0x0000,0x0000,0x0000,0x0000,0x0000,0x0000,
0x0000,0x0000,0x0000,0x0000,0x3800,0x0000,0x0000,0x0000,0x0000,0x0000,0x0000,0x0000,0x0000,0x0000,0x0000,0x0000,
0x0000,0x0000,0x0000,0x0000,0x0000,0x0000,0x0000,0x0000,0x0000,0x0000,0x0000,0x0000,0x0000,0x0000,0x0000,0x0000,
0x0000,0x0000,0x0000,0x0000,0x0000,0x0000,0x0002,0x0000,0x0000,0x0000,0x0000,0x0000,0x0001,0xc000,0x0070,0x0000,
0x0000,0x0000,0x0000,0x0000,0x0000,0x0002,0x4000,0x0000,0x0000,0x0000,0x0000,0x0001,0x4800,0x0052,0x0000,0x0000,
0x18c0,0x0000,0x0000,0x0000,0x0002,0xc000,0x0000,0x0000,0x0000,0x0000,0x0001,0xc800,0x0072,0x0000,0x0000,0x2580,
0x0000,0x0000,0x0000,0x0003,0x4000,0x0000,0x0000,0x0000,0x0000,0x0000,0xb000,0x002c,0x0000,0x0000,0x1e00,0x0000,
0x0000,0x0000,0x0003,0x4000,0x0000,0x0000,0x0000,0x0000,0x0001,0xc000,0x0070,0x0000,0x0000,0x0000,0x0000,0x0000,
0x0000,0x0000,0x4000,0x0000,0x0000,0x0000,0x0000,0x0000,0x0000,0x0000,0x0000,0x0000,0x0000,0x0000,0x0000,0x0000,
0x0000,0x4000,0x0000,0x0000,0x03b8,0xf81e,0x0707,0x83c0,0xe3c8,0x7870,0xc3c3,0x9c1c,0x718e,0x1878,0x1e07,0x83e0,
0x438c,0x70c0,0x0000,0x0649,0x8463,0x0518,0xc660,0xa3a9,0x8c50,0xcc64,0x9414,0x924a,0x18c4,0x6318,0xc610,0x4492,
0x50c0,0x0000,0x0608,0xc649,0x8712,0x6420,0xe4a9,0x0470,0xc933,0xb41c,0x71ce,0x1882,0x4110,0x4318,0x438e,0x70c0,
0x0000,0x06c8,0x865c,0x8117,0x2020,0x2369,0x7610,0xcb90,0xa404,0x1182,0x19ba,0x5d97,0x6218,0x408c,0x10c0,0x0000,
0x0728,0x8612,0xa104,0xa024,0x2049,0xd610,0xc250,0xa484,0x1182,0x19ea,0x759d,0x6218,0x408c,0x10c0,0x0000,0x06e8,
0x8622,0x9108,0xa022,0x2048,0xf610,0xc450,0xc444,0x1282,0x19ba,0x3d8f,0x6218,0x4094,0x10c0,0x0000,0x0648,0x8621,
0x8908,0x6021,0x2048,0xc63c,0xc430,0xc424,0x1487,0x99b2,0x318c,0x6218,0x40a4,0x3cc0,0x0000,0x0688,0x8639,0x850e,
0x6020,0xa048,0xc656,0xc730,0xc414,0x148a,0xd9e2,0x318c,0x6218,0x70a4,0x56c0,0x0000,0x0708,0x8629,0x830a,0x6020,
0x6048,0xc651,0xc530,0x840c,0x188a,0x39c2,0x318c,0x6218,0x58c4,0x51c0,0x0000,0x0608,0x8638,0x810e,0x2020,0x20f8,
0xfe30,0xc710,0x8404,0x1086,0x1982,0x3f8f,0xe218,0x7084,0x30c0,0x0000,0x0000,0x0000,0x0000,0x0000,0x0000,0x0000,
0x0000,0x0000,0x0000,0x0000,0x0000,0x0000,0x0000,0x0000,0x0000,0x0000,0x0000,0x0000,0x0000,0x0000,0x0003,0x2000,
0x0000,0x0000,0x0000,0x0000,0x0000,0x0000,0x0000,0x0000,0x0000,0x0000,0x0000,0x0000,0x0000,0x0005,0x2000,0x0000,
0x0000,0x0000,0x0000,0x0000,0x0000,0x0000,0x0000,0x0000,0x0000,0x0000,0x0000,0x0000,0x0007,0x2000,0x0000,0x0000,
0x0000,0x0000,0x0000,0x0000,0x0000,0x0000,0x0000,0x0000,0x0000,0x0000,0x0000,0x0001,0x2000,0x0000,0x0000,0x0000,
0x0000,0x0000,0x0000,0x0000,0x0000,0x0000,0x0000,0x0000,0x0000,0x0000,0x0001,0xe000,0x0000,0x0000,0x0000,0x0000,
0x0000,0x0000,0x0000,0x0000,0x0000,0x0000,0x0000,0x0000,0x0000,0x0000,0x0000,0x0000,0x0000,0x0000,0x0000,0x0000,
0x0000,0x0000,0x0000,0x0000,0x0000,0x0000,0x0000,0x0000,0x0000,0x0000,0x0000,0x0000,0x0000,0x0000,0x0000,0x0000,
0x0000,0x0000,0x0000,0x0000,0x0000,0x0000,0x0000,0x0000,0x0000,0x0000,0x0000,0x0000,0x0000,0x0000,0x0000,0x0000,
0x0000,0x0000,0x0000,0x0000,0x0000,0x0000,0x0000,0x0000,0x0000,0x0000,0x0000,0x0000,0x0000,0x0000,0x0000,0x0000,
0x0000,0x0000,0x0000,0x0000,0x0000,0x0000,0x0000,0x0000,0x0000,0x0000,0x0000,0x0000,0x0000,0x0000,0x0000,0x0000,
0x0000,0x0000,0x0000,0x0000,0x0000,0x0000,0x0000,0x0000,0x0000,0x0000,0x0000,0x0000,0x0000,0x0000,0x0000,0x0000,
0x0000,0x0000,0x0000,0x0000,0x0000,0x0000,0x0000,0x0000,0x0000,0x0000,0x0000,0x0000,0x0000,0x0000,0x0000,0x0000,
0x0000,0x0000,0x0000,0x0000,0x0000,0x0000,0x0000,0x0000,0x0000,0x0000,0x0000,0x0000,0x0000,0x0000,0x0000,0x0000,
0x0000,0x0000,0x0000,0x0000,0x0000,0x0000,0x0000,0x0000,0x0000,0x0000,0x0000,0x0000,0x0000,0x0000,0x0000,0x0000,
0x0000,0x0000,0x0000,0x0000,0x0000,0x0000,0x0000,0x0000,0x0000,0x0000
};

//19：总长 ??????????????
unsigned short const Thai_Font17_Pic_19[] = { 
129,38,
0x0000,0x0000,0x0000,0x0000,0x000a,0x4000,0x0000,0x0000,0x0000,0x0000,0x0000,0x0000,0x0000,0x000e,0x8000,0x0000,
0x0000,0x0000,0x0000,0x0000,0x0000,0x0000,0x0005,0x8000,0x0000,0x0000,0x0000,0x0000,0x0000,0x0000,0x0000,0x000e,
0x0000,0x0000,0x0000,0x0000,0x0000,0x0000,0x0000,0x0000,0x0000,0x0000,0x0000,0x0000,0x0000,0x0000,0x0000,0x0000,
0x0000,0x0000,0x0000,0x0000,0x0000,0x0000,0x0000,0x0000,0x0000,0x0000,0x0000,0x0000,0x0000,0x0000,0x0000,0x0000,
0x0000,0x0000,0x0000,0x0006,0x3000,0x0000,0x0000,0x0000,0x0000,0x0000,0x0000,0x0000,0x0009,0x6000,0x0000,0x0000,
0x0000,0x0000,0x0000,0x0000,0x0000,0x0007,0x8000,0x0000,0x0000,0x0000,0x0000,0x0000,0x0000,0x0000,0x0000,0x0000,
0x0000,0x0000,0x0000,0x0000,0x0000,0x0000,0x0000,0x0000,0x0000,0x0000,0x0000,0x0000,0x01e0,0xf078,0x70c7,0x31e0,
0xf0e7,0x071c,0x6386,0x1e00,0x0000,0x0311,0x98cc,0x50cd,0x3331,0x9925,0x0524,0x9286,0x3100,0x0000,0x0209,0x0884,
0x70cf,0x3211,0x08ed,0x071c,0x7386,0x2080,0x0000,0x06e9,0x0804,0x10c8,0x3011,0x0829,0x0104,0x6086,0x6e80,0x0000,
0x06a9,0x0804,0x10c7,0x3011,0x0829,0x2104,0x6086,0x7a80,0x0000,0x07e8,0x0804,0x10c4,0x3010,0x0831,0x1104,0xa086,
0x6e80,0x0000,0x0708,0x0804,0x3cc4,0x3010,0x0831,0x0905,0x21e6,0x6c80,0x0000,0x0708,0x3804,0x56c4,0x3010,0x3831,
0x0505,0x22b6,0x7880,0x0000,0x0608,0x2804,0x51c4,0x3010,0x2821,0x0306,0x228e,0x7080,0x0000,0x0608,0x3804,0x30c7,
0xf010,0x3821,0x0104,0x2186,0x6080,0x0000,0x0000,0x0000,0x0000,0x0000,0x0000,0x0000,0x0000,0x0000,0x0000,0x0000,
0x0000,0x0000,0x0000,0x0000,0x0000,0x0000,0x0000,0x0000,0x0000,0x0000,0x0000,0x0000,0x0000,0x0000,0x0000,0x0000,
0x0000,0x0000,0x0000,0x0000,0x0000,0x0000,0x0000,0x0000,0x0000,0x0000,0x0000,0x0000,0x0000,0x0000,0x0000,0x0000,
0x0000,0x0000,0x0000,0x0000,0x0000,0x0000,0x0000,0x0000,0x0000,0x0000,0x0000,0x0000,0x0000,0x0000,0x0000,0x0000,
0x0000,0x0000,0x0000,0x0000,0x0000,0x0000,0x0000,0x0000,0x0000,0x0000,0x0000,0x0000,0x0000,0x0000,0x0000,0x0000,
0x0000,0x0000,0x0000,0x0000,0x0000,0x0000,0x0000,0x0000,0x0000,0x0000,0x0000,0x0000,0x0000,0x0000,0x0000,0x0000,
0x0000,0x0000,0x0000,0x0000,0x0000,0x0000,0x0000,0x0000,0x0000,0x0000,0x0000,0x0000,0x0000,0x0000,0x0000,0x0000,
0x0000,0x0000,0x0000,0x0000,0x0000,0x0000,0x0000,0x0000,0x0000,0x0000,0x0000,0x0000,0x0000,0x0000,0x0000,0x0000,
0x0000,0x0000,0x0000,0x0000,0x0000,0x0000,0x0000,0x0000,0x0000,0x0000,0x0000,0x0000,0x0000,0x0000,0x0000,0x0000,
0x0000,0x0000,0x0000,0x0000,0x0000,0x0000
};

//20：标签 ????
unsigned short const Thai_Font17_Pic_20[] = { 
48,38,
0x0000,0x0000,0x0000,0x0000,0x0000,0x0000,0x0000,0x0000,0x0000,0x0000,0x0000,0x0000,0x0000,0x0000,0x0000,0x0000,
0x0000,0x0000,0x0000,0x0000,0x0000,0x0000,0x0000,0x0000,0x0000,0x0000,0x0000,0x0000,0x0000,0x0000,0x0000,0x0000,
0x0000,0x0000,0x0000,0x0000,0x01e0,0x783c,0x1f00,0x0231,0x8c66,0x3080,0x0411,0x2642,0x18c0,0x0599,0x7202,0x10c0,
0x0658,0x4a02,0x10c0,0x01d8,0x8a02,0x10c0,0x0098,0x8602,0x10c0,0x00b8,0xe602,0x10c0,0x00e4,0xa602,0x10c0,0x00f8,
0xe202,0x10c0,0x0000,0x0000,0x0000,0x0000,0x0000,0x0000,0x0000,0x0000,0x0000,0x0000,0x0000,0x0000,0x0000,0x0000,
0x0000,0x0000,0x0000,0x0000,0x0000,0x0000,0x0000,0x0000,0x0000,0x0000,0x0000,0x0000,0x0000,0x0000,0x0000,0x0000,
0x0000,0x0000,0x0000,0x0000,0x0000,0x0000,0x0000,0x0000,0x0000,0x0000,0x0000,0x0000,0x0000,0x0000,0x0000,0x0000,
0x0000,0x0000
};

//21：废边 ??????
unsigned short const Thai_Font17_Pic_21[] = { 
68,38,
0x0000,0x0000,0x0000,0x0000,0x0000,0x0000,0x0000,0x0000,0x0000,0x0000,0x0000,0x0000,0x0000,0x0000,0x0000,0x0000,
0x0000,0x0000,0x0000,0x0000,0x0000,0x0000,0x0000,0x0000,0x0000,0x0000,0x0000,0x0000,0x0000,0x0000,0x0000,0x0000,
0x0000,0x0000,0x0000,0x0000,0x0000,0x0000,0x0000,0x0000,0x0000,0x0000,0x0000,0x0000,0x0000,0x0000,0x0000,0x0000,
0x0000,0x0000,0x0000,0x0000,0x0000,0x0000,0x0000,0x0000,0x0000,0x0001,0x0000,0x0000,0x0790,0xf0e0,0x883e,0x3820,
0x0000,0x0753,0x1920,0x8862,0x4820,0x0000,0x0952,0x08e0,0x8845,0x3bb8,0x0000,0x06d2,0xec20,0x88dd,0x0ab0,0x0000,
0x0093,0xac20,0x88d5,0x0be0,0x0000,0x0091,0xec20,0x88fd,0x0820,0x0000,0x0091,0x8c20,0x88e1,0x0820,0x0000,0x0091,
0x8c20,0x8ee1,0x0820,0x0000,0x0091,0x8c20,0x8ac1,0x0820,0x0000,0x01f1,0xfc7f,0x8ec1,0x1fe0,0x0000,0x0000,0x0000,
0x0000,0x0000,0x0000,0x0000,0x0000,0x0000,0x0000,0x0000,0x0000,0x0000,0x0000,0x0000,0x0000,0x0000,0x0000,0x0000,
0x0000,0x0000,0x0000,0x0000,0x0000,0x0000,0x0000,0x0000,0x0000,0x0000,0x0000,0x0000,0x0000,0x0000,0x0000,0x0000,
0x0000,0x0000,0x0000,0x0000,0x0000,0x0000,0x0000,0x0000,0x0000,0x0000,0x0000,0x0000,0x0000,0x0000,0x0000,0x0000,
0x0000,0x0000,0x0000,0x0000,0x0000,0x0000,0x0000,0x0000,0x0000,0x0000,0x0000,0x0000,0x0000,0x0000,0x0000,0x0000,
0x0000,0x0000,0x0000,0x0000,0x0000,0x0000,0x0000,0x0000,0x0000,0x0000,0x0000,0x0000,0x0000,0x0000
};

//22：标签模式  ????????
unsigned short const Thai_Font17_Pic_22[] = { 
88,38,
0x0000,0x0000,0x0000,0x0000,0x0000,0x0000,0x0000,0x0000,0x0000,0x0000,0x0000,0x0000,0x0000,0x0000,0x0000,0x0000,
0x0000,0x0000,0x0000,0x0000,0x0000,0x0000,0x0000,0x0000,0x0000,0x0000,0x0000,0x0000,0x0000,0x0000,0x0000,0x0000,
0x0000,0x0000,0x0000,0x0000,0x0780,0x0000,0x0000,0x0000,0x0000,0x0000,0x0cc0,0x0000,0x0000,0x0000,0x0000,0x0000,
0x0840,0x0000,0x0000,0x0000,0x0000,0x0000,0x0600,0x0000,0x0000,0x0000,0x0000,0x0000,0x0300,0x0000,0x0000,0x0000,
0x0000,0x0000,0x0100,0x0000,0x0000,0x0000,0x0000,0x0000,0x011c,0x6386,0x1e07,0x81e0,0xf07c,0x0000,0x0124,0x9286,
0x3108,0xc631,0x98c2,0x0000,0x011c,0x7386,0x2090,0x4499,0x0863,0x0000,0x0104,0x6086,0x6e96,0x65c8,0x0843,0x0000,
0x0104,0x6086,0x7a99,0x6128,0x0843,0x0000,0x0104,0xa086,0x6e87,0x6228,0x0843,0x0000,0x0105,0x21e6,0x6c82,0x6218,
0x0843,0x0000,0x01c5,0x22b6,0x7882,0xe398,0x0843,0x0000,0x0146,0x228e,0x7083,0x9298,0x0843,0x0000,0x01c4,0x2186,
0x6083,0xe388,0x0843,0x0000,0x0000,0x0000,0x0000,0x0000,0x0000,0x0000,0x0000,0x0000,0x0000,0x0000,0x0000,0x0000,
0x0000,0x0000,0x0000,0x0000,0x0000,0x0000,0x0000,0x0000,0x0000,0x0000,0x0000,0x0000,0x0000,0x0000,0x0000,0x0000,
0x0000,0x0000,0x0000,0x0000,0x0000,0x0000,0x0000,0x0000,0x0000,0x0000,0x0000,0x0000,0x0000,0x0000,0x0000,0x0000,
0x0000,0x0000,0x0000,0x0000,0x0000,0x0000,0x0000,0x0000,0x0000,0x0000,0x0000,0x0000,0x0000,0x0000,0x0000,0x0000,
0x0000,0x0000,0x0000,0x0000,0x0000,0x0000,0x0000,0x0000,0x0000,0x0000,0x0000,0x0000,0x0000,0x0000,0x0000,0x0000,
0x0000,0x0000,0x0000,0x0000,0x0000,0x0000,0x0000,0x0000,0x0000,0x0000,0x0000,0x0000,0x0000,0x0000,0x0000,0x0000,
0x0000,0x0000,0x0000,0x0000
};

//23：等分模式 ???????????????
unsigned short const Thai_Font17_Pic_23[] = { 
123,38,
0x0000,0x0000,0x0000,0x0000,0x0000,0x0000,0x0000,0x0000,0x0000,0x0000,0x0000,0x0000,0x0000,0x0000,0x0000,0x0000,
0x0000,0x0000,0x0000,0x0000,0x0000,0x0000,0x0000,0x0000,0x0000,0x0000,0x0000,0x0000,0x0000,0x0000,0x0000,0x0000,
0x0000,0x0000,0x0000,0x0000,0x0000,0x0000,0x0000,0x0000,0x0000,0x0000,0x0000,0x0000,0x0000,0x0000,0x0000,0x0000,
0x0780,0x0000,0x0000,0x0000,0x0000,0x0000,0x0000,0x0000,0x0cc0,0x0000,0x0000,0x0018,0x0000,0x3000,0x0630,0x0000,
0x0840,0x0000,0x0000,0x0018,0x0000,0x3000,0x0960,0x0000,0x0600,0x0000,0x0000,0x0018,0x0000,0x3000,0x0780,0x0000,
0x0300,0x0000,0x0000,0x0018,0x0000,0x3000,0x0000,0x0000,0x0100,0x0000,0x0000,0x0000,0x0000,0x0000,0x0000,0x0000,
0x011c,0x6386,0x1e08,0x8e08,0x708e,0x70f0,0x7c38,0x4000,0x0124,0x9286,0x3108,0x9208,0x5092,0x5198,0xc248,0x4000,
0x011c,0x7386,0x2088,0x8e08,0x708e,0xd108,0x6338,0x4000,0x0104,0x6086,0x6e88,0x8208,0x1082,0x9008,0x4308,0x4000,
0x0104,0x6086,0x7a88,0x820a,0x1082,0x9008,0x4308,0x4000,0x0104,0xa086,0x6e88,0x8209,0x1083,0x1008,0x4308,0x4000,
0x0105,0x21e6,0x6c88,0x8208,0x9083,0x1008,0x4309,0xe000,0x01c5,0x22b6,0x788e,0xe208,0x50e3,0x1008,0x430b,0xa000,
0x0146,0x228e,0x708a,0xa208,0x30a2,0x1008,0x430c,0xa000,0x01c4,0x2186,0x608e,0xe7f8,0x10e2,0x1008,0x4308,0xe000,
0x0000,0x0000,0x0000,0x0000,0x0000,0x0000,0x0000,0x0000,0x0000,0x0000,0x0000,0x0000,0x0000,0x0000,0x0000,0x0000,
0x0000,0x0000,0x0000,0x0000,0x0000,0x0000,0x0000,0x0000,0x0000,0x0000,0x0000,0x0000,0x0000,0x0000,0x0000,0x0000,
0x0000,0x0000,0x0000,0x0000,0x0000,0x0000,0x0000,0x0000,0x0000,0x0000,0x0000,0x0000,0x0000,0x0000,0x0000,0x0000,
0x0000,0x0000,0x0000,0x0000,0x0000,0x0000,0x0000,0x0000,0x0000,0x0000,0x0000,0x0000,0x0000,0x0000,0x0000,0x0000,
0x0000,0x0000,0x0000,0x0000,0x0000,0x0000,0x0000,0x0000,0x0000,0x0000,0x0000,0x0000,0x0000,0x0000,0x0000,0x0000,
0x0000,0x0000,0x0000,0x0000,0x0000,0x0000,0x0000,0x0000,0x0000,0x0000,0x0000,0x0000,0x0000,0x0000,0x0000,0x0000,
0x0000,0x0000,0x0000,0x0000,0x0000,0x0000,0x0000,0x0000,0x0000,0x0000,0x0000,0x0000,0x0000,0x0000,0x0000,0x0000,
0x0000,0x0000,0x0000,0x0000,0x0000,0x0000,0x0000,0x0000,0x0000,0x0000,0x0000,0x0000,0x0000,0x0000,0x0000,0x0000,

};

//24：等分值 ???????????
unsigned short const Thai_Font17_Pic_24[] = { 
88,38,
0x0000,0x0000,0x0000,0x0000,0x0000,0x0000,0x0000,0x0000,0x0000,0x0000,0x0000,0x0000,0x0000,0x0000,0x0000,0x0000,
0x0000,0x0000,0x0000,0x0000,0x0000,0x0000,0x0000,0x0000,0x0000,0x0000,0x0000,0x0000,0x0000,0x0000,0x0000,0x0000,
0x0000,0x0000,0x0000,0x0000,0x0000,0x0000,0x0000,0x0000,0x0000,0x0000,0x0018,0x0003,0x0000,0x0000,0x0300,0x0000,
0x0018,0x0003,0x0000,0x0000,0x0300,0x0000,0x0018,0x0003,0x0000,0x0000,0x0300,0x0000,0x0018,0x0003,0x0000,0x0000,
0x0300,0x0000,0x0000,0x0002,0x0000,0x0000,0x0000,0x0000,0x01e0,0xf03c,0x1e1c,0x2111,0xc10e,0x0000,0x0311,0x98c6,
0x3324,0x2112,0x410a,0x0000,0x0209,0x0889,0x211c,0x2111,0xc10e,0x0000,0x06e8,0x0899,0x2104,0x2110,0x4102,0x0000,
0x06a8,0x082d,0x2104,0x2110,0x4142,0x0000,0x07e8,0x0865,0x0104,0x2110,0x4122,0x0000,0x0708,0x0843,0x0104,0xf110,
0x4112,0x0000,0x0708,0x0873,0x0705,0xd1dc,0x410a,0x0000,0x0608,0x0853,0x0506,0x5154,0x4106,0x0000,0x0608,0x0871,
0x0704,0x71dc,0xff02,0x0000,0x0000,0x0000,0x0000,0x0000,0x0000,0x0000,0x0000,0x0000,0x0000,0x0000,0x0000,0x0000,
0x0000,0x0000,0x0000,0x0000,0x0000,0x0000,0x0000,0x0000,0x0000,0x0000,0x0000,0x0000,0x0000,0x0000,0x0000,0x0000,
0x0000,0x0000,0x0000,0x0000,0x0000,0x0000,0x0000,0x0000,0x0000,0x0000,0x0000,0x0000,0x0000,0x0000,0x0000,0x0000,
0x0000,0x0000,0x0000,0x0000,0x0000,0x0000,0x0000,0x0000,0x0000,0x0000,0x0000,0x0000,0x0000,0x0000,0x0000,0x0000,
0x0000,0x0000,0x0000,0x0000,0x0000,0x0000,0x0000,0x0000,0x0000,0x0000,0x0000,0x0000,0x0000,0x0000,0x0000,0x0000,
0x0000,0x0000,0x0000,0x0000,0x0000,0x0000,0x0000,0x0000,0x0000,0x0000,0x0000,0x0000,0x0000,0x0000,0x0000,0x0000,
0x0000,0x0000,0x0000,0x0000
};

//25：等分数 ?????????
unsigned short const Thai_Font17_Pic_25[] = { 
87,38,
0x0000,0x0000,0x0000,0x0000,0x0000,0x0000,0x0000,0x0000,0x0000,0x0000,0x0000,0x0000,0x0000,0x0000,0x0000,0x0000,
0x0000,0x0000,0x0000,0x0000,0x0000,0x0000,0x0000,0x0000,0x0000,0x0000,0x0000,0x0000,0x0000,0x0000,0x0000,0x0000,
0x0000,0x0000,0x0000,0x0000,0x0070,0x0000,0x0000,0x0000,0x0000,0x0000,0x0058,0x0000,0x0000,0x0000,0x0180,0x0000,
0x0058,0x0000,0x0000,0x0000,0x0180,0x0000,0x0070,0x0000,0x0000,0x0000,0x0180,0x0000,0x0000,0x0000,0x0000,0x0000,
0x0180,0x0000,0x0000,0x0000,0x0000,0x0000,0x0000,0x0000,0x03c0,0xf0e1,0x0f0e,0x1088,0xe087,0x0000,0x0631,0x9921,
0x1992,0x1089,0x2085,0x0000,0x0411,0x08e1,0x108e,0x1088,0xe087,0x0000,0x05d0,0x0821,0x1082,0x1088,0x2081,0x0000,
0x0550,0x0821,0x1082,0x1088,0x20a1,0x0000,0x01f0,0x0821,0x0082,0x1088,0x2091,0x0000,0x0030,0x0827,0x8082,0x7888,
0x2089,0x0000,0x0030,0x082e,0x8382,0xe8ee,0x2085,0x0000,0x0010,0x0832,0x8283,0x28aa,0x2083,0x0000,0x0010,0x0823,
0x8382,0x38ee,0x7f81,0x0000,0x0000,0x0000,0x0000,0x0000,0x0000,0x0000,0x0000,0x0000,0x0000,0x0000,0x0000,0x0000,
0x0000,0x0000,0x0000,0x0000,0x0000,0x0000,0x0000,0x0000,0x0000,0x0000,0x0000,0x0000,0x0000,0x0000,0x0000,0x0000,
0x0000,0x0000,0x0000,0x0000,0x0000,0x0000,0x0000,0x0000,0x0000,0x0000,0x0000,0x0000,0x0000,0x0000,0x0000,0x0000,
0x0000,0x0000,0x0000,0x0000,0x0000,0x0000,0x0000,0x0000,0x0000,0x0000,0x0000,0x0000,0x0000,0x0000,0x0000,0x0000,
0x0000,0x0000,0x0000,0x0000,0x0000,0x0000,0x0000,0x0000,0x0000,0x0000,0x0000,0x0000,0x0000,0x0000,0x0000,0x0000,
0x0000,0x0000,0x0000,0x0000,0x0000,0x0000,0x0000,0x0000,0x0000,0x0000,0x0000,0x0000,0x0000,0x0000,0x0000,0x0000,
0x0000,0x0000,0x0000,0x0000
};

//26：推纸 ?????????
unsigned short const Thai_Font17_Pic_26[] = { 
89,38,
0x0000,0x0000,0x0000,0x0000,0x0000,0x0000,0x0000,0x0000,0x0000,0x0000,0x0000,0x0000,0x0000,0x0000,0x0000,0x0000,
0x0000,0x0000,0x0000,0x0000,0x0000,0x0000,0x0000,0x0000,0x0000,0x0000,0x0000,0x0000,0x0000,0x0000,0x0000,0x0000,
0x0000,0x0000,0x0000,0x0000,0x0000,0x0000,0x0000,0x0000,0x0000,0x0000,0x0031,0x8000,0x0000,0x0000,0x0000,0x0000,
0x004b,0x0000,0x0000,0x0000,0x0000,0x0000,0x003c,0x0000,0x0000,0x0000,0x0000,0x0000,0x0000,0x0000,0x0000,0x0000,
0x0000,0x0000,0x0000,0x0000,0x0000,0x0000,0x0000,0x0000,0x01e1,0xc21f,0x078e,0x21e0,0xf0e0,0x8000,0x0312,0x4230,
0x8cc8,0x4311,0x9920,0x8000,0x0209,0xc218,0xc847,0x8209,0x08ee,0xe000,0x06e8,0x4210,0xcf40,0x06e8,0x082a,0xc000,
0x07a8,0x4210,0xc100,0x07a8,0x082f,0x8000,0x06e8,0x4210,0xc100,0x06e8,0x0820,0x8000,0x06c8,0x4f10,0xc100,0x06c8,
0x0820,0x8000,0x0788,0x5d10,0xc70e,0x2788,0x0820,0x8000,0x0708,0x6510,0xc508,0x4708,0x0820,0x8000,0x0608,0x4710,
0xc707,0x8608,0x087f,0x8000,0x0000,0x0000,0x0000,0x0000,0x0000,0x0000,0x0000,0x0000,0x0000,0x0000,0x0000,0x0000,
0x0000,0x0000,0x0000,0x0000,0x0000,0x0000,0x0000,0x0000,0x0000,0x0000,0x0000,0x0000,0x0000,0x0000,0x0000,0x0000,
0x0000,0x0000,0x0000,0x0000,0x0000,0x0000,0x0000,0x0000,0x0000,0x0000,0x0000,0x0000,0x0000,0x0000,0x0000,0x0000,
0x0000,0x0000,0x0000,0x0000,0x0000,0x0000,0x0000,0x0000,0x0000,0x0000,0x0000,0x0000,0x0000,0x0000,0x0000,0x0000,
0x0000,0x0000,0x0000,0x0000,0x0000,0x0000,0x0000,0x0000,0x0000,0x0000,0x0000,0x0000,0x0000,0x0000,0x0000,0x0000,
0x0000,0x0000,0x0000,0x0000,0x0000,0x0000,0x0000,0x0000,0x0000,0x0000,0x0000,0x0000,0x0000,0x0000,0x0000,0x0000,
0x0000,0x0000,0x0000,0x0000
};

//27：理纸 ???????????
unsigned short const Thai_Font17_Pic_27[] = { 
102,38,
0x0000,0x0000,0x0000,0x0000,0x0000,0x0000,0x0000,0x0000,0x0000,0x0000,0x0000,0x0000,0x0000,0x0000,0x0000,0x0000,
0x0000,0x0000,0x0000,0x0000,0x0000,0x0000,0x0000,0x0000,0x0000,0x0000,0x0000,0x0000,0x0000,0x0000,0x0000,0x0000,
0x0000,0x0000,0x0000,0x0000,0x4000,0x0000,0x0000,0x0000,0x0000,0x0000,0x001f,0x4000,0x0000,0x0000,0x0000,0x0000,
0x0000,0x0021,0x8000,0x0000,0x0000,0x0000,0x0000,0x0000,0x003f,0xc000,0x0000,0x0000,0x0000,0x0000,0x0000,0x0000,
0xc000,0x0000,0x0000,0x0000,0x0000,0x0000,0x0000,0x0000,0x0000,0x0000,0x0000,0x0000,0x0000,0x0000,0x0000,0x0000,
0x0000,0x0000,0x0000,0x0000,0x020f,0x0730,0xe1f0,0x78e2,0x1e0f,0x0e08,0x0000,0x0231,0x8d30,0xa308,0xcc84,0x3119,
0x9208,0x0000,0x0224,0xcf30,0xe18c,0x8478,0x2090,0x8eee,0x0000,0x022e,0x4830,0x210c,0xf400,0x6e80,0x82ac,0x0000,
0x0209,0x4734,0x210c,0x1000,0x7a80,0x82f8,0x0000,0x0211,0x4432,0x210c,0x1000,0x6e80,0x8208,0x0000,0x0210,0xc431,
0x210c,0x1000,0x6c80,0x8208,0x0000,0x039c,0xc430,0xa10c,0x70e2,0x7880,0x8208,0x0000,0x0294,0xc430,0x610c,0x5084,
0x7080,0x8208,0x0000,0x039c,0x47f0,0x210c,0x7078,0x6080,0x87f8,0x0000,0x0000,0x0000,0x0000,0x0000,0x0000,0x0000,
0x0000,0x0000,0x0000,0x0000,0x0000,0x0000,0x0000,0x0000,0x0000,0x0000,0x0000,0x0000,0x0000,0x0000,0x0000,0x0000,
0x0000,0x0000,0x0000,0x0000,0x0000,0x0000,0x0000,0x0000,0x0000,0x0000,0x0000,0x0000,0x0000,0x0000,0x0000,0x0000,
0x0000,0x0000,0x0000,0x0000,0x0000,0x0000,0x0000,0x0000,0x0000,0x0000,0x0000,0x0000,0x0000,0x0000,0x0000,0x0000,
0x0000,0x0000,0x0000,0x0000,0x0000,0x0000,0x0000,0x0000,0x0000,0x0000,0x0000,0x0000,0x0000,0x0000,0x0000,0x0000,
0x0000,0x0000,0x0000,0x0000,0x0000,0x0000,0x0000,0x0000,0x0000,0x0000,0x0000,0x0000,0x0000,0x0000,0x0000,0x0000,
0x0000,0x0000,0x0000,0x0000,0x0000,0x0000,0x0000,0x0000,0x0000,0x0000,0x0000,0x0000,0x0000,0x0000,0x0000,0x0000,
0x0000,0x0000,0x0000,0x0000,0x0000,0x0000,0x0000,0x0000,0x0000,0x0000
};

//28：压纸 ????????
unsigned short const Thai_Font17_Pic_28[] = { 
89,38,
0x0000,0x0000,0x0000,0x0000,0x0000,0x0000,0x0000,0x0000,0x0000,0x0000,0x0000,0x0000,0x0000,0x0000,0x0000,0x0000,
0x0000,0x0000,0x0000,0x0000,0x0000,0x0000,0x0000,0x0000,0x0000,0x0000,0x0000,0x0000,0x0000,0x0000,0x0000,0x0000,
0x0000,0x0000,0x0000,0x0000,0x0000,0x0000,0x0000,0x0000,0x0000,0x0000,0x0000,0x0000,0x0000,0x0000,0x0000,0x0000,
0x0000,0x0000,0x0000,0x0000,0x0000,0x0000,0x0000,0x0000,0x0000,0x0000,0x0000,0x0000,0x0000,0x0000,0x0000,0x0000,
0x0000,0x0000,0x0000,0x0000,0x0000,0x0000,0x0000,0x0000,0x03e0,0x783e,0x0f1c,0x43c1,0xe1c1,0x0000,0x0610,0xc461,
0x1990,0x8623,0x3241,0x0000,0x0318,0x8231,0x908f,0x0412,0x11dd,0xc000,0x0219,0xba21,0x9e80,0x0dd0,0x1055,0x8000,
0x0219,0xea21,0x8200,0x0f50,0x105f,0x0000,0x0219,0xba21,0x8200,0x0dd0,0x1041,0x0000,0x0219,0xb221,0x8200,0x0d90,
0x1041,0x0000,0x0219,0xe221,0x8e1c,0x4f10,0x1041,0x0000,0x0219,0xc221,0x8a10,0x8e10,0x1041,0x0000,0x0219,0x8221,
0x8e0f,0x0c10,0x10ff,0x0000,0x0000,0x0000,0x0000,0x0000,0x0000,0x0000,0x0000,0x0000,0x0000,0x0000,0x0000,0x0000,
0x0000,0x0000,0x0000,0x0000,0x0000,0x0000,0x0000,0x0000,0x0000,0x0000,0x0000,0x0000,0x0000,0x0000,0x0000,0x0000,
0x0000,0x0000,0x0000,0x0000,0x0000,0x0000,0x0000,0x0000,0x0000,0x0000,0x0000,0x0000,0x0000,0x0000,0x0000,0x0000,
0x0000,0x0000,0x0000,0x0000,0x0000,0x0000,0x0000,0x0000,0x0000,0x0000,0x0000,0x0000,0x0000,0x0000,0x0000,0x0000,
0x0000,0x0000,0x0000,0x0000,0x0000,0x0000,0x0000,0x0000,0x0000,0x0000,0x0000,0x0000,0x0000,0x0000,0x0000,0x0000,
0x0000,0x0000,0x0000,0x0000,0x0000,0x0000,0x0000,0x0000,0x0000,0x0000,0x0000,0x0000,0x0000,0x0000,0x0000,0x0000,
0x0000,0x0000,0x0000,0x0000
};

//29：单次自刀  ??????????????????
unsigned short const Thai_Font17_Pic_29[] = { 
129,38,
0x0000,0x0000,0x0000,0x0000,0x00a4,0x0000,0x0000,0x0000,0x0000,0x0000,0x0000,0x0000,0x0000,0x00e8,0x0000,0x0000,
0x0000,0x0000,0x0000,0x0000,0x0000,0x0000,0x0058,0x0000,0x0000,0x0000,0x0000,0x0000,0x0000,0x0000,0x0000,0x00e0,
0x0000,0x0000,0x0000,0x0000,0x0000,0x0000,0x0000,0x0000,0x0000,0x0000,0x0000,0x0000,0x0000,0x0000,0x0000,0x0000,
0x0000,0x0000,0x0000,0x1000,0x0000,0x0000,0x0000,0x0000,0x0007,0x81c0,0x0000,0x0007,0xd000,0x0000,0x0000,0x0031,
0x8000,0x000c,0xc148,0x0063,0x0008,0x6000,0x0000,0x0000,0x004b,0x0000,0x0008,0x41c8,0x0096,0x000f,0xf000,0x0000,
0x0000,0x003c,0x0000,0x0006,0x00b0,0x0078,0x0000,0x3000,0x0000,0x0000,0x0000,0x0000,0x0003,0x01c0,0x0000,0x0000,
0x0000,0x0000,0x0000,0x0000,0x0000,0x0001,0x0000,0x0000,0x0000,0x0000,0x0000,0x0000,0x03b8,0x781e,0x0781,0x0ee1,
0xe0f0,0x7083,0xc1cc,0x7800,0x0000,0x0648,0xc463,0x18c1,0x1923,0x1198,0x5086,0x234c,0xcc00,0x0000,0x0608,0x8241,
0x1041,0x1822,0x0908,0x7084,0x13cc,0x8400,0x0000,0x06c9,0xba5d,0x9761,0x1b26,0xe9e8,0x108d,0xd20c,0x8400,0x0000,
0x0729,0xea75,0x9d61,0x1ca6,0xa822,0x108f,0x51cc,0x8400,0x0000,0x06e9,0xba3d,0x8f61,0x1ba7,0xe821,0x108d,0xd10c,
0x0400,0x0000,0x0649,0xb231,0x8c61,0x1927,0x0820,0x908d,0x910c,0x0400,0x0000,0x0689,0xe231,0x8c61,0xda27,0x08e0,
0x50ef,0x110c,0x1c00,0x0000,0x0709,0xc231,0x8c61,0x5c26,0x08a0,0x30ae,0x110c,0x1400,0x0000,0x0609,0x823f,0x8fe1,
0xd826,0x08e0,0x10ec,0x11fc,0x1c00,0x0000,0x0000,0x0000,0x0000,0x0000,0x0000,0x0000,0x0000,0x0000,0x0000,0x0000,
0x0000,0x0000,0x0000,0x0000,0x0000,0x0000,0x0000,0x0000,0x0000,0x0000,0x0000,0x0000,0x0000,0x0000,0x0000,0x0000,
0x0000,0x0000,0x0000,0x0000,0x0000,0x0000,0x0000,0x0000,0x0000,0x0000,0x0000,0x0000,0x0000,0x0000,0x0000,0x0000,
0x0000,0x0000,0x0000,0x0000,0x0000,0x0000,0x0000,0x0000,0x0000,0x0000,0x0000,0x0000,0x0000,0x0000,0x0000,0x0000,
0x0000,0x0000,0x0000,0x0000,0x0000,0x0000,0x0000,0x0000,0x0000,0x0000,0x0000,0x0000,0x0000,0x0000,0x0000,0x0000,
0x0000,0x0000,0x0000,0x0000,0x0000,0x0000,0x0000,0x0000,0x0000,0x0000,0x0000,0x0000,0x0000,0x0000,0x0000,0x0000,
0x0000,0x0000,0x0000,0x0000,0x0000,0x0000,0x0000,0x0000,0x0000,0x0000,0x0000,0x0000,0x0000,0x0000,0x0000,0x0000,
0x0000,0x0000,0x0000,0x0000,0x0000,0x0000,0x0000,0x0000,0x0000,0x0000,0x0000,0x0000,0x0000,0x0000,0x0000,0x0000,
0x0000,0x0000,0x0000,0x0000,0x0000,0x0000,0x0000,0x0000,0x0000,0x0000,0x0000,0x0000,0x0000,0x0000,0x0000,0x0000,
0x0000,0x0000,0x0000,0x0000,0x0000,0x0000
};

//30：批量自刀 ?????????????????????
unsigned short const Thai_Font17_Pic_30[] = { 
174,38,
0x0000,0x0000,0x0000,0x0000,0x0000,0x0000,0x0000,0x0000,0x0000,0x00a4,0x0000,0x0000,0x0000,0x0000,0x0000,0x0000,
0x0000,0x0000,0x0000,0x0000,0x00e8,0x0000,0x0000,0x0000,0x0000,0x0000,0x0000,0x0000,0x0000,0x0000,0x0000,0x0058,
0x0000,0x0000,0x0000,0x0000,0x0000,0x0000,0x0000,0x0000,0x0000,0x0000,0x00e0,0x0000,0x0000,0x0000,0x0000,0x0000,
0x0000,0x0000,0x0000,0x0000,0x0000,0x0000,0x0000,0x0000,0x0000,0x0000,0x0000,0x0000,0x0000,0x0000,0x0000,0x0000,
0x0000,0x0000,0x0000,0x0000,0x0007,0x81c0,0x0000,0x0001,0xc000,0x0000,0x0000,0x0000,0x0000,0x0031,0x8000,0x000c,
0xc148,0x0000,0x0001,0x6000,0x0000,0x0000,0x0063,0x0000,0x004b,0x0000,0x0008,0x41c8,0x0000,0x0001,0x6000,0x0000,
0x0000,0x0096,0x0000,0x003c,0x0000,0x0006,0x00b0,0x0000,0x0001,0xc000,0x0000,0x0000,0x0078,0x0000,0x0000,0x0000,
0x0003,0x01c0,0x0000,0x0000,0x0000,0x0000,0x0000,0x0000,0x0000,0x0000,0x0000,0x0001,0x0000,0x0000,0x0000,0x0000,
0x0000,0x0000,0x0000,0x0000,0x03b8,0x781e,0x0781,0x0ee3,0xb8f0,0xe18f,0x03c3,0x843c,0x3841,0xe0f0,0x7000,0x0648,
0xc463,0x18c1,0x1926,0x4998,0xa198,0xc664,0x8466,0x4843,0x1198,0x5000,0x0608,0x8241,0x1041,0x1826,0x0908,0xe190,
0x4423,0x8442,0x3842,0x0908,0x7000,0x06c9,0xba5d,0x9761,0x1b26,0xc808,0x2197,0x4020,0x8442,0x0846,0xe9e8,0x1000,
0x0729,0xea75,0x9d61,0x1ca7,0x2808,0x2195,0x4020,0x8442,0x0846,0xa822,0x1000,0x06e9,0xba3d,0x8f61,0x1ba6,0xe808,
0x2187,0xc020,0x8402,0x0847,0xe821,0x1000,0x0649,0xb231,0x8c61,0x1926,0x4808,0x7980,0xc020,0x9e02,0x09e7,0x0820,
0x9000,0x0689,0xe231,0x8c61,0xda26,0x8808,0xad80,0xc020,0xba0e,0x0ba7,0x08e0,0x5000,0x0709,0xc231,0x8c61,0x5c27,
0x0808,0xa380,0x4020,0xca0a,0x0ca6,0x08a0,0x3000,0x0609,0x823f,0x8fe1,0xd826,0x0808,0x6180,0x4020,0x8e0e,0x08e6,
0x08e0,0x1000,0x0000,0x0000,0x0000,0x0000,0x0000,0x0000,0x0000,0x0000,0x0000,0x0000,0x0000,0x0000,0x0000,0x0000,
0x0000,0x0000,0x0000,0x0000,0x0000,0x0000,0x0000,0x0000,0x0000,0x0000,0x0000,0x0000,0x0000,0x0000,0x0000,0x0000,
0x0000,0x0000,0x0000,0x0000,0x0000,0x0000,0x0000,0x0000,0x0000,0x0000,0x0000,0x0000,0x0000,0x0000,0x0000,0x0000,
0x0000,0x0000,0x0000,0x0000,0x0000,0x0000,0x0000,0x0000,0x0000,0x0000,0x0000,0x0000,0x0000,0x0000,0x0000,0x0000,
0x0000,0x0000,0x0000,0x0000,0x0000,0x0000,0x0000,0x0000,0x0000,0x0000,0x0000,0x0000,0x0000,0x0000,0x0000,0x0000,
0x0000,0x0000,0x0000,0x0000,0x0000,0x0000,0x0000,0x0000,0x0000,0x0000,0x0000,0x0000,0x0000,0x0000,0x0000,0x0000,
0x0000,0x0000,0x0000,0x0000,0x0000,0x0000,0x0000,0x0000,0x0000,0x0000,0x0000,0x0000,0x0000,0x0000,0x0000,0x0000,
0x0000,0x0000,0x0000,0x0000,0x0000,0x0000,0x0000,0x0000,0x0000,0x0000,0x0000,0x0000,0x0000,0x0000,0x0000,0x0000,
0x0000,0x0000,0x0000,0x0000,0x0000,0x0000,0x0000,0x0000,0x0000,0x0000,0x0000,0x0000,0x0000,0x0000,0x0000,0x0000,
0x0000,0x0000,0x0000,0x0000,0x0000,0x0000,0x0000,0x0000,0x0000,0x0000,0x0000,0x0000,0x0000,0x0000,0x0000,0x0000,
0x0000,0x0000,0x0000,0x0000,0x0000,0x0000,0x0000,0x0000,0x0000,0x0000,0x0000,0x0000,0x0000,0x0000,0x0000,0x0000,
0x0000,0x0000
};

//31：自加模式 ??????????????
unsigned short const Thai_Font17_Pic_31[] = { 
113,38,
0x0000,0x0000,0x0000,0x0000,0x0000,0x0000,0x0000,0x0000,0x0000,0x0000,0x0000,0x0300,0x0000,0x0000,0x0000,0x0000,
0x0000,0x0000,0x0000,0x0300,0x0000,0x0000,0x0000,0x0000,0x0000,0x0000,0x0000,0x0300,0x0000,0x0000,0x0000,0x0000,
0x0000,0x0000,0x0000,0x0000,0x0000,0x0000,0x0000,0x0000,0x0000,0x0000,0x0000,0x0000,0x0000,0x0000,0x0000,0x0000,
0x0780,0x0000,0x0000,0x3e00,0x0000,0x001e,0x0700,0x0000,0x0cc0,0x0000,0x0000,0x4300,0x0000,0x0033,0x0520,0x0000,
0x0840,0x0000,0x0000,0x7f00,0x0000,0x0021,0x0720,0x0000,0x0600,0x0000,0x0000,0x0180,0x0000,0x0018,0x02c0,0x0000,
0x0300,0x0000,0x0000,0x0000,0x0000,0x000c,0x0700,0x0000,0x0100,0x0000,0x0000,0x0000,0x0000,0x0004,0x0000,0x0000,
0x011c,0x6386,0x1e08,0xe48e,0x1878,0x1e04,0x3b80,0x0000,0x0124,0x9286,0x3109,0x2a8a,0x198c,0x6304,0x6480,0x0000,
0x011c,0x7386,0x2088,0xea8e,0x1904,0x4104,0x6080,0x0000,0x0104,0x6086,0x6e88,0x2a82,0x1976,0x5d84,0x6c80,0x0000,
0x0104,0x6086,0x7a88,0x3b82,0x19d6,0x7584,0x7280,0x0000,0x0104,0xa086,0x6e88,0x3182,0x18f6,0x3d84,0x6e80,0x0000,
0x0105,0x21e6,0x6c88,0x3187,0x98c6,0x3184,0x6480,0x0000,0x01c5,0x22b6,0x788e,0x318a,0xd8c6,0x3187,0x6880,0x0000,
0x0146,0x228e,0x708a,0x208a,0x38c6,0x3185,0x7080,0x0000,0x01c4,0x2186,0x608e,0x2086,0x18fe,0x3f87,0x6080,0x0000,
0x0000,0x0000,0x0000,0x0000,0x0000,0x0000,0x0000,0x0000,0x0000,0x0000,0x0000,0x0000,0x0000,0x0000,0x0000,0x0000,
0x0000,0x0000,0x0000,0x0000,0x0000,0x0000,0x0000,0x0000,0x0000,0x0000,0x0000,0x0000,0x0000,0x0000,0x0000,0x0000,
0x0000,0x0000,0x0000,0x0000,0x0000,0x0000,0x0000,0x0000,0x0000,0x0000,0x0000,0x0000,0x0000,0x0000,0x0000,0x0000,
0x0000,0x0000,0x0000,0x0000,0x0000,0x0000,0x0000,0x0000,0x0000,0x0000,0x0000,0x0000,0x0000,0x0000,0x0000,0x0000,
0x0000,0x0000,0x0000,0x0000,0x0000,0x0000,0x0000,0x0000,0x0000,0x0000,0x0000,0x0000,0x0000,0x0000,0x0000,0x0000,
0x0000,0x0000,0x0000,0x0000,0x0000,0x0000,0x0000,0x0000,0x0000,0x0000,0x0000,0x0000,0x0000,0x0000,0x0000,0x0000,
0x0000,0x0000,0x0000,0x0000,0x0000,0x0000,0x0000,0x0000,0x0000,0x0000,0x0000,0x0000,0x0000,0x0000,0x0000,0x0000,
0x0000,0x0000,0x0000,0x0000,0x0000,0x0000,0x0000,0x0000,0x0000,0x0000,0x0000,0x0000,0x0000,0x0000,0x0000,0x0000,

};

//32：自减模式 ???????????
unsigned short const Thai_Font17_Pic_32[] = { 
106,38,
0x0000,0x0000,0x0000,0x0000,0x0000,0x0000,0x0000,0x0000,0x0000,0x0000,0x0000,0x0000,0x0000,0x0000,0x0000,0x0000,
0x0000,0x0000,0x0000,0x0000,0x0000,0x0000,0x0000,0x0000,0x0000,0x0000,0x0000,0x0000,0x0000,0x0000,0x0000,0x0000,
0x0000,0x0000,0x0000,0x0000,0x0000,0x0000,0x0000,0x0000,0x0000,0x0000,0x0780,0x0000,0x0000,0x0000,0x0000,0x1e07,
0x0000,0x0cc0,0x0000,0x0000,0x0000,0x0000,0x3305,0x2000,0x0840,0x0000,0x0000,0x0000,0x0000,0x2107,0x2000,0x0600,
0x0000,0x0000,0x0000,0x0000,0x1802,0xc000,0x0300,0x0000,0x0000,0x0000,0x0000,0x0c07,0x0000,0x0100,0x0000,0x0000,
0x0000,0x0000,0x0400,0x0000,0x011c,0x6386,0x1e07,0x81e0,0x781e,0x043b,0x8000,0x0124,0x9286,0x3118,0xc311,0x8c63,
0x0464,0x8000,0x011c,0x7386,0x2092,0x6209,0x0441,0x0460,0x8000,0x0104,0x6086,0x6e97,0x26e9,0x765d,0x846c,0x8000,
0x0104,0x6086,0x7a84,0xa7a9,0xd675,0x8472,0x8000,0x0104,0xa086,0x6e88,0xa6e8,0xf63d,0x846e,0x8000,0x0105,0x21e6,
0x6c88,0x66c8,0xc631,0x8464,0x8000,0x01c5,0x22b6,0x788e,0x6788,0xc631,0x8768,0x8000,0x0146,0x228e,0x708a,0x6708,
0xc631,0x8570,0x8000,0x01c4,0x2186,0x608e,0x2608,0xfe3f,0x8760,0x8000,0x0000,0x0000,0x0000,0x0000,0x0000,0x0000,
0x0000,0x0000,0x0000,0x0000,0x0000,0x0000,0x0000,0x0000,0x0000,0x0000,0x0000,0x0000,0x0000,0x0000,0x0000,0x0000,
0x0000,0x0000,0x0000,0x0000,0x0000,0x0000,0x0000,0x0000,0x0000,0x0000,0x0000,0x0000,0x0000,0x0000,0x0000,0x0000,
0x0000,0x0000,0x0000,0x0000,0x0000,0x0000,0x0000,0x0000,0x0000,0x0000,0x0000,0x0000,0x0000,0x0000,0x0000,0x0000,
0x0000,0x0000,0x0000,0x0000,0x0000,0x0000,0x0000,0x0000,0x0000,0x0000,0x0000,0x0000,0x0000,0x0000,0x0000,0x0000,
0x0000,0x0000,0x0000,0x0000,0x0000,0x0000,0x0000,0x0000,0x0000,0x0000,0x0000,0x0000,0x0000,0x0000,0x0000,0x0000,
0x0000,0x0000,0x0000,0x0000,0x0000,0x0000,0x0000,0x0000,0x0000,0x0000,0x0000,0x0000,0x0000,0x0000,0x0000,0x0000,
0x0000,0x0000,0x0000,0x0000,0x0000,0x0000,0x0000,0x0000,0x0000,0x0000
};

//33：标记设定 ??????????????????
unsigned short const Thai_Font17_Pic_33[] = { 
130,38,
0x0052,0x0000,0x0000,0x0000,0x0000,0x0000,0x0000,0x0000,0x0000,0x0074,0x0000,0x0000,0x0018,0x0000,0x0000,0x0000,
0x0000,0x0000,0x002c,0x0000,0x0000,0x0018,0x0000,0x0000,0x0000,0x0000,0x0000,0x0070,0x0000,0x0000,0x0018,0x0000,
0x0000,0x0000,0x0000,0x0000,0x0000,0x0000,0x0000,0x0000,0x0000,0x0000,0x0000,0x0000,0x0000,0x0000,0x0000,0x0000,
0x0014,0x0000,0x0000,0x0000,0x0000,0x0000,0x0000,0x0000,0x0000,0x01f4,0x0000,0x0000,0x0000,0x0000,0x0000,0x0031,
0x8006,0x0000,0x0218,0x0000,0x0000,0x0000,0x0000,0x0000,0x004b,0x0006,0x0000,0x03fc,0x0000,0x0000,0x0000,0x0000,
0x0000,0x003c,0x0006,0x0000,0x000c,0x0000,0x0000,0x0000,0x0000,0x0000,0x0000,0x0006,0x0000,0x0000,0x0000,0x0000,
0x0000,0x0000,0x0000,0x0000,0x0000,0x0000,0x0000,0x0000,0x0000,0x0000,0x0000,0x0000,0x03b8,0x7078,0x3c10,0x783c,
0x1e07,0x1c63,0x863c,0x1cc0,0x0000,0x0648,0x50c4,0x6610,0xc466,0x6305,0x2492,0x8666,0x34c0,0x0000,0x0608,0x7082,
0x4210,0x8242,0x4107,0x1c73,0x8642,0x3cc0,0x0000,0x06c8,0x11ba,0x0211,0xba7a,0x5d81,0x0460,0x8602,0x20c0,0x0000,
0x072a,0x11aa,0x0211,0xaa08,0x75a1,0x0460,0x8602,0x1cc0,0x0000,0x06e9,0x11fa,0x0211,0xfa08,0x3d91,0x04a0,0x8602,
0x10c0,0x0000,0x0648,0x91c2,0x0211,0xc208,0x3189,0x0521,0xe602,0x10c0,0x0000,0x0688,0x51c2,0x021d,0xc238,0x3185,
0x0522,0xb602,0x10c0,0x0000,0x0708,0x3182,0x0215,0x8228,0x3183,0x0622,0x8e02,0x10c0,0x0000,0x0608,0x1182,0x021d,
0x8238,0x3f81,0x0421,0x8602,0x1fc0,0x0000,0x0000,0x0000,0x0000,0x0000,0x0000,0x0000,0x0000,0x0000,0x0000,0x0000,
0x0000,0x0000,0x0000,0x0000,0x0000,0x0000,0x0000,0x0000,0x0000,0x0000,0x0000,0x0000,0x0000,0x0000,0x0000,0x0000,
0x0000,0x0000,0x0000,0x0000,0x0000,0x0000,0x0000,0x0000,0x0000,0x0000,0x0000,0x0000,0x0000,0x0000,0x0000,0x0000,
0x0000,0x0000,0x0000,0x0000,0x0000,0x0000,0x0000,0x0000,0x0000,0x0000,0x0000,0x0000,0x0000,0x0000,0x0000,0x0000,
0x0000,0x0000,0x0000,0x0000,0x0000,0x0000,0x0000,0x0000,0x0000,0x0000,0x0000,0x0000,0x0000,0x0000,0x0000,0x0000,
0x0000,0x0000,0x0000,0x0000,0x0000,0x0000,0x0000,0x0000,0x0000,0x0000,0x0000,0x0000,0x0000,0x0000,0x0000,0x0000,
0x0000,0x0000,0x0000,0x0000,0x0000,0x0000,0x0000,0x0000,0x0000,0x0000,0x0000,0x0000,0x0000,0x0000,0x0000,0x0000,
0x0000,0x0000,0x0000,0x0000,0x0000,0x0000,0x0000,0x0000,0x0000,0x0000,0x0000,0x0000,0x0000,0x0000,0x0000,0x0000,
0x0000,0x0000,0x0000,0x0000,0x0000,0x0000,0x0000,0x0000,0x0000,0x0000,0x0000,0x0000,0x0000,0x0000,0x0000,0x0000,
0x0000,0x0000,0x0000,0x0000,0x0000,0x0000
};

//34：再按 ?????
unsigned short const Thai_Font17_Pic_34[] = { 
48,38,
0x0000,0x000a,0x4000,0x0000,0x000e,0x8000,0x0000,0x0005,0x8000,0x0000,0x000e,0x0000,0x0000,0x0000,0x0000,0x0000,
0x0000,0x0000,0x0000,0x0007,0x0000,0x0000,0x0005,0x8000,0x0000,0x0005,0x8000,0x0000,0x0007,0x0000,0x0000,0x0000,
0x0000,0x0000,0x0000,0x0000,0x03e0,0x786d,0x0f00,0x0610,0xc452,0x1980,0x0318,0x82e5,0x1080,0x0219,0xba9d,0x0080,
0x0219,0xea6d,0x0080,0x0219,0xba0d,0x0080,0x0219,0xb20d,0x0080,0x0219,0xe20d,0x0080,0x0219,0xc20d,0x0080,0x0219,
0x821f,0x0080,0x0000,0x0000,0x0000,0x0000,0x0000,0x0000,0x0000,0x0000,0x0000,0x0000,0x0000,0x0000,0x0000,0x0000,
0x0000,0x0000,0x0000,0x0000,0x0000,0x0000,0x0000,0x0000,0x0000,0x0000,0x0000,0x0000,0x0000,0x0000,0x0000,0x0000,
0x0000,0x0000,0x0000,0x0000,0x0000,0x0000,0x0000,0x0000,0x0000,0x0000,0x0000,0x0000,0x0000,0x0000,0x0000,0x0000,
0x0000,0x0000
};

//35：退出 ???
unsigned short const Thai_Font17_Pic_35[] = { 
39,38,
0x0000,0x0000,0x0000,0x0000,0x0000,0x0000,0x0000,0x0000,0x0000,0x0000,0x0000,0x0000,0x0000,0x0000,0x0000,0x0000,
0x0000,0x0000,0x0000,0x0000,0x0000,0x0000,0x0000,0x0000,0x0000,0x0000,0x0000,0x0000,0x0000,0x0000,0x0000,0x0000,
0x0000,0x0000,0x0000,0x0000,0x01e0,0x783e,0x0000,0x0631,0x8c61,0x0000,0x0411,0x0431,0x8000,0x05d9,0x7621,0x8000,
0x0759,0xd621,0x8000,0x03d8,0xf621,0x8000,0x0318,0xc621,0x8000,0x0318,0xc621,0x8000,0x0318,0xc621,0x8000,0x03f8,
0xfe21,0x8000,0x0000,0x0000,0x0000,0x0000,0x0000,0x0000,0x0000,0x0000,0x0000,0x0000,0x0000,0x0000,0x0000,0x0000,
0x0000,0x0000,0x0000,0x0000,0x0000,0x0000,0x0000,0x0000,0x0000,0x0000,0x0000,0x0000,0x0000,0x0000,0x0000,0x0000,
0x0000,0x0000,0x0000,0x0000,0x0000,0x0000,0x0000,0x0000,0x0000,0x0000,0x0000,0x0000,0x0000,0x0000,0x0000,0x0000,
0x0000,0x0000
};

//36：前极限 ?????????
unsigned short const Thai_Font17_Pic_36[] = { 
72,38,
0x0000,0x0000,0x0000,0x0000,0x0000,0x0000,0x0000,0x0000,0x0000,0x0000,0x0000,0x0000,0x0000,0x0000,0x0000,0x0000,
0x0000,0x0000,0x0000,0x0000,0x0000,0x0000,0x0000,0x0000,0x0000,0x0000,0x0000,0x0000,0x0000,0x0000,0x03e0,0x7c00,
0x0000,0x1c00,0x0000,0x0430,0x8600,0x0000,0x1480,0x0000,0x07f0,0xfe00,0x0000,0x1c80,0x0000,0x0018,0x0300,0x0000,
0x0b00,0x0000,0x0000,0x0000,0x0000,0x1c00,0x0000,0x0000,0x0000,0x0000,0x0000,0x0000,0x01e1,0xc31d,0xce31,0xc21e,
0x0000,0x0631,0x4332,0x524a,0x4233,0x0000,0x0499,0xc330,0x4e39,0xc221,0x0000,0x05c8,0x4336,0x4230,0x4201,0x0000,
0x0128,0x4339,0x4230,0x4201,0x0000,0x0228,0x4337,0x4250,0x4201,0x0000,0x0218,0xf332,0x4290,0x4f01,0x0000,0x0399,
0x5b34,0x4290,0x5d01,0x0000,0x0299,0x4738,0x4310,0x6501,0x0000,0x0388,0xc330,0x4210,0x4701,0x0000,0x0000,0x0000,
0x0000,0x0000,0x0000,0x0000,0x0000,0x0000,0x0000,0x0000,0x0000,0x0000,0x0000,0x0000,0x0000,0x0000,0x0000,0x0000,
0x0000,0x0000,0x0000,0x0000,0x0000,0x0000,0x0000,0x0000,0x0000,0x0000,0x0000,0x0000,0x0000,0x0000,0x0000,0x0000,
0x0000,0x0000,0x0000,0x0000,0x0000,0x0000,0x0000,0x0000,0x0000,0x0000,0x0000,0x0000,0x0000,0x0000,0x0000,0x0000,
0x0000,0x0000,0x0000,0x0000,0x0000,0x0000,0x0000,0x0000,0x0000,0x0000,0x0000,0x0000,0x0000,0x0000,0x0000,0x0000,
0x0000,0x0000,0x0000,0x0000,0x0000,0x0000,0x0000,0x0000,0x0000,0x0000,0x0000,0x0000,0x0000,0x0000
};

//37：中极限 ?????????
unsigned short const Thai_Font17_Pic_37[] = { 
78,38,
0x0000,0x0000,0x0000,0x0000,0x0000,0x0000,0x0000,0x0000,0x0000,0x0000,0x0000,0x0000,0x0000,0x0000,0x0000,0x0000,
0x0000,0x0000,0x0000,0x0000,0x0000,0x0000,0x0000,0x0000,0x0000,0x0000,0x0000,0x0000,0x0000,0x0000,0x03e0,0x7c00,
0x0000,0x0000,0x0000,0x0430,0x8600,0x0000,0x0000,0x0000,0x07f0,0xfe00,0x0000,0x0000,0x0000,0x0018,0x0300,0x0000,
0x0000,0x0000,0x0000,0x0000,0x0000,0x0000,0x0000,0x0000,0x0000,0x0000,0x0000,0x0000,0x01e1,0xc31d,0xc7c0,0xf078,
0x1c00,0x0631,0x4332,0x4c23,0x18cc,0x1400,0x0499,0xc330,0x4632,0x4c84,0x1c00,0x05c8,0x4336,0x4432,0xe404,0x0400,
0x0128,0x4339,0x4430,0x9404,0x8400,0x0228,0x4337,0x4431,0x1404,0x4400,0x0218,0xf332,0x4431,0x0c04,0x2400,0x0399,
0x5b34,0x4431,0xcc04,0x1400,0x0299,0x4738,0x4431,0x4c04,0x0c00,0x0388,0xc330,0x4431,0xc404,0x0400,0x0000,0x0000,
0x0000,0x0000,0x0000,0x0000,0x0000,0x0000,0x0000,0x0000,0x0000,0x0000,0x0000,0x0000,0x0000,0x0000,0x0000,0x0000,
0x0000,0x0000,0x0000,0x0000,0x0000,0x0000,0x0000,0x0000,0x0000,0x0000,0x0000,0x0000,0x0000,0x0000,0x0000,0x0000,
0x0000,0x0000,0x0000,0x0000,0x0000,0x0000,0x0000,0x0000,0x0000,0x0000,0x0000,0x0000,0x0000,0x0000,0x0000,0x0000,
0x0000,0x0000,0x0000,0x0000,0x0000,0x0000,0x0000,0x0000,0x0000,0x0000,0x0000,0x0000,0x0000,0x0000,0x0000,0x0000,
0x0000,0x0000,0x0000,0x0000,0x0000,0x0000,0x0000,0x0000,0x0000,0x0000,0x0000,0x0000,0x0000,0x0000
};

//38：后极限 ?????????
unsigned short const Thai_Font17_Pic_38[] = { 
70,38,
0x0000,0x0000,0x0000,0x0000,0x0000,0x0000,0x0000,0x0000,0x0000,0x0000,0x0000,0x0000,0x0000,0x0000,0x0000,0x0000,
0x0000,0x0000,0x0000,0x0000,0x0000,0x0000,0x0000,0x0000,0x0000,0x0000,0x0000,0x0000,0x0000,0x0000,0x03e0,0x7c00,
0x0000,0x0000,0x0000,0x0430,0x8600,0x0000,0x0c60,0x0000,0x07f0,0xfe00,0x0000,0x12c0,0x0000,0x0018,0x0300,0x0000,
0x0f00,0x0000,0x0000,0x0000,0x0000,0x0000,0x0000,0x0000,0x0000,0x0000,0x0000,0x0000,0x01e1,0xc31d,0xce30,0x781c,
0x0000,0x0631,0x4332,0x5249,0x8c14,0x0000,0x0499,0xc330,0x4e39,0x261c,0x0000,0x05c8,0x4336,0x4231,0x7204,0x0000,
0x0128,0x4339,0x4230,0x4a84,0x0000,0x0228,0x4337,0x4250,0x8a44,0x0000,0x0218,0xf332,0x4290,0x8624,0x0000,0x0399,
0x5b34,0x4290,0xe614,0x0000,0x0299,0x4738,0x4310,0xa60c,0x0000,0x0388,0xc330,0x4210,0xe204,0x0000,0x0000,0x0000,
0x0000,0x0000,0x0000,0x0000,0x0000,0x0000,0x0000,0x0000,0x0000,0x0000,0x0000,0x0000,0x0000,0x0000,0x0000,0x0000,
0x0000,0x0000,0x0000,0x0000,0x0000,0x0000,0x0000,0x0000,0x0000,0x0000,0x0000,0x0000,0x0000,0x0000,0x0000,0x0000,
0x0000,0x0000,0x0000,0x0000,0x0000,0x0000,0x0000,0x0000,0x0000,0x0000,0x0000,0x0000,0x0000,0x0000,0x0000,0x0000,
0x0000,0x0000,0x0000,0x0000,0x0000,0x0000,0x0000,0x0000,0x0000,0x0000,0x0000,0x0000,0x0000,0x0000,0x0000,0x0000,
0x0000,0x0000,0x0000,0x0000,0x0000,0x0000,0x0000,0x0000,0x0000,0x0000,0x0000,0x0000,0x0000,0x0000
};

//39：语言 ????
unsigned short const Thai_Font17_Pic_39[] = { 
50,38,
0x0000,0x0000,0x0000,0x0000,0x0000,0x0000,0x0000,0x0000,0x0000,0x0000,0x0000,0x0000,0x0000,0x0000,0x0000,0x0000,
0x0000,0x0000,0x0000,0x0000,0x0000,0x0000,0x0000,0x0000,0x0000,0x0000,0x0000,0x0000,0x0000,0x0000,0x0000,0x0000,
0x0000,0x0000,0x0000,0x0000,0x0000,0x0000,0x0000,0x0000,0x0000,0x0000,0x0000,0x0000,0x0000,0x0000,0x0000,0x0000,
0x01f0,0x7870,0x43c0,0x0000,0x0308,0xcc90,0x4660,0x0000,0x018c,0x8477,0x7420,0x0000,0x010c,0x0415,0x6020,0x0000,
0x010c,0x0417,0xc020,0x0000,0x010c,0x0410,0x4020,0x0000,0x010c,0x0410,0x4020,0x0000,0x070c,0x0410,0x4020,0x0000,
0x090c,0x0410,0x4020,0x0000,0x060c,0x043f,0xc020,0x0000,0x0000,0x0000,0x0000,0x0000,0x0000,0x0000,0x0000,0x0000,
0x0000,0x0000,0x0000,0x0000,0x0000,0x0000,0x0000,0x0000,0x0000,0x0000,0x0000,0x0000,0x0000,0x0000,0x0000,0x0000,
0x0000,0x0000,0x0000,0x0000,0x0000,0x0000,0x0000,0x0000,0x0000,0x0000,0x0000,0x0000,0x0000,0x0000,0x0000,0x0000,
0x0000,0x0000,0x0000,0x0000,0x0000,0x0000,0x0000,0x0000,0x0000,0x0000,0x0000,0x0000,0x0000,0x0000,0x0000,0x0000,
0x0000,0x0000,0x0000,0x0000,0x0000,0x0000,0x0000,0x0000
};

//40：单位 ?????
unsigned short const Thai_Font17_Pic_40[] = { 
50,38,
0x0000,0x0000,0x0000,0x0000,0x0000,0x0000,0x0000,0x0000,0x0000,0x0000,0x0000,0x0000,0x0000,0x0000,0x0000,0x0000,
0x0000,0x0000,0x0000,0x0000,0x0000,0x0000,0x0000,0x0000,0x0000,0x0000,0x0000,0x0000,0x0000,0x0300,0x0000,0x0000,
0x0000,0x0300,0x0000,0x0000,0x0000,0x0300,0x0000,0x0000,0x0000,0x0300,0x0000,0x0000,0x0000,0x0000,0x0000,0x0000,
0x0718,0xe10f,0x0730,0x0000,0x0925,0x2119,0x8d30,0x0000,0x071c,0xe110,0x8f30,0x0000,0x0118,0x2110,0x8830,0x0000,
0x0118,0x2110,0x8730,0x0000,0x0128,0x2100,0x8430,0x0000,0x0148,0x2780,0x8430,0x0000,0x0148,0x2e83,0x8430,0x0000,
0x0188,0x3282,0x8430,0x0000,0x0108,0x2383,0x87f0,0x0000,0x0000,0x0000,0x0000,0x0000,0x0000,0x0000,0x0000,0x0000,
0x0000,0x0000,0x0000,0x0000,0x0000,0x0000,0x0000,0x0000,0x0000,0x0000,0x0000,0x0000,0x0000,0x0000,0x0000,0x0000,
0x0000,0x0000,0x0000,0x0000,0x0000,0x0000,0x0000,0x0000,0x0000,0x0000,0x0000,0x0000,0x0000,0x0000,0x0000,0x0000,
0x0000,0x0000,0x0000,0x0000,0x0000,0x0000,0x0000,0x0000,0x0000,0x0000,0x0000,0x0000,0x0000,0x0000,0x0000,0x0000,
0x0000,0x0000,0x0000,0x0000,0x0000,0x0000,0x0000,0x0000
};

//41：提前量 
unsigned short const Thai_Font17_Pic_41[] = { 
145,38,
0x0000,0x0000,0x0000,0x0060,0x0000,0x0080,0x7000,0x7fff,0x8000,0x0000,0x0000,0x0000,0x0000,0x0040,0xffe0,0x00e0,
0xc000,0x6001,0x0000,0x0000,0x0000,0x0000,0x0000,0x0040,0x80c0,0x0060,0x8000,0x7fff,0x0000,0x0000,0x0000,0x0000,
0x0000,0x0040,0x80c0,0x0041,0x0300,0x6001,0x0000,0x0000,0x0000,0x0000,0x0000,0x0040,0xffc0,0x7fff,0xff80,0x6001,
0x0000,0x0000,0x0000,0x0000,0x0000,0x0ffc,0x80c0,0x0000,0x0000,0x7fff,0x0000,0x0000,0x0000,0x0000,0x0000,0x0040,
0x80c0,0x0000,0x0000,0x6001,0x0000,0x0000,0x0000,0x0000,0x0000,0x0040,0x80c0,0x0000,0x0c00,0x0000,0x1800,0x0000,
0x0000,0x0000,0x0000,0x0040,0xffc0,0x1ff9,0xce0f,0xffff,0xfc00,0x0000,0x0000,0x0000,0x0000,0x0040,0x80c0,0x1831,
0x8c00,0x0000,0x0000,0x0000,0x0020,0x2000,0x0000,0x0048,0x0000,0x0830,0x8c00,0x7fff,0x8000,0x0000,0x0060,0x601c,
0x0000,0x0070,0x0010,0x0830,0x8c00,0x60c1,0x8000,0x0000,0x00a0,0xa01e,0x0000,0x01cf,0xfffc,0x0ff0,0x8c00,0x60c1,
0x8000,0x0000,0x01a1,0x201e,0x0000,0x0f40,0x0c00,0x0830,0x8c00,0x60c1,0x8000,0x0000,0x0120,0x201c,0x0000,0x0641,
0x0c00,0x0830,0x8c00,0x7fff,0x8000,0x0000,0x0220,0x2000,0x0000,0x0041,0x8c20,0x0830,0x8c00,0x60c1,0x8000,0x0000,
0x0420,0x2000,0x0000,0x0043,0x0ff8,0x0ff0,0x8c00,0x7fff,0x8000,0x0000,0x0420,0x2000,0x0000,0x0043,0x0c00,0x0830,
0x8c00,0x60c1,0x0000,0x0000,0x0ff0,0x201c,0x0000,0x0042,0x8c00,0x0830,0x8c00,0x00c0,0x0000,0x0000,0x0020,0x203c,
0x0000,0x0042,0x4c00,0x0831,0x8c00,0x00c0,0xc000,0x0000,0x0020,0x201c,0x0000,0x0044,0x6c00,0x0831,0x8c01,0xffff,
0xe000,0x0000,0x0020,0x201c,0x0000,0x004c,0x3c00,0x0830,0x0c00,0x00c0,0x0000,0x0000,0x0000,0x0000,0x0000,0x07c8,
0x0ffc,0x18b0,0xfc00,0x00c0,0x1000,0x0000,0x0000,0x0000,0x0000,0x01d0,0x01f0,0x1870,0x3807,0xffff,0xf800,0x0000,
0x0000,0x0000,0x0000,0x0000,0x0000,0x1820,0x1000,0x0000,0x0000,0x0000,0x0000,0x0000,0x0000,0x0000,0x0000,0x0000,
0x0000,0x0000,0x0000,0x0000,0x0000,0x0000,0x0000,0x0000,0x0000,0x0000,0x0000,0x0000,0x0000,0x0000,0x0000,0x0000,
0x0000,0x0000,0x0000,0x0000,0x0000,0x0000,0x0000,0x0000,0x0000,0x0000,0x0000,0x0000,0x0000,0x0000,0x0000,0x0000,
0x0000,0x0000,0x0000,0x0000,0x0000,0x0000,0x0000,0x0000,0x0000,0x0000,0x0000,0x0000,0x0000,0x0000,0x0000,0x0000,
0x0000,0x0000,0x0000,0x0000,0x0000,0x0000,0x0000,0x0000,0x0000,0x0000,0x0000,0x0000,0x0000,0x0000,0x0000,0x0000,
0x0000,0x0000,0x0000,0x0000,0x0000,0x0000,0x0000,0x0000,0x0000,0x0000,0x0000,0x0000,0x0000,0x0000,0x0000,0x0000,
0x0000,0x0000,0x0000,0x0000,0x0000,0x0000,0x0000,0x0000,0x0000,0x0000,0x0000,0x0000,0x0000,0x0000,0x0000,0x0000,
0x0000,0x0000,0x0000,0x0000,0x0000,0x0000,0x0000,0x0000,0x0000,0x0000,0x0000,0x0000,0x0000,0x0000,0x0000,0x0000,
0x0000,0x0000,0x0000,0x0000,0x0000,0x0000,0x0000,0x0000,0x0000,0x0000,0x0000,0x0000
};

//42：无 ?????
unsigned short const Thai_Font17_Pic_42[] = { 
37,38,
0x0000,0x0000,0x0000,0x0000,0x0000,0x0000,0x0000,0x0000,0x0000,0x0000,0x0000,0x0000,0x0000,0x0000,0x0000,0x0800,
0x0001,0x0000,0x0900,0x007d,0x0000,0x0b00,0x1886,0x0000,0x0d00,0x18ff,0x0000,0x0d00,0x1803,0x0000,0x0100,0x1800,
0x0000,0x0100,0x0000,0x0000,0x010e,0x19c3,0x0000,0x010a,0x1943,0x0000,0x010e,0x19c3,0x0000,0x0102,0x1843,0x0000,
0x0102,0x1843,0x0000,0x0102,0x1843,0x0000,0x0107,0x98f3,0x0000,0x01ca,0xd95b,0x0000,0x016a,0x3947,0x0000,0x01c6,
0x18c3,0x0000,0x0000,0x0000,0x0000,0x0000,0x0000,0x0000,0x0000,0x0000,0x0000,0x0000,0x0000,0x0000,0x0000,0x0000,
0x0000,0x0000,0x0000,0x0000,0x0000,0x0000,0x0000,0x0000,0x0000,0x0000,0x0000,0x0000,0x0000,0x0000,0x0000,0x0000,
0x0000,0x0000,0x0000,0x0000,0x0000,0x0000,0x0000,0x0000,0x0000,0x0000,0x0000,0x0000,0x0000,0x0000,0x0000,0x0000,
0x0000,0x0000
};

//43：推纸距离  ?????????????
unsigned short const Thai_Font17_Pic_43[] = { 
126,38,
0x0000,0x0000,0x0000,0x0000,0x0000,0x0000,0x0000,0x0000,0x0000,0x0000,0x0000,0x0000,0x0000,0x0000,0x0000,0x0000,
0x0000,0x0000,0x0000,0x0000,0x0000,0x0000,0x0000,0x0000,0x0000,0x0000,0x0000,0x0000,0x0000,0x0000,0x0000,0x0000,
0x0000,0x0000,0x0000,0x0000,0x0000,0x0000,0x0000,0x0000,0x0000,0x0000,0x0000,0x0000,0x0000,0x0000,0x0000,0x0000,
0x0000,0x0000,0x0000,0x0000,0x0000,0x0000,0x0000,0x0000,0x0000,0x0000,0x0003,0x1800,0x0000,0x0000,0x0000,0x0000,
0x0000,0x0000,0x0004,0xb000,0x0000,0x0000,0x0000,0x0000,0x0000,0x0000,0x0003,0xc000,0x0000,0x0000,0x0000,0x0000,
0x0000,0x0000,0x0000,0x0000,0x0000,0x0000,0x0000,0x0000,0x0000,0x0000,0x0000,0x0000,0x0000,0x0000,0x0000,0x0000,
0x03c7,0x11cc,0xe21e,0x1c21,0xf078,0xe21e,0x0f0e,0x0800,0x0664,0x234c,0x8431,0x2423,0x08cc,0x8431,0x1992,0x0800,
0x0423,0xc3cc,0x7820,0x9c21,0x8c84,0x7820,0x908e,0xee00,0x07a0,0x020c,0x006e,0x8421,0x0cf4,0x006e,0x8082,0xac00,
0x0080,0x01cc,0x007a,0x8421,0x0c10,0x007a,0x8082,0xf800,0x0080,0x010c,0x006e,0x8421,0x0c10,0x006e,0x8082,0x0800,
0x0080,0x010c,0x006c,0x84f1,0x0c10,0x006c,0x8082,0x0800,0x0387,0x110c,0xe278,0x85d1,0x0c70,0xe278,0x8082,0x0800,
0x0284,0x210c,0x8470,0x8651,0x0c50,0x8470,0x8082,0x0800,0x0383,0xc1fc,0x7860,0x8471,0x0c70,0x7860,0x8087,0xf800,
0x0000,0x0000,0x0000,0x0000,0x0000,0x0000,0x0000,0x0000,0x0000,0x0000,0x0000,0x0000,0x0000,0x0000,0x0000,0x0000,
0x0000,0x0000,0x0000,0x0000,0x0000,0x0000,0x0000,0x0000,0x0000,0x0000,0x0000,0x0000,0x0000,0x0000,0x0000,0x0000,
0x0000,0x0000,0x0000,0x0000,0x0000,0x0000,0x0000,0x0000,0x0000,0x0000,0x0000,0x0000,0x0000,0x0000,0x0000,0x0000,
0x0000,0x0000,0x0000,0x0000,0x0000,0x0000,0x0000,0x0000,0x0000,0x0000,0x0000,0x0000,0x0000,0x0000,0x0000,0x0000,
0x0000,0x0000,0x0000,0x0000,0x0000,0x0000,0x0000,0x0000,0x0000,0x0000,0x0000,0x0000,0x0000,0x0000,0x0000,0x0000,
0x0000,0x0000,0x0000,0x0000,0x0000,0x0000,0x0000,0x0000,0x0000,0x0000,0x0000,0x0000,0x0000,0x0000,0x0000,0x0000,
0x0000,0x0000,0x0000,0x0000,0x0000,0x0000,0x0000,0x0000,0x0000,0x0000,0x0000,0x0000,0x0000,0x0000,0x0000,0x0000,
0x0000,0x0000,0x0000,0x0000,0x0000,0x0000,0x0000,0x0000,0x0000,0x0000,0x0000,0x0000,0x0000,0x0000,0x0000,0x0000,

};

//44：压纸停机 ????????????????
unsigned short const Thai_Font17_Pic_44[] = { 
150,38,
0x0000,0x0000,0x0000,0x0000,0x0000,0x0000,0x0000,0x0000,0x0000,0x0000,0x0000,0x0000,0x0000,0x0000,0x0000,0x0000,
0x0000,0x0000,0x0000,0x0000,0x0000,0x0000,0x0000,0x0000,0x0000,0x0000,0x0000,0x0000,0x0000,0x0000,0x0000,0x0000,
0x0000,0x0000,0x0000,0x0000,0x0000,0x0000,0x0000,0x0000,0x0000,0x0000,0x0000,0x0000,0x0000,0x0000,0x0000,0x0000,
0x0000,0x0000,0x0000,0x0000,0x0000,0x0000,0x0000,0x0000,0x0000,0x0000,0x0000,0x0000,0x0000,0x0000,0x0000,0x0000,
0x0000,0x0000,0xe000,0x0000,0x0000,0x0000,0x0000,0x0000,0x0000,0x0000,0x0000,0x0000,0xa400,0x0000,0x0000,0x0000,
0x0000,0x0000,0x0000,0x0000,0x0000,0x0000,0xe400,0x0000,0x0000,0x0000,0x0000,0x0000,0x0000,0x0000,0x0000,0x0000,
0x5800,0x0000,0x0000,0x0000,0x0000,0x0000,0x0000,0x0000,0x0000,0x0000,0xe000,0x0000,0x0000,0x0000,0x0000,0x0000,
0x0000,0x0000,0x0000,0x0000,0x0000,0x0000,0x0000,0x0000,0x03e0,0x783e,0x0f1c,0x43c1,0xe1c1,0x0883,0xc1e1,0xc61c,
0xc3c0,0x0000,0x0610,0xc461,0x1990,0x8623,0x3241,0x088c,0x6332,0x4934,0xc620,0x0000,0x0318,0x8231,0x908f,0x0412,
0x11dd,0xc889,0x3211,0xc73c,0xc410,0x0000,0x0219,0xba21,0x9e80,0x0dd0,0x1055,0x888b,0x9210,0x4620,0xcdd0,0x0000,
0x0219,0xea21,0x8200,0x0f50,0x105f,0x0882,0x5210,0x461c,0xcf50,0x0000,0x0219,0xba21,0x8200,0x0dd0,0x1041,0x0884,
0x5010,0x4a10,0xcdd0,0x0000,0x0219,0xb221,0x8200,0x0d90,0x1041,0x0884,0x3010,0x5210,0xcd90,0x0000,0x0219,0xe221,
0x8e1c,0x4f10,0x1041,0x0ee7,0x3070,0x5210,0xcf10,0x0000,0x0219,0xc221,0x8a10,0x8e10,0x1041,0x0aa5,0x3050,0x6210,
0xce10,0x0000,0x0219,0x8221,0x8e0f,0x0c10,0x10ff,0x0ee7,0x1070,0x421f,0xcc10,0x0000,0x0000,0x0000,0x0000,0x0000,
0x0000,0x0000,0x0000,0x0000,0x0000,0x0000,0x0000,0x0000,0x0000,0x0000,0x0000,0x0000,0x0000,0x0000,0xc000,0x0000,
0x0000,0x0000,0x0000,0x0000,0x0000,0x0000,0x0000,0x0001,0x2000,0x0000,0x0000,0x0000,0x0000,0x0000,0x0000,0x0000,
0x0000,0x0000,0xe000,0x0000,0x0000,0x0000,0x0000,0x0000,0x0000,0x0000,0x0000,0x0000,0x2000,0x0000,0x0000,0x0000,
0x0000,0x0000,0x0000,0x0000,0x0000,0x0000,0x2000,0x0000,0x0000,0x0000,0x0000,0x0000,0x0000,0x0000,0x0000,0x0000,
0x0000,0x0000,0x0000,0x0000,0x0000,0x0000,0x0000,0x0000,0x0000,0x0000,0x0000,0x0000,0x0000,0x0000,0x0000,0x0000,
0x0000,0x0000,0x0000,0x0000,0x0000,0x0000,0x0000,0x0000,0x0000,0x0000,0x0000,0x0000,0x0000,0x0000,0x0000,0x0000,
0x0000,0x0000,0x0000,0x0000,0x0000,0x0000,0x0000,0x0000,0x0000,0x0000,0x0000,0x0000,0x0000,0x0000,0x0000,0x0000,
0x0000,0x0000,0x0000,0x0000,0x0000,0x0000,0x0000,0x0000,0x0000,0x0000,0x0000,0x0000,0x0000,0x0000,0x0000,0x0000,
0x0000,0x0000,0x0000,0x0000,0x0000,0x0000,0x0000,0x0000,0x0000,0x0000,0x0000,0x0000,0x0000,0x0000,0x0000,0x0000,
0x0000,0x0000,0x0000,0x0000,0x0000,0x0000,0x0000,0x0000,0x0000,0x0000,0x0000,0x0000
};

//45:  无效  ??????????
unsigned short const Thai_Font17_Pic_45[] = { 
76,38,
0x0000,0x0000,0x0000,0x0000,0x0000,0x0000,0x0000,0x0000,0x0000,0x0000,0x0000,0x0000,0x0000,0x0000,0x0000,0x0000,
0x0000,0x0000,0x0000,0x0000,0x0000,0x0000,0x0000,0x0000,0x0000,0x0800,0x0000,0x0000,0x0000,0x0000,0x0900,0x0000,
0x0001,0xc000,0x0000,0x0b00,0x1800,0x0001,0x4800,0x0000,0x0d00,0x1800,0x0001,0xc800,0x0000,0x0d00,0x1800,0x0000,
0xb000,0x0000,0x0100,0x1800,0x0001,0xc000,0x0000,0x0100,0x0000,0x0000,0x0000,0x0000,0x010e,0x18f8,0x3e0e,0xe1e0,
0x7000,0x010a,0x1984,0x6119,0x2630,0x5000,0x010e,0x18c6,0x3198,0x2410,0x7000,0x0102,0x1886,0x219b,0x25d8,0x1000,
0x0102,0x1886,0x219c,0xa75a,0x1000,0x0102,0x1886,0x219b,0xa3d9,0x1000,0x0107,0x9886,0x2199,0x2318,0x9000,0x01ca,
0xd8e6,0x219a,0x2318,0x5000,0x016a,0x38a6,0x219c,0x2318,0x3000,0x01c6,0x18e6,0x2198,0x23f8,0x1000,0x0000,0x0000,
0x0000,0x0000,0x0000,0x0000,0x0019,0x0000,0x0000,0x0000,0x0000,0x0029,0x0000,0x0000,0x0000,0x0000,0x0039,0x0000,
0x0000,0x0000,0x0000,0x0009,0x0000,0x0000,0x0000,0x0000,0x000f,0x0000,0x0000,0x0000,0x0000,0x0000,0x0000,0x0000,
0x0000,0x0000,0x0000,0x0000,0x0000,0x0000,0x0000,0x0000,0x0000,0x0000,0x0000,0x0000,0x0000,0x0000,0x0000,0x0000,
0x0000,0x0000,0x0000,0x0000,0x0000,0x0000,0x0000,0x0000,0x0000,0x0000,0x0000,0x0000,0x0000,0x0000,0x0000,0x0000,
0x0000,0x0000,0x0000,0x0000,0x0000,0x0000,0x0000,0x0000,0x0000,0x0000,0x0000,0x0000,0x0000,0x0000
};

//46：关气距离  ?????????
unsigned short const Thai_Font17_Pic_46[] = { 
89,38,
0x0000,0x0000,0x0000,0x0000,0x0000,0x0000,0x0000,0x0000,0x0000,0x0000,0x0000,0x0000,0x0000,0x0000,0x0000,0x0000,
0x0000,0x0000,0x0000,0x0000,0x0000,0x0000,0x0000,0x0000,0x0000,0x0000,0x0000,0x0000,0x0000,0x0000,0x0000,0x0000,
0x0000,0x0000,0x0000,0x0000,0x0000,0x0000,0x003e,0x0000,0x0000,0x0000,0x0000,0x0000,0x0043,0x4000,0x0000,0x0000,
0x0000,0x0000,0x007f,0x4000,0x0000,0x0000,0x0000,0x0000,0x0001,0xc000,0x0000,0x0000,0x0000,0x0000,0x0000,0x4000,
0x0000,0x0000,0x0000,0x0000,0x0000,0x4000,0x0000,0x0000,0x03c7,0x11cc,0xe270,0x43c0,0xf0e1,0x8000,0x0664,0x234c,
0x8490,0x4623,0x18a1,0x8000,0x0423,0xc3cc,0x7870,0x4412,0x4ce1,0x8000,0x07a0,0x020c,0x0010,0x4dd2,0xe421,0x8000,
0x0080,0x01cc,0x0010,0x4f50,0x9421,0x8000,0x0080,0x010c,0x0010,0x4dd1,0x1421,0x8000,0x0080,0x010c,0x0010,0x4d91,
0x0c79,0x8000,0x0387,0x110c,0xe210,0x4f11,0xccad,0x8000,0x0284,0x210c,0x8410,0x4e11,0x4ca3,0x8000,0x0383,0xc1fc,
0x783f,0xcc11,0xc461,0x8000,0x0000,0x0000,0x0000,0x0000,0x0000,0x0000,0x0000,0x0000,0x0000,0x0000,0x0000,0x0000,
0x0000,0x0000,0x0000,0x0000,0x0000,0x0000,0x0000,0x0000,0x0000,0x0000,0x0000,0x0000,0x0000,0x0000,0x0000,0x0000,
0x0000,0x0000,0x0000,0x0000,0x0000,0x0000,0x0000,0x0000,0x0000,0x0000,0x0000,0x0000,0x0000,0x0000,0x0000,0x0000,
0x0000,0x0000,0x0000,0x0000,0x0000,0x0000,0x0000,0x0000,0x0000,0x0000,0x0000,0x0000,0x0000,0x0000,0x0000,0x0000,
0x0000,0x0000,0x0000,0x0000,0x0000,0x0000,0x0000,0x0000,0x0000,0x0000,0x0000,0x0000,0x0000,0x0000,0x0000,0x0000,
0x0000,0x0000,0x0000,0x0000,0x0000,0x0000,0x0000,0x0000,0x0000,0x0000,0x0000,0x0000,0x0000,0x0000,0x0000,0x0000,
0x0000,0x0000,0x0000,0x0000
};

//47：运行速度 ?????????????
unsigned short const Thai_Font17_Pic_47[] = { 
118,38,
0x0000,0x0000,0x0000,0x0000,0x0000,0x0000,0x0000,0x0000,0x0000,0x0000,0x0000,0x0000,0x0000,0x0000,0x0000,0x0000,
0x0000,0x0000,0x0000,0x0000,0x0000,0x0000,0x0000,0x0000,0x0000,0x0000,0x0000,0x0000,0x0000,0x0000,0x0000,0x0000,
0x0000,0x0000,0x0000,0x0000,0x0000,0x0000,0x0000,0x0000,0x0000,0x0000,0x0000,0x0000,0x0000,0x0000,0x0000,0x0000,
0x0000,0x0000,0x0000,0x0000,0x01c0,0x0000,0x0000,0x0000,0x0000,0x0000,0x0000,0xfc00,0x0160,0x0000,0x0000,0x0000,
0x0000,0x0000,0x0000,0x8000,0x0160,0x0000,0x0000,0x0000,0x0000,0x0000,0x0000,0xf800,0x01c0,0x0000,0x0000,0x0000,
0x0000,0x0000,0x0000,0xf800,0x0000,0x0000,0x0000,0x0000,0x0000,0x0000,0x0000,0x0000,0x0000,0x0000,0x0000,0x0000,
0x01e0,0xf078,0x70c4,0x3c3c,0x39c3,0xc0e1,0xe1c2,0x0000,0x0311,0x98cc,0x50c4,0x6666,0x4946,0x60a3,0x3242,0x0000,
0x0209,0x0884,0x70c4,0x4242,0x3b44,0x20e2,0x11c2,0x0000,0x06e9,0x0804,0x10c4,0x7a42,0x0a40,0x2020,0x1042,0x0000,
0x06a9,0x0804,0x10c4,0x0842,0x0a40,0x2420,0x1042,0x0000,0x07e8,0x0804,0x10c4,0x0802,0x0c40,0x2220,0x1042,0x0000,
0x0708,0x0804,0x3cc4,0x0802,0x0c40,0x2120,0x104f,0x0000,0x0708,0x3804,0x56c7,0x380e,0x0c40,0x20a0,0x105d,0x0000,
0x0608,0x2804,0x51c5,0x280a,0x0840,0x2060,0x1065,0x0000,0x0608,0x3804,0x30c7,0x380e,0x0840,0x2020,0x1047,0x0000,
0x0000,0x0000,0x0000,0x0000,0x0000,0x0000,0x0000,0x0000,0x0000,0x0000,0x0000,0x0000,0x0000,0x0000,0x0000,0x0000,
0x0000,0x0000,0x0000,0x0000,0x0000,0x0000,0x0000,0x0000,0x0000,0x0000,0x0000,0x0000,0x0000,0x0000,0x0000,0x0000,
0x0000,0x0000,0x0000,0x0000,0x0000,0x0000,0x0000,0x0000,0x0000,0x0000,0x0000,0x0000,0x0000,0x0000,0x0000,0x0000,
0x0000,0x0000,0x0000,0x0000,0x0000,0x0000,0x0000,0x0000,0x0000,0x0000,0x0000,0x0000,0x0000,0x0000,0x0000,0x0000,
0x0000,0x0000,0x0000,0x0000,0x0000,0x0000,0x0000,0x0000,0x0000,0x0000,0x0000,0x0000,0x0000,0x0000,0x0000,0x0000,
0x0000,0x0000,0x0000,0x0000,0x0000,0x0000,0x0000,0x0000,0x0000,0x0000,0x0000,0x0000,0x0000,0x0000,0x0000,0x0000,
0x0000,0x0000,0x0000,0x0000,0x0000,0x0000,0x0000,0x0000,0x0000,0x0000,0x0000,0x0000,0x0000,0x0000,0x0000,0x0000,
0x0000,0x0000,0x0000,0x0000,0x0000,0x0000,0x0000,0x0000,0x0000,0x0000,0x0000,0x0000,0x0000,0x0000,0x0000,0x0000,

};

//48：光电选择  ??????????????
unsigned short const Thai_Font17_Pic_48[] = { 
104,38,
0x0000,0x0000,0x0000,0x0000,0x0000,0x0000,0x0000,0x0000,0x0000,0x0000,0x0000,0x0000,0x0000,0x0000,0x0000,0x0000,
0x0000,0x0000,0x0000,0x0000,0x0000,0x0000,0x0000,0x0000,0x0000,0x0000,0x0000,0x0000,0x0000,0x0000,0x0000,0x0000,
0x0000,0x0000,0x0000,0x0001,0x4000,0x0000,0x0000,0x0000,0x0000,0x0000,0x001f,0x4000,0x0000,0x0000,0x0000,0x0000,
0x2000,0x0021,0x8000,0x0003,0xf000,0x0000,0x0003,0xe000,0x003f,0xc000,0x0002,0x0000,0x0000,0x0007,0x0000,0x0000,
0xc000,0x0003,0xe000,0x0000,0x0004,0x8000,0x0000,0x0000,0x0003,0xe000,0x0000,0x0003,0x0000,0x0000,0x0000,0x0000,
0x0000,0x0000,0x0000,0x0000,0x020f,0x03c1,0xf046,0xd1c2,0x11b4,0x1e0f,0x0000,0x0231,0x8c63,0x0845,0x2242,0x1148,
0x6319,0x8000,0x0224,0xc821,0x8c4e,0x51c2,0x1394,0x4110,0x8000,0x022e,0x4bb1,0x0c49,0xd042,0x1274,0x5d9e,0x8000,
0x0209,0x4eb1,0x0c46,0xd042,0x11b4,0x7582,0x0000,0x0211,0x47b1,0x0c40,0xd042,0x1034,0x3d82,0x0000,0x0210,0xc631,
0x0c40,0xd04f,0x1034,0x3182,0x0000,0x039c,0xc631,0x0c70,0xd05d,0x1c34,0x318e,0x0000,0x0294,0xc631,0x0c50,0xd065,
0x1434,0x318a,0x0000,0x039c,0x47f1,0x0c71,0xf047,0x1c7c,0x3f8e,0x0000,0x0000,0x0000,0x0000,0x0000,0x0000,0x0000,
0x0000,0x0000,0x0000,0x0000,0x0000,0x0000,0x0000,0x0000,0x0000,0x0000,0x0000,0x0000,0x0000,0x0000,0x0000,0x0000,
0x0000,0x0000,0x0000,0x0000,0x0000,0x0000,0x0000,0x0000,0x0000,0x0000,0x0000,0x0000,0x0000,0x0000,0x0000,0x0000,
0x0000,0x0000,0x0000,0x0000,0x0000,0x0000,0x0000,0x0000,0x0000,0x0000,0x0000,0x0000,0x0000,0x0000,0x0000,0x0000,
0x0000,0x0000,0x0000,0x0000,0x0000,0x0000,0x0000,0x0000,0x0000,0x0000,0x0000,0x0000,0x0000,0x0000,0x0000,0x0000,
0x0000,0x0000,0x0000,0x0000,0x0000,0x0000,0x0000,0x0000,0x0000,0x0000,0x0000,0x0000,0x0000,0x0000,0x0000,0x0000,
0x0000,0x0000,0x0000,0x0000,0x0000,0x0000,0x0000,0x0000,0x0000,0x0000,0x0000,0x0000,0x0000,0x0000,0x0000,0x0000,
0x0000,0x0000,0x0000,0x0000,0x0000,0x0000,0x0000,0x0000,0x0000,0x0000
};

//49：低有效 ?????????
unsigned short const Thai_Font17_Pic_49[] = { 
63,38,
0x0000,0x0000,0x0000,0x0000,0x0030,0x0000,0x0000,0x0000,0x0030,0x0000,0x0000,0x0000,0x0030,0x0000,0x0000,0x0000,
0x0000,0x0000,0x0000,0x0000,0x0000,0x0000,0x0080,0x0000,0x0038,0x00e0,0x3890,0x0e00,0x002c,0x0130,0x29b0,0x0a40,
0x002c,0x01f0,0x39d0,0x0e40,0x0038,0x0150,0x16d0,0x0580,0x0000,0x01d0,0x3810,0x0e00,0x0000,0x0010,0x0010,0x0000,
0x03b8,0xf011,0xe410,0x3c00,0x0649,0x9813,0x9810,0x6200,0x0609,0x0812,0x5410,0x4100,0x06c8,0x0811,0xa410,0xdd00,
0x0728,0x0810,0x2410,0xf500,0x06e8,0x0810,0x2410,0xdd00,0x0648,0x0810,0x2410,0xd900,0x0688,0x081c,0x241c,0xf100,
0x0708,0x0814,0x2416,0xe100,0x0608,0x081c,0x7c1c,0xc100,0x0000,0x0000,0x0000,0x0000,0x0000,0x0000,0x0000,0x0000,
0x0000,0x0000,0x0000,0x0000,0x0000,0x0000,0x0000,0x0000,0x0000,0x0000,0x0000,0x0000,0x0000,0x0000,0x0000,0x0000,
0x0000,0x0000,0x0000,0x0000,0x0000,0x0000,0x0000,0x0000,0x0000,0x0000,0x0000,0x0000,0x0000,0x0000,0x0000,0x0000,
0x0000,0x0000,0x0000,0x0000,0x0000,0x0000,0x0000,0x0000,0x0000,0x0000,0x0000,0x0000,0x0000,0x0000,0x0000,0x0000,
0x0000,0x0000,0x0000,0x0000,0x0000,0x0000,0x0000,0x0000
};

//50：高有效 ?????????
unsigned short const Thai_Font17_Pic_50[] = { 
61,38,
0x0000,0x0000,0x0000,0x0000,0x0000,0x0000,0x0000,0x0000,0x0000,0x0000,0x0000,0x0000,0x0000,0x0000,0x0000,0x0000,
0x0000,0x0000,0x0000,0x0000,0x0000,0x0000,0x0100,0x0000,0x0000,0x01c0,0x7120,0x1c00,0x0000,0x0260,0x5360,0x1480,
0x0000,0x03e0,0x73a0,0x1c80,0x0000,0x02a0,0x2da0,0x0b00,0x0000,0x03a0,0x7020,0x1c00,0x0010,0x0020,0x0020,0x0000,
0x01e0,0x7023,0xc820,0x7800,0x0630,0x5027,0x3020,0xc400,0x0448,0x7024,0xa820,0x8200,0x04c8,0x1023,0x4821,0xba00,
0x016a,0x1020,0x4821,0xea00,0x0329,0x1020,0x4821,0xba00,0x0218,0x9020,0x4821,0xb200,0x0398,0x5038,0x4839,0xe200,
0x0298,0x3028,0x482d,0xc200,0x0388,0x1038,0xf839,0x8200,0x0000,0x0000,0x0000,0x0000,0x0064,0x0000,0x0000,0x0000,
0x00a4,0x0000,0x0000,0x0000,0x00e4,0x0000,0x0000,0x0000,0x0024,0x0000,0x0000,0x0000,0x003c,0x0000,0x0000,0x0000,
0x0000,0x0000,0x0000,0x0000,0x0000,0x0000,0x0000,0x0000,0x0000,0x0000,0x0000,0x0000,0x0000,0x0000,0x0000,0x0000,
0x0000,0x0000,0x0000,0x0000,0x0000,0x0000,0x0000,0x0000,0x0000,0x0000,0x0000,0x0000,0x0000,0x0000,0x0000,0x0000,
0x0000,0x0000,0x0000,0x0000,0x0000,0x0000,0x0000,0x0000
};

//51：参数模式 ???????????
unsigned short const Thai_Font17_Pic_51[] = { 
86,38,
0x0000,0x0000,0x0001,0x4800,0x0000,0x0000,0x0000,0x0000,0x0001,0xd000,0x0000,0x0000,0x0000,0x0000,0x0000,0xb000,
0x0000,0x0000,0x0000,0x0000,0x0001,0xc000,0x0000,0x0000,0x0000,0x0000,0x0000,0x0000,0x0000,0x0000,0x0000,0x0000,
0x0000,0x0000,0x0000,0x0000,0x0780,0x0000,0x0000,0x0000,0x0000,0x0000,0x0cc0,0x0000,0x0000,0xc600,0x1800,0x0000,
0x0840,0x0000,0x0001,0x2c00,0x1800,0x0000,0x0600,0x0000,0x0000,0xf000,0x1800,0x0000,0x0300,0x0000,0x0000,0x0000,
0x1800,0x0000,0x0100,0x0000,0x0000,0x0000,0x0000,0x0000,0x011c,0x6386,0x1e0e,0xe1c1,0xe0f0,0x0000,0x0124,0x9286,
0x3119,0x2143,0x1198,0x0000,0x011c,0x7386,0x2098,0x21c2,0x0908,0x0000,0x0104,0x6086,0x6e9b,0x2046,0xe808,0x0000,
0x0104,0x6086,0x7a9c,0xa846,0xa808,0x0000,0x0104,0xa086,0x6e9b,0xa447,0xe808,0x0000,0x0105,0x21e6,0x6c99,0x2247,
0x0808,0x0000,0x01c5,0x22b6,0x789a,0x2147,0x0808,0x0000,0x0146,0x228e,0x709c,0x20c6,0x0808,0x0000,0x01c4,0x2186,
0x6098,0x2046,0x0808,0x0000,0x0000,0x0000,0x0000,0x0000,0x0000,0x0000,0x0000,0x0000,0x0000,0x0000,0x0000,0x0000,
0x0000,0x0000,0x0000,0x0000,0x0000,0x0000,0x0000,0x0000,0x0000,0x0000,0x0000,0x0000,0x0000,0x0000,0x0000,0x0000,
0x0000,0x0000,0x0000,0x0000,0x0000,0x0000,0x0000,0x0000,0x0000,0x0000,0x0000,0x0000,0x0000,0x0000,0x0000,0x0000,
0x0000,0x0000,0x0000,0x0000,0x0000,0x0000,0x0000,0x0000,0x0000,0x0000,0x0000,0x0000,0x0000,0x0000,0x0000,0x0000,
0x0000,0x0000,0x0000,0x0000,0x0000,0x0000,0x0000,0x0000,0x0000,0x0000,0x0000,0x0000,0x0000,0x0000,0x0000,0x0000,
0x0000,0x0000,0x0000,0x0000,0x0000,0x0000,0x0000,0x0000,0x0000,0x0000,0x0000,0x0000,0x0000,0x0000,0x0000,0x0000,
0x0000,0x0000,0x0000,0x0000
};

//52：基准模式 ???????????
unsigned short const Thai_Font17_Pic_52[] = { 
116,38,
0x0000,0x0000,0x0000,0x0000,0x0000,0x0000,0x0000,0x0000,0x0000,0x0000,0x0000,0x0000,0x0000,0x0000,0x0000,0x0000,
0x0000,0x0000,0x0000,0x0000,0x0000,0x0000,0x0000,0x0000,0x0000,0x0000,0x0000,0x0000,0x0000,0x0000,0x0000,0x0000,
0x0000,0x0000,0x0000,0x0000,0x0000,0x0000,0x0000,0x0000,0x0000,0x0000,0x0000,0x0000,0x0000,0x0000,0x0000,0x0000,
0x0780,0x0000,0x0000,0x0000,0x0000,0x0000,0x0000,0x0000,0x0cc0,0x0000,0x0000,0x0000,0x0000,0x0000,0x0000,0x0000,
0x0840,0x0000,0x0000,0x0000,0x0000,0x0000,0x0000,0x0000,0x0600,0x0000,0x0000,0x0000,0x0000,0x0000,0x0000,0x0000,
0x0300,0x0000,0x0000,0x0000,0x0000,0x0000,0x0000,0x0000,0x0100,0x0000,0x0000,0x0000,0x0000,0x0080,0x0000,0x0000,
0x011c,0x6386,0x1e1c,0x31e0,0xee3c,0x1e8f,0x0e10,0x0000,0x0124,0x9286,0x3114,0x3331,0x9266,0x2319,0x9210,0x0000,
0x011c,0x7386,0x209c,0x3211,0x8242,0x6010,0x8e10,0x0000,0x0104,0x6086,0x6e84,0x3011,0xb27a,0x7e00,0x8210,0x0000,
0x0104,0x6086,0x7a84,0x3011,0xca08,0x0100,0x8210,0x0000,0x0104,0xa086,0x6e84,0x3011,0xba08,0x3900,0x8210,0x0000,
0x0105,0x21e6,0x6c8f,0x3011,0x9208,0x2d00,0x8278,0x0000,0x01c5,0x22b6,0x7895,0xb011,0xa238,0x3f00,0x82e8,0x0000,
0x0146,0x228e,0x7094,0x7011,0xc228,0x0600,0x8328,0x0000,0x01c4,0x2186,0x608c,0x3011,0x8238,0x0200,0x8238,0x0000,
0x0000,0x0000,0x0000,0x0000,0x0000,0x0000,0x0000,0x0000,0x0000,0x0000,0x0000,0x0000,0x0000,0x2700,0x0000,0x0000,
0x0000,0x0000,0x0000,0x0000,0x0000,0x2500,0x0000,0x0000,0x0000,0x0000,0x0000,0x0000,0x0000,0x2700,0x0000,0x0000,
0x0000,0x0000,0x0000,0x0000,0x0000,0xe100,0x0000,0x0000,0x0000,0x0000,0x0000,0x0000,0x0000,0xb500,0x0000,0x0000,
0x0000,0x0000,0x0000,0x0000,0x0000,0xea00,0x0000,0x0000,0x0000,0x0000,0x0000,0x0000,0x0000,0x0000,0x0000,0x0000,
0x0000,0x0000,0x0000,0x0000,0x0000,0x0000,0x0000,0x0000,0x0000,0x0000,0x0000,0x0000,0x0000,0x0000,0x0000,0x0000,
0x0000,0x0000,0x0000,0x0000,0x0000,0x0000,0x0000,0x0000,0x0000,0x0000,0x0000,0x0000,0x0000,0x0000,0x0000,0x0000,
0x0000,0x0000,0x0000,0x0000,0x0000,0x0000,0x0000,0x0000,0x0000,0x0000,0x0000,0x0000,0x0000,0x0000,0x0000,0x0000,
0x0000,0x0000,0x0000,0x0000,0x0000,0x0000,0x0000,0x0000,0x0000,0x0000,0x0000,0x0000,0x0000,0x0000,0x0000,0x0000,

};

//53：请输入6位密码 687610  ?????????????6????
unsigned short const Thai_Font17_Pic_53[] = { 
154,38,
0x0000,0x0000,0x0000,0x0000,0x0000,0x0000,0x0000,0x0000,0x0000,0x0000,0x0000,0x0000,0x0000,0x0000,0x0000,0x0000,
0x0000,0x0000,0x0000,0x0000,0x0000,0x0000,0x0000,0x0000,0x0000,0x0000,0x0000,0x0000,0x0000,0x0000,0x0000,0x0000,
0x0000,0x0000,0x0000,0x0000,0x0000,0x0000,0x0000,0x0000,0x0000,0x0000,0x0000,0x0000,0x0000,0x0000,0x0000,0x0000,
0x0000,0x0000,0x0000,0x0000,0x0000,0x0000,0x0000,0x0000,0x0000,0x0000,0x0000,0x0000,0x0000,0x0000,0x0000,0x1c00,
0x0000,0x0000,0x0000,0x0000,0x0000,0x0000,0x0000,0x0000,0x0000,0x1580,0x0000,0x000c,0x6000,0x0000,0x0630,0x0000,
0x0000,0x0000,0x0000,0x1d80,0x0000,0x0012,0xc000,0x0000,0x0960,0x0000,0x0000,0x0000,0x0000,0x0b00,0x0000,0x000f,
0x0000,0x0000,0x0780,0x0000,0x0000,0x0000,0x0000,0x1d00,0x0000,0x0000,0x0000,0x0000,0x0000,0x0000,0x0000,0x0000,
0x0000,0x0100,0x0000,0x0000,0x0080,0x0000,0x0000,0x0000,0x03e0,0xf0f8,0x11e1,0xc10f,0x0e10,0xf1c6,0x0f03,0xc718,
0x3c1f,0x0000,0x0611,0x9984,0x1332,0x4131,0x9211,0x9a49,0x3184,0x4924,0xc630,0x8000,0x0319,0x08c6,0x1211,0xc120,
0x8e11,0x09c7,0x2244,0x071c,0x9318,0xc000,0x0219,0xe882,0x1010,0x412e,0xc211,0xe846,0x2648,0x0118,0xb910,0xc000,
0x0218,0x2082,0x1010,0x413a,0xc210,0x2046,0x0b4b,0xc118,0x2510,0xc000,0x0218,0x2082,0x1010,0x411e,0xc210,0x204a,
0x194c,0x6128,0x4510,0xc000,0x0218,0x2082,0x7010,0x4118,0xc278,0x2052,0x10c8,0x2148,0x4310,0xc000,0x0218,0xe0e2,
0xc810,0x4118,0xc2e8,0xe052,0x1ccc,0x2148,0x7310,0xc000,0x0218,0xa0a3,0x4810,0x4118,0xc328,0xa062,0x14c4,0x6188,
0x5310,0xc000,0x0218,0xe0e2,0x7010,0xff1f,0xc238,0xe042,0x1c43,0xc108,0x7110,0xc000,0x0000,0x0000,0x0000,0x0000,
0x0000,0x0000,0x0000,0x0000,0x0000,0x0000,0x0000,0x6000,0x0000,0x0000,0x0000,0x0000,0x0000,0x0000,0x0000,0x0000,
0x0000,0x9000,0x0000,0x0000,0x0000,0x0000,0x0000,0x0000,0x0000,0x0000,0x0000,0x7000,0x0000,0x0000,0x0000,0x0000,
0x0000,0x0000,0x0000,0x0000,0x0000,0x1000,0x0000,0x0000,0x0000,0x0000,0x0000,0x0000,0x0000,0x0000,0x0000,0x1000,
0x0000,0x0000,0x0000,0x0000,0x0000,0x0000,0x0000,0x0000,0x0000,0x0000,0x0000,0x0000,0x0000,0x0000,0x0000,0x0000,
0x0000,0x0000,0x0000,0x0000,0x0000,0x0000,0x0000,0x0000,0x0000,0x0000,0x0000,0x0000,0x0000,0x0000,0x0000,0x0000,
0x0000,0x0000,0x0000,0x0000,0x0000,0x0000,0x0000,0x0000,0x0000,0x0000,0x0000,0x0000,0x0000,0x0000,0x0000,0x0000,
0x0000,0x0000,0x0000,0x0000,0x0000,0x0000,0x0000,0x0000,0x0000,0x0000,0x0000,0x0000,0x0000,0x0000,0x0000,0x0000,
0x0000,0x0000,0x0000,0x0000,0x0000,0x0000,0x0000,0x0000,0x0000,0x0000,0x0000,0x0000,0x0000,0x0000,0x0000,0x0000,
0x0000,0x0000,0x0000,0x0000,0x0000,0x0000,0x0000,0x0000,0x0000,0x0000,0x0000,0x0000,0x0000,0x0000,0x0000,0x0000,
0x0000,0x0000,0x0000,0x0000,0x0000,0x0000,0x0000,0x0000,0x0000,0x0000,0x0000,0x0000
};

//54：请输入密码 ?????????????
unsigned short const Thai_Font17_Pic_54[] = { 
113,38,
0x0000,0x0000,0x0000,0x0000,0x0000,0x0000,0x0000,0x0000,0x0000,0x0000,0x0000,0x0000,0x0000,0x0000,0x0000,0x0000,
0x0000,0x0000,0x0000,0x0000,0x0000,0x0000,0x0000,0x0000,0x0000,0x0000,0x0000,0x0000,0x0000,0x0000,0x0000,0x0000,
0x0000,0x0000,0x0000,0x0000,0x0000,0x0000,0x0000,0x0000,0x0000,0x0000,0x0000,0x0000,0x0000,0x0000,0x0000,0x0000,
0x0000,0x0000,0x0000,0x1c00,0x0000,0x0000,0x0000,0x0000,0x0000,0x0000,0x0000,0x1580,0x0000,0x000c,0x6000,0x0000,
0x0000,0x0000,0x0000,0x1d80,0x0000,0x0012,0xc000,0x0000,0x0000,0x0000,0x0000,0x0b00,0x0000,0x000f,0x0000,0x0000,
0x0000,0x0000,0x0000,0x1d00,0x0000,0x0000,0x0000,0x0000,0x0000,0x0000,0x0000,0x0100,0x0000,0x0000,0x0080,0x0000,
0x03e0,0xf0f8,0x11e1,0xc10f,0x0e10,0xf1c6,0x0f00,0x0000,0x0611,0x9984,0x1332,0x4131,0x9211,0x9a49,0x3180,0x0000,
0x0319,0x08c6,0x1211,0xc120,0x8e11,0x09c7,0x2240,0x0000,0x0219,0xe882,0x1010,0x412e,0xc211,0xe846,0x2640,0x0000,
0x0218,0x2082,0x1010,0x413a,0xc210,0x2046,0x0b40,0x0000,0x0218,0x2082,0x1010,0x411e,0xc210,0x204a,0x1940,0x0000,
0x0218,0x2082,0x7010,0x4118,0xc278,0x2052,0x10c0,0x0000,0x0218,0xe0e2,0xc810,0x4118,0xc2e8,0xe052,0x1cc0,0x0000,
0x0218,0xa0a3,0x4810,0x4118,0xc328,0xa062,0x14c0,0x0000,0x0218,0xe0e2,0x7010,0xff1f,0xc238,0xe042,0x1c40,0x0000,
0x0000,0x0000,0x0000,0x0000,0x0000,0x0000,0x0000,0x0000,0x0000,0x6000,0x0000,0x0000,0x0000,0x0000,0x0000,0x0000,
0x0000,0x9000,0x0000,0x0000,0x0000,0x0000,0x0000,0x0000,0x0000,0x7000,0x0000,0x0000,0x0000,0x0000,0x0000,0x0000,
0x0000,0x1000,0x0000,0x0000,0x0000,0x0000,0x0000,0x0000,0x0000,0x1000,0x0000,0x0000,0x0000,0x0000,0x0000,0x0000,
0x0000,0x0000,0x0000,0x0000,0x0000,0x0000,0x0000,0x0000,0x0000,0x0000,0x0000,0x0000,0x0000,0x0000,0x0000,0x0000,
0x0000,0x0000,0x0000,0x0000,0x0000,0x0000,0x0000,0x0000,0x0000,0x0000,0x0000,0x0000,0x0000,0x0000,0x0000,0x0000,
0x0000,0x0000,0x0000,0x0000,0x0000,0x0000,0x0000,0x0000,0x0000,0x0000,0x0000,0x0000,0x0000,0x0000,0x0000,0x0000,
0x0000,0x0000,0x0000,0x0000,0x0000,0x0000,0x0000,0x0000,0x0000,0x0000,0x0000,0x0000,0x0000,0x0000,0x0000,0x0000,
0x0000,0x0000,0x0000,0x0000,0x0000,0x0000,0x0000,0x0000,0x0000,0x0000,0x0000,0x0000,0x0000,0x0000,0x0000,0x0000,

};

//55：年 ??
unsigned short const Thai_Font17_Pic_55[] = { 
20,38,
0x0000,0x0000,0x0000,0x0000,0x0000,0x0000,0x0000,0x0000,0x0000,0x0000,0x0008,0x0000,0x03e8,0x0000,0x043c,0x0000,
0x07fc,0x0000,0x001c,0x0000,0x0004,0x0000,0x0004,0x0000,0x0704,0x0000,0x0904,0x0000,0x0704,0x0000,0x0104,0x0000,
0x0104,0x0000,0x0104,0x0000,0x0104,0x0000,0x0104,0x0000,0x0104,0x0000,0x03fc,0x0000,0x0000,0x0000,0x0000,0x0000,
0x0000,0x0000,0x0000,0x0000,0x0000,0x0000,0x0000,0x0000,0x0000,0x0000,0x0000,0x0000,0x0000,0x0000,0x0000,0x0000,
0x0000,0x0000,0x0000,0x0000,0x0000,0x0000,0x0000,0x0000,0x0000,0x0000,0x0000,0x0000
};

//56：月 ?????
unsigned short const Thai_Font17_Pic_56[] = { 
46,38,
0x0000,0x0000,0x0000,0x0000,0x0000,0x0000,0x0000,0x0000,0x0000,0x0000,0x0000,0x0000,0x0000,0x0000,0x0000,0x0001,
0x4000,0x0000,0x001f,0x4000,0x0000,0x0021,0x8000,0x0000,0x003f,0xc000,0x0000,0x0000,0xc000,0x0000,0x0000,0x0000,
0x0000,0x0000,0x0000,0x0000,0x020f,0x03c3,0x8400,0x0218,0x8c64,0x8400,0x0210,0x4823,0x8400,0x0237,0x4bb0,0x8400,
0x023d,0x4eb0,0x8400,0x0237,0x47b0,0x8400,0x0236,0x4630,0x9e00,0x03bc,0x4630,0xba00,0x02b8,0x4630,0xca00,0x03b0,
0x47f0,0x8e00,0x0000,0x0000,0x0000,0x0000,0x0000,0x0000,0x0000,0x0000,0x0000,0x0000,0x0000,0x0000,0x0000,0x0000,
0x0000,0x0000,0x0000,0x0000,0x0000,0x0000,0x0000,0x0000,0x0000,0x0000,0x0000,0x0000,0x0000,0x0000,0x0000,0x0000,
0x0000,0x0000,0x0000,0x0000,0x0000,0x0000,0x0000,0x0000,0x0000,0x0000,0x0000,0x0000,0x0000,0x0000,0x0000,0x0000,
0x0000,0x0000
};

//57：日 ???
unsigned short const Thai_Font17_Pic_57[] = { 
28,38,
0x0000,0x0000,0x0000,0x0000,0x0000,0x0000,0x0000,0x0000,0x0000,0x0000,0x0000,0x0000,0x0000,0x0000,0x00c6,0x0000,
0x012c,0x0000,0x00f0,0x0000,0x0000,0x0000,0x0000,0x0000,0x03c3,0x8400,0x0664,0x8400,0x0423,0x8400,0x0420,0x8400,
0x0420,0x8400,0x0020,0x8400,0x0020,0x9e00,0x00e0,0xba00,0x00a0,0xca00,0x00e0,0x8e00,0x0000,0x0000,0x0000,0x0000,
0x0000,0x0000,0x0000,0x0000,0x0000,0x0000,0x0000,0x0000,0x0000,0x0000,0x0000,0x0000,0x0000,0x0000,0x0000,0x0000,
0x0000,0x0000,0x0000,0x0000,0x0000,0x0000,0x0000,0x0000,0x0000,0x0000,0x0000,0x0000
};

//58：小时 ???????
unsigned short const Thai_Font17_Pic_58[] = { 
53,38,
0x0000,0x0000,0x0000,0x0000,0x0060,0x0000,0x0000,0x0000,0x0060,0x0000,0x0000,0x0000,0x0060,0x0000,0x0000,0x0000,
0x0000,0x0000,0x0000,0x0000,0x0000,0x0000,0x0000,0x0000,0x0000,0x00f0,0x0000,0x0000,0x0063,0x0198,0x0000,0x0000,
0x0096,0x0108,0x0000,0x0000,0x0078,0x00c0,0x0000,0x0000,0x0000,0x0060,0x0000,0x0000,0x0000,0x0020,0x0000,0x0000,
0x0790,0xf023,0x861c,0x0000,0x0e61,0x9822,0x8614,0x0000,0x0951,0x0823,0x861c,0x0000,0x0691,0x0820,0x8604,0x0000,
0x0091,0x0820,0x8684,0x0000,0x0090,0x0820,0x8644,0x0000,0x0090,0x0821,0xe624,0x0000,0x0090,0x383a,0xb614,0x0000,
0x0090,0x282a,0x8e0c,0x0000,0x01f0,0x3839,0x8604,0x0000,0x0000,0x0000,0x0000,0x0000,0x0000,0x0000,0x0000,0x0000,
0x0000,0x0000,0x0000,0x0000,0x0000,0x0000,0x0000,0x0000,0x0000,0x0000,0x0000,0x0000,0x0000,0x0000,0x0000,0x0000,
0x0000,0x0000,0x0000,0x0000,0x0000,0x0000,0x0000,0x0000,0x0000,0x0000,0x0000,0x0000,0x0000,0x0000,0x0000,0x0000,
0x0000,0x0000,0x0000,0x0000,0x0000,0x0000,0x0000,0x0000,0x0000,0x0000,0x0000,0x0000,0x0000,0x0000,0x0000,0x0000,
0x0000,0x0000,0x0000,0x0000,0x0000,0x0000,0x0000,0x0000
};

//59：分钟 ????
unsigned short const Thai_Font17_Pic_59[] = { 
39,38,
0x0000,0x0000,0x0000,0x0000,0x0000,0x0000,0x0000,0x0000,0x0000,0x0000,0x0000,0x0000,0x0000,0x0000,0x0000,0x0000,
0x0000,0x8000,0x0000,0x003e,0x8000,0x0000,0x0043,0x0000,0x0000,0x007f,0x8000,0x0000,0x0001,0x8000,0x0000,0x0000,
0x0000,0x0000,0x0000,0x0000,0x0708,0x7873,0x8000,0x0908,0xcc92,0x8000,0x0708,0x8476,0x8000,0x0108,0x0414,0x8000,
0x0108,0x0414,0x8000,0x0108,0x0418,0x8000,0x013c,0x0418,0x8000,0x0174,0x0418,0x8000,0x0194,0x0410,0x8000,0x011c,
0x0410,0x8000,0x0000,0x0000,0x0000,0x0000,0x0000,0x0000,0x0000,0x0000,0x0000,0x0000,0x0000,0x0000,0x0000,0x0000,
0x0000,0x0000,0x0000,0x0000,0x0000,0x0000,0x0000,0x0000,0x0000,0x0000,0x0000,0x0000,0x0000,0x0000,0x0000,0x0000,
0x0000,0x0000,0x0000,0x0000,0x0000,0x0000,0x0000,0x0000,0x0000,0x0000,0x0000,0x0000,0x0000,0x0000,0x0000,0x0000,
0x0000,0x0000
};

//60：时间模式 ????????
unsigned short const Thai_Font17_Pic_60[] = { 
81,38,
0x0000,0x0000,0x0000,0x0000,0x0000,0x0000,0x0000,0x0000,0x0000,0x0000,0x0000,0x0000,0x0000,0x0000,0x0000,0x0000,
0x0000,0x0000,0x0000,0x0000,0x0000,0x0000,0x0000,0x0000,0x0000,0x0000,0x0000,0x0000,0x0000,0x0000,0x0000,0x0000,
0x0000,0x0000,0x0000,0x0000,0x0780,0x0000,0x0000,0x0000,0x0000,0x0000,0x0cc0,0x0000,0x0000,0x0000,0x0000,0x0000,
0x0840,0x0000,0x0000,0x0000,0x0000,0x0000,0x0600,0x0000,0x0000,0x0000,0x0000,0x0000,0x0300,0x0000,0x0000,0x0000,
0x0000,0x0000,0x0100,0x0000,0x0000,0x0000,0x0000,0x0000,0x011c,0x6386,0x1e08,0x781e,0x0f00,0x0000,0x0124,0x9286,
0x3108,0xcc63,0x1980,0x0000,0x011c,0x7386,0x2088,0x8449,0x9080,0x0000,0x0104,0x6086,0x6e88,0x845c,0x8080,0x0000,
0x0104,0x6086,0x7a88,0x8412,0x8080,0x0000,0x0104,0xa086,0x6e88,0x0422,0x8080,0x0000,0x0105,0x21e6,0x6c88,0x0421,
0x8080,0x0000,0x01c5,0x22b6,0x788e,0x1c39,0x8080,0x0000,0x0146,0x228e,0x708a,0x1429,0x8080,0x0000,0x01c4,0x2186,
0x608e,0x1c38,0x8080,0x0000,0x0000,0x0000,0x0000,0x0000,0x0000,0x0000,0x0000,0x0000,0x0000,0x0000,0x0000,0x0000,
0x0000,0x0000,0x0000,0x0000,0x0000,0x0000,0x0000,0x0000,0x0000,0x0000,0x0000,0x0000,0x0000,0x0000,0x0000,0x0000,
0x0000,0x0000,0x0000,0x0000,0x0000,0x0000,0x0000,0x0000,0x0000,0x0000,0x0000,0x0000,0x0000,0x0000,0x0000,0x0000,
0x0000,0x0000,0x0000,0x0000,0x0000,0x0000,0x0000,0x0000,0x0000,0x0000,0x0000,0x0000,0x0000,0x0000,0x0000,0x0000,
0x0000,0x0000,0x0000,0x0000,0x0000,0x0000,0x0000,0x0000,0x0000,0x0000,0x0000,0x0000,0x0000,0x0000,0x0000,0x0000,
0x0000,0x0000,0x0000,0x0000,0x0000,0x0000,0x0000,0x0000,0x0000,0x0000,0x0000,0x0000,0x0000,0x0000,0x0000,0x0000,
0x0000,0x0000,0x0000,0x0000
};

//61：脉冲当量模式 ?????????
unsigned short const Thai_Font17_Pic_61[] = { 
87,38,
0x0000,0x0000,0x0000,0x0000,0x0000,0x0000,0x0000,0x0000,0x0000,0x0000,0x0000,0x0000,0x0000,0x0000,0x0000,0x0000,
0x0000,0x0000,0x0000,0x0000,0x0000,0x0000,0x0000,0x0000,0x0000,0x0000,0x0000,0x0000,0x0000,0x0000,0x0000,0x0000,
0x0000,0x0000,0x0000,0x0000,0x0780,0x0000,0x001f,0x0000,0x0000,0x0000,0x0cc0,0x0000,0x0021,0x8000,0x0000,0x0000,
0x0840,0x0000,0x003f,0x8000,0x0000,0x0000,0x0600,0x0000,0x0000,0xc000,0x0000,0x0000,0x0300,0x0000,0x0000,0x0000,
0x0000,0x0000,0x0100,0x0000,0x0000,0x0000,0x0000,0x0000,0x011c,0x6386,0x1e1e,0x4724,0x3c0f,0x0000,0x0124,0x9286,
0x3139,0x8954,0x6319,0x8000,0x011c,0x7386,0x20a5,0x4754,0x4110,0x8000,0x0104,0x6086,0x6e9a,0x4154,0x5d1e,0x8000,
0x0104,0x6086,0x7a82,0x41dc,0x5502,0x0000,0x0104,0xa086,0x6e82,0x418c,0x1f02,0x0000,0x0105,0x21e6,0x6c82,0x418c,
0x0302,0x0000,0x01c5,0x22b6,0x7882,0x418c,0x030e,0x0000,0x0146,0x228e,0x7082,0x4104,0x010a,0x0000,0x01c4,0x2186,
0x6087,0xc104,0x010e,0x0000,0x0000,0x0000,0x0000,0x0000,0x0000,0x0000,0x0000,0x0000,0x0000,0x0000,0x0000,0x0000,
0x0000,0x0000,0x0000,0x0000,0x0000,0x0000,0x0000,0x0000,0x0000,0x0000,0x0000,0x0000,0x0000,0x0000,0x0000,0x0000,
0x0000,0x0000,0x0000,0x0000,0x0000,0x0000,0x0000,0x0000,0x0000,0x0000,0x0000,0x0000,0x0000,0x0000,0x0000,0x0000,
0x0000,0x0000,0x0000,0x0000,0x0000,0x0000,0x0000,0x0000,0x0000,0x0000,0x0000,0x0000,0x0000,0x0000,0x0000,0x0000,
0x0000,0x0000,0x0000,0x0000,0x0000,0x0000,0x0000,0x0000,0x0000,0x0000,0x0000,0x0000,0x0000,0x0000,0x0000,0x0000,
0x0000,0x0000,0x0000,0x0000,0x0000,0x0000,0x0000,0x0000,0x0000,0x0000,0x0000,0x0000,0x0000,0x0000,0x0000,0x0000,
0x0000,0x0000,0x0000,0x0000
};

//62：请输入脉冲当量 ?????????????????
unsigned short const Thai_Font17_Pic_62[] = { 
143,38,
0x0000,0x0000,0x0000,0x0000,0x0000,0x0000,0x0000,0x0000,0x0000,0x0000,0x0000,0x0000,0x0000,0x0000,0x0000,0x0000,
0x0000,0x0000,0x0000,0x0000,0x0000,0x0000,0x0000,0x0000,0x0000,0x0000,0x0000,0x0000,0x0000,0x0000,0x0000,0x0000,
0x0000,0x0000,0x0000,0x0000,0x0000,0x0000,0x0000,0x0000,0x0000,0x0000,0x0000,0x0000,0x0000,0x0000,0x0000,0x0000,
0x0000,0x0000,0x0000,0x0080,0x0000,0x0000,0x0000,0x0000,0x0000,0x1c00,0x0000,0x0000,0x3e80,0x0000,0x0000,0x0000,
0x0000,0x0000,0x1580,0x0000,0x0600,0x4300,0x0000,0x0000,0x0000,0x0000,0x0000,0x1d80,0x0000,0x0600,0x7f80,0x0000,
0x0000,0x0000,0x0000,0x0000,0x0b00,0x0000,0x0600,0x0180,0x0000,0x0000,0x0000,0x0000,0x0000,0x1d00,0x0000,0x0600,
0x0000,0x0000,0x0000,0x0000,0x0000,0x0000,0x0100,0x0000,0x0000,0x0000,0x0000,0x0000,0x03e0,0xf0f8,0x11e1,0xc10f,
0x0e10,0x783c,0x3c8e,0x4878,0x1e00,0x0611,0x9984,0x1332,0x4131,0x9210,0xc466,0x7312,0xa8c6,0x3300,0x0319,0x08c6,
0x1211,0xc120,0x8e10,0x8242,0x4a8e,0xa882,0x2100,0x0219,0xe882,0x1010,0x412e,0xc211,0xba02,0x3482,0xa8ba,0x3d00,
0x0218,0x2082,0x1010,0x413a,0xc211,0xaa02,0x0483,0xb8aa,0x0400,0x0218,0x2082,0x1010,0x411e,0xc211,0xfa02,0x0483,
0x183e,0x0400,0x0218,0x2082,0x7010,0x4118,0xc279,0xc202,0x0483,0x1806,0x0400,0x0218,0xe0e2,0xc810,0x4118,0xc2e9,
0xc202,0x0483,0x1806,0x1c00,0x0218,0xa0a3,0x4810,0x4118,0xc329,0x8202,0x0482,0x0802,0x1400,0x0218,0xe0e2,0x7010,
0xff1f,0xc239,0x8202,0x0f82,0x0802,0x1c00,0x0000,0x0000,0x0000,0x0000,0x0000,0x0000,0x0000,0x0000,0x0000,0x0000,
0x6000,0x0000,0x0000,0x0000,0x0000,0x0000,0x0000,0x0000,0x0000,0x9000,0x0000,0x0000,0x0000,0x0000,0x0000,0x0000,
0x0000,0x0000,0x7000,0x0000,0x0000,0x0000,0x0000,0x0000,0x0000,0x0000,0x0000,0x1000,0x0000,0x0000,0x0000,0x0000,
0x0000,0x0000,0x0000,0x0000,0x1000,0x0000,0x0000,0x0000,0x0000,0x0000,0x0000,0x0000,0x0000,0x0000,0x0000,0x0000,
0x0000,0x0000,0x0000,0x0000,0x0000,0x0000,0x0000,0x0000,0x0000,0x0000,0x0000,0x0000,0x0000,0x0000,0x0000,0x0000,
0x0000,0x0000,0x0000,0x0000,0x0000,0x0000,0x0000,0x0000,0x0000,0x0000,0x0000,0x0000,0x0000,0x0000,0x0000,0x0000,
0x0000,0x0000,0x0000,0x0000,0x0000,0x0000,0x0000,0x0000,0x0000,0x0000,0x0000,0x0000,0x0000,0x0000,0x0000,0x0000,
0x0000,0x0000,0x0000,0x0000,0x0000,0x0000,0x0000,0x0000,0x0000,0x0000,0x0000,0x0000,0x0000,0x0000,0x0000,0x0000,
0x0000,0x0000,0x0000,0x0000,0x0000,0x0000,0x0000,0x0000,0x0000,0x0000,0x0000,0x0000,0x0000,0x0000,0x0000,0x0000,
0x0000,0x0000,0x0000,0x0000,0x0000,0x0000
};

//1：电脑自检，数据加载.，，，需要六秒，请稍等  ????????????????，  ?????????????，。。   ??????? 6 ??????  ???????。
unsigned short const Thai_Font17_Pic_63[] = { 
464,38,
0x0000,0x0000,0x0000,0x0000,0x0000,0x0000,0x0000,0x0000,0x0000,0x0000,0x0000,0x0000,0x0000,0x0000,0x0000,0x0000,
0x0000,0x0000,0x0000,0x0000,0x0000,0x0000,0x0000,0x0000,0x0000,0x0000,0x0000,0x0000,0x0000,0x0000,0x0000,0x0000,
0x0000,0x0000,0x0000,0x0000,0x0000,0x0000,0x0000,0x0000,0x0000,0x0000,0x0000,0x0000,0x0000,0x0000,0x0000,0x0000,
0x0000,0x0000,0x0000,0x0000,0x0000,0x0000,0x0000,0x0000,0x0000,0x0000,0x0000,0x0000,0x0000,0x0000,0x0000,0x0000,
0x0000,0x0000,0x0000,0x0000,0x0000,0x0000,0x0000,0x0000,0x0000,0x0000,0x0000,0x0000,0x0000,0x0000,0x0000,0x0000,
0x0000,0x0000,0x0000,0x0000,0x0000,0x0000,0x0000,0x0000,0x0000,0x0000,0x0000,0x0000,0x0000,0x0000,0x0000,0x0000,
0x0000,0x0000,0x0000,0x0000,0x0000,0x0000,0x0000,0x0000,0x0000,0x0000,0x0000,0x0000,0x0000,0x0000,0x0000,0x0000,
0x0000,0x0000,0x0000,0x0000,0x0000,0x0000,0x0000,0x0000,0x0000,0x0000,0x0000,0x0000,0x0000,0x0000,0x0000,0x0000,
0x0000,0x0000,0x0000,0x0000,0x0000,0x0000,0x0000,0x0000,0x0000,0x0000,0x0000,0x0000,0x0000,0x0000,0x0000,0x0000,
0x0000,0x0000,0x0000,0x0000,0x0000,0x0000,0x0000,0x0000,0x0000,0x0000,0x0000,0x0000,0x0000,0x0000,0x0000,0x0000,
0x0000,0x0000,0x0000,0x0000,0x0000,0x0000,0x0000,0x0000,0x0001,0x0000,0x0000,0x0000,0x0000,0x0000,0x0038,0x0000,
0x0000,0x0000,0x0000,0x0000,0x0000,0x0000,0x0000,0x0000,0x0000,0x001e,0x0000,0x0000,0x1c00,0x0000,0x0000,0x01c0,
0x7000,0x0000,0x0000,0x001e,0x0000,0x003d,0x0000,0x0000,0x0000,0x0000,0x0000,0x002c,0x0006,0x3000,0x0000,0x0000,
0x0000,0x0000,0x0000,0x0000,0x0000,0x0000,0x0033,0x0000,0x0000,0x1480,0x0000,0x0000,0x0260,0x5200,0x0000,0x0000,
0x0021,0x8000,0x0043,0x0000,0x0000,0x0e30,0x0000,0x0000,0x002c,0x0009,0x6000,0x0000,0x0000,0x0000,0x0000,0x0000,
0x0000,0x0000,0x0000,0x0021,0x0000,0x0000,0x1c80,0x0000,0x0000,0x03e0,0x7200,0x0000,0x0000,0x007f,0x8000,0x00ff,
0x0000,0x0000,0x0a40,0x0000,0x0000,0x0038,0x0007,0x8000,0x0000,0x0000,0x0000,0x0000,0x0000,0x0000,0x0000,0x0000,
0x0018,0x0000,0x0000,0x0b00,0x0000,0x0000,0x02a0,0x2c00,0x0000,0x0000,0x0001,0x8000,0x0003,0x0000,0x0000,0x0780,
0x0000,0x0000,0x0000,0x0000,0x0000,0x0000,0x0000,0x0000,0x0000,0x0000,0x0000,0x0000,0x0000,0x000c,0x0000,0x0000,
0x1c00,0x0000,0x0000,0x03a0,0x7000,0x0000,0x0000,0x0000,0x0000,0x0000,0x0000,0x0000,0x0000,0x0000,0x0000,0x0000,
0x0000,0x0000,0x0000,0x0000,0x0400,0x0000,0x0000,0x0000,0x0000,0x0000,0x0004,0x0000,0x0000,0x0000,0x0000,0x0000,
0x0020,0x0000,0x0000,0x0000,0x0000,0x0000,0x0000,0x0000,0x0000,0x0200,0x0000,0x0000,0x03e0,0xf03c,0x0e1d,0xc787,
0x83c0,0x781e,0x1c11,0xe389,0xc138,0x2000,0x783c,0x1e04,0x7183,0xc0f0,0xf21e,0x1c30,0xf000,0x0023,0xc843,0xc1f0,
0x7800,0xf007,0x8608,0x7863,0x8001,0xe1f0,0x3c1f,0x03c1,0xe000,0x0611,0x98c6,0x0a32,0x4ccc,0xc631,0x8c63,0x2413,
0x3212,0x4148,0x2000,0xc466,0x3304,0x924c,0x6188,0xea63,0x1433,0x1800,0x0027,0x3046,0x6318,0x8c01,0x100c,0xc908,
0x8c92,0x8003,0x3318,0xca21,0x8623,0x3000,0x0319,0x0893,0x0e30,0x4848,0x4411,0x1241,0x1c12,0x11e1,0xc138,0x2000,
0x8242,0x2104,0x71c9,0x3105,0x2a41,0x1c32,0x4c00,0x0024,0xa844,0x2248,0x8402,0x0008,0x4708,0x8474,0x8002,0x1208,
0x8a18,0x8c32,0x1000,0x0218,0x08b9,0x0236,0x4f48,0x45d1,0x325d,0x8413,0xd000,0x4108,0x2001,0xba02,0x2104,0x118b,
0x9374,0xda5d,0x8432,0xe400,0x0023,0x4844,0x22ac,0x0402,0x0018,0x4108,0x0414,0x8003,0xd6c8,0x9930,0x89d3,0xd000,
0x0218,0x0825,0x4239,0x4108,0x4550,0x5a75,0x8410,0x4000,0x4108,0x2001,0xea02,0x2104,0x1182,0x53d4,0x1275,0x8430,
0x9400,0x0020,0x4844,0x209c,0x0403,0xf018,0x4108,0x0414,0x8000,0x4728,0x2930,0x8a50,0x4000,0x0218,0x0845,0x2237,
0x4100,0x41f0,0xca3d,0x8410,0x4000,0x4108,0x2001,0xba02,0x0104,0x1284,0x5374,0x123d,0x8431,0x1400,0x0020,0x4840,
0x211c,0x0403,0x1800,0x4108,0x0418,0x8000,0x41c8,0x4530,0x8bd0,0x4000,0x0218,0x0843,0x1232,0x4100,0x4030,0x8631,
0x8410,0x4000,0x4108,0x2001,0xb202,0x0104,0x1484,0x3364,0x1231,0x8f31,0x0c00,0x0020,0x4840,0x2114,0x0402,0x0800,
0x413c,0x0418,0x8000,0x4108,0x4530,0x8a10,0x4000,0x0218,0x0873,0x0a34,0x4701,0xc030,0xe631,0x8411,0xc388,0x4108,
0x2001,0xe202,0x0707,0x1487,0x33c4,0x1231,0x95b1,0xcc00,0x0038,0x4870,0xe3c8,0x0402,0x0801,0xc164,0x0418,0x8001,
0xc108,0xf330,0x8c11,0xc000,0x0218,0x0853,0x0638,0x4501,0x4010,0xa631,0x8411,0x4210,0x4108,0x2001,0xc202,0x0505,
0x1885,0x3384,0x1231,0x9471,0x4c00,0x0028,0x4850,0xa24c,0x0401,0x1001,0x41a4,0x0410,0x8001,0x4108,0x9330,0x8c11,
0x4000,0x0218,0x0871,0x0230,0x4701,0xc010,0xe23f,0x8ff1,0xc1e0,0xff1f,0xe001,0x8202,0x0707,0x1087,0x1304,0x3e3f,
0x8c31,0xc400,0x0038,0xf870,0xe1cc,0x0401,0xf001,0xc11c,0x0410,0x8001,0xc1f8,0x7330,0x8c11,0xc000,0x0000,0x0000,
0x0000,0x0000,0x0000,0x0000,0x0000,0x0000,0x0000,0x0000,0x0000,0x0000,0x0000,0x0000,0x0000,0x0000,0x0000,0x0000,
0x0000,0x0000,0x0000,0x0000,0x0000,0x0000,0x0000,0x0000,0x0000,0x0000,0x0000,0x0000,0x0000,0x0000,0x0000,0x0000,
0x0000,0x0000,0x0000,0x0000,0x0000,0x0000,0x0000,0x0000,0x0000,0x0000,0x00c8,0x0000,0x0000,0x0000,0x0000,0x0000,
0x0000,0x0000,0x0000,0x0000,0x0000,0x0000,0x0000,0x0000,0x0000,0x0000,0x0000,0x0000,0x0000,0x0000,0x0000,0x0000,
0x0000,0x0000,0x0000,0x0000,0x0000,0x0000,0x0000,0x0148,0x0000,0x0000,0x0000,0x0000,0x0000,0x0000,0x0000,0x0000,
0x0000,0x0000,0x0000,0x0000,0x0000,0x0000,0x0000,0x0000,0x0000,0x0000,0x0000,0x0000,0x0000,0x0000,0x0000,0x0000,
0x0000,0x0000,0x0000,0x0000,0x01c8,0x0000,0x0000,0x0000,0x0000,0x0000,0x0000,0x0000,0x0000,0x0000,0x0000,0x0000,
0x0000,0x0000,0x0000,0x0000,0x0000,0x0000,0x0000,0x0000,0x0000,0x0000,0x0000,0x0000,0x0000,0x0000,0x0000,0x0000,
0x0000,0x0048,0x0000,0x0000,0x0000,0x0000,0x0000,0x0000,0x0000,0x0000,0x0000,0x0000,0x0000,0x0000,0x0000,0x0000,
0x0000,0x0000,0x0000,0x0000,0x0000,0x0000,0x0000,0x0000,0x0000,0x0000,0x0000,0x0000,0x0000,0x0000,0x0078,0x0000,
0x0000,0x0000,0x0000,0x0000,0x0000,0x0000,0x0000,0x0000,0x0000,0x0000,0x0000,0x0000,0x0000,0x0000,0x0000,0x0000,
0x0000,0x0000,0x0000,0x0000,0x0000,0x0000,0x0000,0x0000,0x0000,0x0000,0x0000,0x0000,0x0000,0x0000,0x0000,0x0000,
0x0000,0x0000,0x0000,0x0000,0x0000,0x0000,0x0000,0x0000,0x0000,0x0000,0x0000,0x0000,0x0000,0x0000,0x0000,0x0000,
0x0000,0x0000,0x0000,0x0000,0x0000,0x0000,0x0000,0x0000,0x0000,0x0000,0x0000,0x0000,0x0000,0x0000,0x0000,0x0000,
0x0000,0x0000,0x0000,0x0000,0x0000,0x0000,0x0000,0x0000,0x0000,0x0000,0x0000,0x0000,0x0000,0x0000,0x0000,0x0000,
0x0000,0x0000,0x0000,0x0000,0x0000,0x0000,0x0000,0x0000,0x0000,0x0000,0x0000,0x0000,0x0000,0x0000,0x0000,0x0000,
0x0000,0x0000,0x0000,0x0000,0x0000,0x0000,0x0000,0x0000,0x0000,0x0000,0x0000,0x0000,0x0000,0x0000,0x0000,0x0000,
0x0000,0x0000,0x0000,0x0000,0x0000,0x0000,0x0000,0x0000,0x0000,0x0000,0x0000,0x0000,0x0000,0x0000,0x0000,0x0000,
0x0000,0x0000,0x0000,0x0000,0x0000,0x0000,0x0000,0x0000,0x0000,0x0000,0x0000,0x0000,0x0000,0x0000,0x0000,0x0000,
0x0000,0x0000,0x0000,0x0000,0x0000,0x0000,0x0000,0x0000,0x0000,0x0000,0x0000,0x0000,0x0000,0x0000,0x0000,0x0000,
0x0000,0x0000,0x0000,0x0000,0x0000,0x0000,0x0000,0x0000,0x0000,0x0000,0x0000,0x0000,0x0000,0x0000,0x0000,0x0000,
0x0000,0x0000,0x0000,0x0000,0x0000,0x0000,0x0000,0x0000,0x0000,0x0000,0x0000,0x0000,0x0000,0x0000,0x0000,0x0000,
0x0000,0x0000,0x0000,0x0000,0x0000,0x0000,0x0000,0x0000,0x0000,0x0000,0x0000,0x0000,0x0000,0x0000,0x0000,0x0000,
0x0000,0x0000,0x0000,0x0000,0x0000,0x0000,0x0000,0x0000,0x0000,0x0000,0x0000,0x0000,0x0000,0x0000,0x0000,0x0000,
0x0000,0x0000,0x0000,0x0000,0x0000,0x0000,0x0000,0x0000,0x0000,0x0000,0x0000,0x0000,0x0000,0x0000,0x0000,0x0000,
0x0000,0x0000,0x0000,0x0000,0x0000,0x0000,0x0000,0x0000,0x0000,0x0000,0x0000,0x0000,0x0000,0x0000,0x0000,0x0000,
0x0000,0x0000,0x0000,0x0000,0x0000,0x0000,0x0000,0x0000,0x0000,0x0000,0x0000,0x0000,0x0000,0x0000,0x0000,0x0000,
0x0000,0x0000,0x0000,0x0000,0x0000,0x0000,0x0000,0x0000,0x0000,0x0000,0x0000,0x0000,0x0000,0x0000,0x0000,0x0000,
0x0000,0x0000,0x0000,0x0000,0x0000,0x0000,0x0000,0x0000,0x0000,0x0000,0x0000,0x0000,0x0000,0x0000
};

#else
// 重新定义所有数组为空
unsigned short const Thai_Font17_Pic_1[] = { 0 };
unsigned short const Thai_Font17_Pic_2[] = { 0 };
unsigned short const Thai_Font17_Pic_3[] = { 0 };
unsigned short const Thai_Font17_Pic_4[] = { 0 };
unsigned short const Thai_Font17_Pic_5[] = { 0 };
unsigned short const Thai_Font17_Pic_6[] = { 0 };
unsigned short const Thai_Font17_Pic_7[] = { 0 };
unsigned short const Thai_Font17_Pic_8[] = { 0 };
unsigned short const Thai_Font17_Pic_9[] = { 0 };
unsigned short const Thai_Font17_Pic_10[] = { 0 };
unsigned short const Thai_Font17_Pic_11[] = { 0 };
unsigned short const Thai_Font17_Pic_12[] = { 0 };
unsigned short const Thai_Font17_Pic_13[] = { 0 };
unsigned short const Thai_Font17_Pic_14[] = { 0 };
unsigned short const Thai_Font17_Pic_15[] = { 0 };
unsigned short const Thai_Font17_Pic_16[] = { 0 };
unsigned short const Thai_Font17_Pic_17[] = { 0 };
unsigned short const Thai_Font17_Pic_18[] = { 0 };
unsigned short const Thai_Font17_Pic_19[] = { 0 };
unsigned short const Thai_Font17_Pic_20[] = { 0 };
unsigned short const Thai_Font17_Pic_21[] = { 0 };
unsigned short const Thai_Font17_Pic_22[] = { 0 };
unsigned short const Thai_Font17_Pic_23[] = { 0 };
unsigned short const Thai_Font17_Pic_24[] = { 0 };
unsigned short const Thai_Font17_Pic_25[] = { 0 };
unsigned short const Thai_Font17_Pic_26[] = { 0 };
unsigned short const Thai_Font17_Pic_27[] = { 0 };
unsigned short const Thai_Font17_Pic_28[] = { 0 };
unsigned short const Thai_Font17_Pic_29[] = { 0 };
unsigned short const Thai_Font17_Pic_30[] = { 0 };
unsigned short const Thai_Font17_Pic_31[] = { 0 };
unsigned short const Thai_Font17_Pic_32[] = { 0 };
unsigned short const Thai_Font17_Pic_33[] = { 0 };
unsigned short const Thai_Font17_Pic_34[] = { 0 };
unsigned short const Thai_Font17_Pic_35[] = { 0 };
unsigned short const Thai_Font17_Pic_36[] = { 0 };
unsigned short const Thai_Font17_Pic_37[] = { 0 };
unsigned short const Thai_Font17_Pic_38[] = { 0 };
unsigned short const Thai_Font17_Pic_39[] = { 0 };
unsigned short const Thai_Font17_Pic_40[] = { 0 };
unsigned short const Thai_Font17_Pic_41[] = { 0 };
unsigned short const Thai_Font17_Pic_42[] = { 0 };
unsigned short const Thai_Font17_Pic_43[] = { 0 };
unsigned short const Thai_Font17_Pic_44[] = { 0 };
unsigned short const Thai_Font17_Pic_45[] = { 0 };
unsigned short const Thai_Font17_Pic_46[] = { 0 };
unsigned short const Thai_Font17_Pic_47[] = { 0 };
unsigned short const Thai_Font17_Pic_48[] = { 0 };
unsigned short const Thai_Font17_Pic_49[] = { 0 };
unsigned short const Thai_Font17_Pic_50[] = { 0 };
unsigned short const Thai_Font17_Pic_51[] = { 0 };
unsigned short const Thai_Font17_Pic_52[] = { 0 };
unsigned short const Thai_Font17_Pic_53[] = { 0 };
unsigned short const Thai_Font17_Pic_54[] = { 0 };
unsigned short const Thai_Font17_Pic_55[] = { 0 };
unsigned short const Thai_Font17_Pic_56[] = { 0 };
unsigned short const Thai_Font17_Pic_57[] = { 0 };
unsigned short const Thai_Font17_Pic_58[] = { 0 };
unsigned short const Thai_Font17_Pic_59[] = { 0 };
unsigned short const Thai_Font17_Pic_60[] = { 0 };
unsigned short const Thai_Font17_Pic_61[] = { 0 };
unsigned short const Thai_Font17_Pic_62[] = { 0 };
unsigned short const Thai_Font17_Pic_63[] = { 0 };

unsigned short const Thai_Font25_Pic_1[] = { 0 };
unsigned short const Thai_Font25_Pic_2[] = { 0 };
unsigned short const Thai_Font25_Pic_3[] = { 0 };
unsigned short const Thai_Font25_Pic_4[] = { 0 };
unsigned short const Thai_Font25_Pic_5[] = { 0 };
unsigned short const Thai_Font25_Pic_6[] = { 0 };
unsigned short const Thai_Font25_Pic_7[] = { 0 };
unsigned short const Thai_Font25_Pic_8[] = { 0 };
unsigned short const Thai_Font25_Pic_9[] = { 0 };
unsigned short const Thai_Font25_Pic_10[] = { 0 };
unsigned short const Thai_Font25_Pic_11[] = { 0 };
unsigned short const Thai_Font25_Pic_12[] = { 0 };
unsigned short const Thai_Font25_Pic_13[] = { 0 };
unsigned short const Thai_Font25_Pic_14[] = { 0 };
unsigned short const Thai_Font25_Pic_15[] = { 0 };
unsigned short const Thai_Font25_Pic_16[] = { 0 };
unsigned short const Thai_Font25_Pic_17[] = { 0 };
unsigned short const Thai_Font25_Pic_18[] = { 0 };
unsigned short const Thai_Font25_Pic_19[] = { 0 };
unsigned short const Thai_Font25_Pic_20[] = { 0 };
unsigned short const Thai_Font25_Pic_21[] = { 0 };
unsigned short const Thai_Font25_Pic_22[] = { 0 };
unsigned short const Thai_Font25_Pic_23[] = { 0 };
unsigned short const Thai_Font25_Pic_24[] = { 0 };
unsigned short const Thai_Font25_Pic_25[] = { 0 };
unsigned short const Thai_Font25_Pic_26[] = { 0 };
unsigned short const Thai_Font25_Pic_27[] = { 0 };
unsigned short const Thai_Font25_Pic_28[] = { 0 };
unsigned short const Thai_Font25_Pic_29[] = { 0 };
unsigned short const Thai_Font25_Pic_30[] = { 0 };
unsigned short const Thai_Font25_Pic_31[] = { 0 };
unsigned short const Thai_Font25_Pic_32[] = { 0 };
unsigned short const Thai_Font25_Pic_33[] = { 0 };
unsigned short const Thai_Font25_Pic_34[] = { 0 };
unsigned short const Thai_Font25_Pic_35[] = { 0 };
unsigned short const Thai_Font25_Pic_36[] = { 0 };
unsigned short const Thai_Font25_Pic_37[] = { 0 };
unsigned short const Thai_Font25_Pic_38[] = { 0 };
unsigned short const Thai_Font25_Pic_39[] = { 0 };
unsigned short const Thai_Font25_Pic_40[] = { 0 };
unsigned short const Thai_Font25_Pic_41[] = { 0 };
unsigned short const Thai_Font25_Pic_42[] = { 0 };
unsigned short const Thai_Font25_Pic_43[] = { 0 };
unsigned short const Thai_Font25_Pic_44[] = { 0 };
unsigned short const Thai_Font25_Pic_45[] = { 0 };
unsigned short const Thai_Font25_Pic_46[] = { 0 };
unsigned short const Thai_Font25_Pic_47[] = { 0 };
unsigned short const Thai_Font25_Pic_48[] = { 0 };
unsigned short const Thai_Font25_Pic_49[] = { 0 };
unsigned short const Thai_Font25_Pic_50[] = { 0 };
unsigned short const Thai_Font25_Pic_51[] = { 0 };
unsigned short const Thai_Font25_Pic_52[] = { 0 };
unsigned short const Thai_Font25_Pic_53[] = { 0 };
unsigned short const Thai_Font25_Pic_54[] = { 0 };
unsigned short const Thai_Font25_Pic_55[] = { 0 };
unsigned short const Thai_Font25_Pic_56[] = { 0 };
unsigned short const Thai_Font25_Pic_57[] = { 0 };
unsigned short const Thai_Font25_Pic_58[] = { 0 };
unsigned short const Thai_Font25_Pic_59[] = { 0 };
unsigned short const Thai_Font25_Pic_60[] = { 0 };
unsigned short const Thai_Font25_Pic_61[] = { 0 };
unsigned short const Thai_Font25_Pic_62[] = { 0 };
unsigned short const Thai_Font25_Pic_63[] = { 0 };

#endif